month,pokemon,usage,raw_count,real_usage,total_battles,usage_pct
2021-01,Abomasnow,0.000186,8017.0,0.0044435970244472,1804169,0.0186
2021-01,Absol,0.0001566,12319.0,0.0068280743101117,1804169,0.01566
2021-01,Accelgor,0.0003353,24650.0,0.0136627998818292,1804169,0.033530000000000004
2021-01,Aegislash,0.0171009,129522.0,0.0717903921417561,1804169,1.7100899999999999
2021-01,Aerodactyl,0.0001871,15387.0,0.008528580193984,1804169,0.01871
2021-01,Aggron,0.0003455,18074.0,0.0100179085218735,1804169,0.03455
2021-01,Alakazam,0.0063443,70699.0,0.0391864620221276,1804169,0.6344299999999999
2021-01,Altaria,0.0002422,5567.0,0.0030856311132715,1804169,0.024220000000000002
2021-01,Amoonguss,0.0138164,46439.0,0.0257398281424855,1804169,1.38164
2021-01,Araquanid,0.0008741,27583.0,0.0152884790726367,1804169,0.08741
2021-01,Arcanine,0.0005137,29002.0,0.0160749907575177,1804169,0.05137
2021-01,Archeops,0.0003435,8189.0,0.0045389317741298,1804169,0.03435
2021-01,Arctovish,0.000692,11792.0,0.0065359730712588,1804169,0.0692
2021-01,Arctozolt,0.0048757,38938.0,0.0215822353670858,1804169,0.48757
2021-01,Articuno,0.000161,9252.0,0.0051281226980399,1804169,0.0161
2021-01,Articuno-Galar,0.0005388,12549.0,0.0069555568242221,1804169,0.05388
2021-01,Audino,0.001239,6155.0,0.0034115429319537,1804169,0.12390000000000001
2021-01,Aurorus,0.0005778,9327.0,0.0051696930830759,1804169,0.05778
2021-01,Avalugg,0.0001828,8083.0,0.0044801789632789,1804169,0.01828
2021-01,Azelf,0.0024011,26037.0,0.0144315748690948,1804169,0.24011000000000002
2021-01,Azumarill,0.021474,107723.0,0.059707821163095,1804169,2.1474
2021-01,Barraskewda,0.0301263,222993.0,0.1235987316044117,1804169,3.01263
2021-01,Beartic,0.0001056,3882.0,0.0021516831294629,1804169,0.01056
2021-01,Bewear,0.00077,10691.0,0.0059257198189304,1804169,0.077
2021-01,Bisharp,0.015543,87307.0,0.0483918080844976,1804169,1.5543
2021-01,Blacephalon,0.008215,92965.0,0.0515278779316128,1804169,0.8215
2021-01,Blastoise,0.0006124,30832.0,0.0170893081523959,1804169,0.06124
2021-01,Blaziken,0.0273582,171560.0,0.0950908700903296,1804169,2.73582
2021-01,Blissey,0.1666787,307168.0,0.1702545604098064,1804169,16.66787
2021-01,Braviary,0.0002174,6567.0,0.0036399029137514,1804169,0.02174
2021-01,Bronzong,0.0004706,11078.0,0.0061402230057162,1804169,0.04706
2021-01,Buzzwole,0.0314283,222949.0,0.1235743436451906,1804169,3.14283
2021-01,Celebi,0.0001875,6929.0,0.0038405493055251,1804169,0.01875
2021-01,Celesteela,0.0192891,67420.0,0.037369004788354,1804169,1.92891
2021-01,Centiskorch,0.0003054,10659.0,0.0059079831213151,1804169,0.03054
2021-01,Chandelure,0.0005551,38302.0,0.0212297185019806,1804169,0.05551
2021-01,Chansey,0.0157945,64575.0,0.0357921015159888,1804169,1.57945
2021-01,Charizard,0.000401,51789.0,0.0287051822750529,1804169,0.0401
2021-01,Cinccino,0.0001688,12032.0,0.006668998303374,1804169,0.016880000000000003
2021-01,Cinderace,0.2253238,805259.0,0.4463323557826345,1804169,22.53238
2021-01,Clawitzer,0.0002744,7140.0,0.0039575006554264,1804169,0.02744
2021-01,Clefable,0.2113526,462496.0,0.2563484906347465,1804169,21.13526
2021-01,Cloyster,0.0040457,61868.0,0.0342916877520897,1804169,0.40457000000000004
2021-01,Cobalion,0.0003178,6207.0,0.0034403650655786,1804169,0.03178
2021-01,Cofagrigus,0.0001496,8696.0,0.0048199475769731,1804169,0.014960000000000001
2021-01,Comfey,0.0007743,15591.0,0.0086416516412819,1804169,0.07743
2021-01,Conkeldurr,0.0032455,64252.0,0.0356130717244338,1804169,0.32455
2021-01,Corsola-Galar,0.0002768,27823.0,0.0154215043047519,1804169,0.02768
2021-01,Corviknight,0.148229,362940.0,0.2011674072661707,1804169,14.8229
2021-01,Cradily,0.0001786,10962.0,0.0060759274768605,1804169,0.01786
2021-01,Crawdaunt,0.0356052,107283.0,0.0594639415708838,1804169,3.5605199999999995
2021-01,Cresselia,0.0036105,24368.0,0.0135064952340939,1804169,0.36105
2021-01,Crobat,0.0001744,20466.0,0.0113437266686213,1804169,0.01744
2021-01,Darmanitan,0.0015158,36957.0,0.0204842229303352,1804169,0.15158000000000002
2021-01,Decidueye,0.0001525,9758.0,0.0054085842290827,1804169,0.01525
2021-01,Dhelmise,0.0002,11380.0,0.0063076130894611,1804169,0.02
2021-01,Diancie,0.0005405,11950.0,0.0066235480157346,1804169,0.054049999999999994
2021-01,Diggersby,0.0113316,42234.0,0.0234091152214676,1804169,1.1331600000000002
2021-01,Ditto,0.0255082,63039.0,0.0349407400304516,1804169,2.5508200000000003
2021-01,Dracozolt,0.0196798,100895.0,0.0559232533094183,1804169,1.96798
2021-01,Dragalge,0.0010255,9546.0,0.005291078607381,1804169,0.10254999999999999
2021-01,Dragapult,0.104945,486260.0,0.2695202057013506,1804169,10.4945
2021-01,Dragonite,0.0483433,296057.0,0.1640960464346743,1804169,4.83433
2021-01,Drampa,0.0039601,4756.0,0.0026361166830823,1804169,0.39601000000000003
2021-01,Drapion,0.0002787,15746.0,0.0087275637703563,1804169,0.02787
2021-01,Druddigon,0.0005873,13415.0,0.0074355562034377,1804169,0.058730000000000004
2021-01,Durant,0.0004919,12879.0,0.0071384665183804,1804169,0.04919
2021-01,Dusclops,0.0001415,11416.0,0.0063275668742784,1804169,0.01415
2021-01,Eldegoss,0.0024337,5022.0,0.00278355298201,1804169,0.24337
2021-01,Electivire,0.0002203,16135.0,0.008943175500743,1804169,0.022029999999999998
2021-01,Entei,0.0003252,13137.0,0.0072814686429042,1804169,0.03252
2021-01,Espeon,0.000221,33023.0,0.0183037176672473,1804169,0.0221
2021-01,Excadrill,0.1204549,360758.0,0.1999579861975236,1804169,12.045490000000001
2021-01,Exeggutor-Alola,0.0002106,5048.0,0.0027979640488224,1804169,0.02106
2021-01,Exploud,0.0051435,16100.0,0.0089237759877262,1804169,0.51435
2021-01,Ferrothorn,0.1536628,652290.0,0.3615459527350265,1804169,15.36628
2021-01,Flareon,0.0004272,6212.0,0.003443136424581,1804169,0.042719999999999994
2021-01,Flygon,0.0011326,16262.0,0.0090135680194039,1804169,0.11326000000000001
2021-01,Froslass,0.0004522,10908.0,0.0060459967996346,1804169,0.045219999999999996
2021-01,Frosmoth,0.0001071,9421.0,0.005221794632321,1804169,0.01071
2021-01,Gallade,0.0002957,9797.0,0.0054302008293014,1804169,0.02957
2021-01,Galvantula,0.000486,39987.0,0.0221636664857893,1804169,0.0486
2021-01,Garchomp,0.207679,606734.0,0.3362955465923646,1804169,20.7679
2021-01,Gardevoir,0.0012989,38333.0,0.0212469009277955,1804169,0.12989
2021-01,Gastrodon,0.0160905,47792.0,0.0264897578885348,1804169,1.60905
2021-01,Gengar,0.0038751,124601.0,0.0690628206115945,1804169,0.38750999999999997
2021-01,Gigalith,0.0002309,10294.0,0.0057056739141399,1804169,0.02309
2021-01,Glastrier,0.0039926,27976.0,0.0155063078902253,1804169,0.39926
2021-01,Golisopod,0.0012072,15108.0,0.0083739383616501,1804169,0.12072000000000001
2021-01,Golurk,0.0008076,11729.0,0.0065010539478286,1804169,0.08076
2021-01,Goodra,0.0006112,30584.0,0.0169518487458769,1804169,0.06112
2021-01,Grimmsnarl,0.0038981,84076.0,0.0466009558971471,1804169,0.38981
2021-01,Gyarados,0.0036873,82066.0,0.0454868695781825,1804169,0.36873
2021-01,Hatterene,0.0063973,85309.0,0.0472843730271388,1804169,0.63973
2021-01,Hawlucha,0.0545925,229579.0,0.1272491656823723,1804169,5.45925
2021-01,Haxorus,0.0010003,31795.0,0.017623071896258,1804169,0.10003
2021-01,Heatran,0.1538203,435490.0,0.2413798263909866,1804169,15.382029999999999
2021-01,Heliolisk,0.0030512,17675.0,0.009796754073482,1804169,0.30512
2021-01,Heracross,0.0009932,18430.0,0.0102152292828443,1804169,0.09932
2021-01,Hippowdon,0.1087662,191253.0,0.1060061446571801,1804169,10.876619999999999
2021-01,Hitmonlee,0.0001324,14454.0,0.0080114446041363,1804169,0.01324
2021-01,Hydreigon,0.1635247,259081.0,0.14360129234013,1804169,16.35247
2021-01,Incineroar,0.0022221,41548.0,0.0230288847663384,1804169,0.22221
2021-01,Indeedee,0.0017143,19360.0,0.0107307020572906,1804169,0.17143
2021-01,Indeedee-F,0.0001207,4051.0,0.002245355063744,1804169,0.01207
2021-01,Inteleon,0.0003637,38243.0,0.0211970164657523,1804169,0.03637
2021-01,Jellicent,0.0005978,11575.0,0.0064156960905547,1804169,0.05978
2021-01,Jirachi,0.0096351,51649.0,0.0286275842229857,1804169,0.9635100000000001
2021-01,Jolteon,0.00012,18823.0,0.0104330581004329,1804169,0.012
2021-01,Kangaskhan,0.0001113,3025.0,0.0016766721964516,1804169,0.01113
2021-01,Kartana,0.0865414,376229.0,0.2085331252227479,1804169,8.65414
2021-01,Keldeo,0.0105841,47018.0,0.0260607515149634,1804169,1.05841
2021-01,Kingdra,0.004866,54354.0,0.0301268894432838,1804169,0.4866
2021-01,Klefki,0.0015208,32317.0,0.0179124017761085,1804169,0.15208000000000002
2021-01,Kommo-o,0.0094533,100614.0,0.0557675029334835,1804169,0.94533
2021-01,Krookodile,0.0095368,99640.0,0.055227642199816,1804169,0.95368
2021-01,Kyurem,0.0515125,90015.0,0.0498927761201971,1804169,5.15125
2021-01,Landorus-Therian,0.3525502,921223.0,0.5106079308534843,1804169,35.255019999999995
2021-01,Lanturn,0.0003791,8196.0,0.0045428116767331,1804169,0.03791
2021-01,Lapras,0.0001121,14745.0,0.0081727376980759,1804169,0.01121
2021-01,Latias,0.0071101,41684.0,0.0231042657312036,1804169,0.71101
2021-01,Latios,0.0263216,200811.0,0.1113038745261669,1804169,2.63216
2021-01,Lickilicky,0.0001176,2350.0,0.0013025387311277,1804169,0.01176
2021-01,Linoone,0.0005906,17593.0,0.0097513037858426,1804169,0.05906
2021-01,Lucario,0.0011143,53461.0,0.0296319247254553,1804169,0.11142999999999999
2021-01,Ludicolo,0.0003042,10932.0,0.0060592993228461,1804169,0.030420000000000003
2021-01,Luxray,0.0002576,6529.0,0.0036188405853331,1804169,0.025759999999999998
2021-01,Lycanroc,0.0001929,12467.0,0.0069101065365827,1804169,0.01929
2021-01,Lycanroc-Dusk,0.001625,41265.0,0.0228720258468026,1804169,0.1625
2021-01,Machamp,0.0002702,15660.0,0.008679896395515,1804169,0.027020000000000002
2021-01,Magearna,0.2634967,627167.0,0.3476209822915702,1804169,26.349669999999996
2021-01,Magmortar,0.0001381,9457.0,0.0052417484171383,1804169,0.01381
2021-01,Magnezone,0.0251799,68272.0,0.0378412443623629,1804169,2.51799
2021-01,Malamar,0.000138,14078.0,0.0078030384071558,1804169,0.0138
2021-01,Mamoswine,0.0114142,79380.0,0.0439980955220935,1804169,1.1414199999999999
2021-01,Mandibuzz,0.1549491,329572.0,0.1826724658277578,1804169,15.49491
2021-01,Mantine,0.0005582,12875.0,0.0071362494311785,1804169,0.05582
2021-01,Marowak-Alola,0.0115695,49910.0,0.0276637055619512,1804169,1.15695
2021-01,Melmetal,0.0734422,309284.0,0.1714273995396218,1804169,7.34422
2021-01,Meowstic,0.0002519,6182.0,0.0034265082705666,1804169,0.02519
2021-01,Mesprit,0.0001075,10618.0,0.0058852579774954,1804169,0.01075
2021-01,Metagross,0.0005107,43466.0,0.0240919780796588,1804169,0.05107
2021-01,Mew,0.0103435,73004.0,0.0404640585222337,1804169,1.03435
2021-01,Mienshao,0.000506,14770.0,0.0081865944930879,1804169,0.050600000000000006
2021-01,Milotic,0.0004829,40585.0,0.0224951210224762,1804169,0.04829
2021-01,Miltank,0.0002128,7202.0,0.0039918655070561,1804169,0.02128
2021-01,Mimikyu,0.001121,57138.0,0.0316699821358198,1804169,0.1121
2021-01,Moltres,0.0302749,251816.0,0.1395745077096436,1804169,3.0274900000000002
2021-01,Moltres-Galar,0.0094224,42838.0,0.0237438953889574,1804169,0.94224
2021-01,Mudsdale,0.0001035,9854.0,0.0054617943219288,1804169,0.01035
2021-01,Munchlax,0.0001139,614.0,0.0003403228854946,1804169,0.01139
2021-01,Necrozma,0.0014981,12117.0,0.0067161114064148,1804169,0.14981
2021-01,Nidoking,0.0540767,310065.0,0.1718602858157966,1804169,5.4076699999999995
2021-01,Nidoqueen,0.0042682,17658.0,0.0097873314528738,1804169,0.42682
2021-01,Nihilego,0.0045932,49161.0,0.0272485559833918,1804169,0.45932000000000006
2021-01,Ninetales,0.0007211,22772.0,0.012621877440528,1804169,0.07211000000000001
2021-01,Ninetales-Alola,0.0061705,70594.0,0.0391282634830772,1804169,0.61705
2021-01,Noctowl,0.001767,2303.0,0.0012764879565051,1804169,0.1767
2021-01,Noivern,0.0001292,13971.0,0.0077437313245045,1804169,0.01292
2021-01,Obstagoon,0.019713,104787.0,0.058080479156886,1804169,1.9713
2021-01,Omastar,0.0015318,8639.0,0.0047883540843457,1804169,0.15318
2021-01,Pangoro,0.0004771,7423.0,0.0041143595749622,1804169,0.04771
2021-01,Pelipper,0.0503926,257372.0,0.1426540418331098,1804169,5.0392600000000005
2021-01,Pikachu,0.0002968,19580.0,0.0108526418533962,1804169,0.02968
2021-01,Politoed,0.000423,18767.0,0.010402018879606,1804169,0.0423
2021-01,Poliwrath,0.0003489,7368.0,0.0040838746259358,1804169,0.034890000000000004
2021-01,Polteageist,0.0005986,28259.0,0.0156631668097611,1804169,0.059860000000000003
2021-01,Porygon-Z,0.0028077,32291.0,0.017897990709296,1804169,0.28077
2021-01,Porygon2,0.0057802,44675.0,0.024762092686439,1804169,0.57802
2021-01,Primarina,0.0017619,36906.0,0.0204559550685107,1804169,0.17619
2021-01,Pyukumuku,0.0018961,10183.0,0.0056441497442867,1804169,0.18961
2021-01,Quagsire,0.0373772,51451.0,0.0285178384064907,1804169,3.73772
2021-01,Raichu-Alola,0.0053518,39419.0,0.0218488401031167,1804169,0.53518
2021-01,Raikou,0.0005006,11682.0,0.006475003173206,1804169,0.05006
2021-01,Regice,0.0002183,10710.0,0.0059362509831396,1804169,0.02183
2021-01,Regidrago,0.0014786,27323.0,0.0151443684045119,1804169,0.14786
2021-01,Regieleki,0.05377,344801.0,0.191113471077266,1804169,5.377
2021-01,Regigigas,0.0022729,10758.0,0.0059628560295626,1804169,0.22729
2021-01,Regirock,0.0002313,10398.0,0.0057633181813898,1804169,0.02313
2021-01,Registeel,0.0020321,15731.0,0.0087192496933491,1804169,0.20320999999999997
2021-01,Reuniclus,0.0291872,50698.0,0.0281004717407293,1804169,2.91872
2021-01,Rhyperior,0.0083543,50220.0,0.0278355298201,1804169,0.83543
2021-01,Ribombee,0.0034922,44570.0,0.0247038941473886,1804169,0.34922
2021-01,Rillaboom,0.1735573,555100.0,0.3076762764463861,1804169,17.35573
2021-01,Roserade,0.0001642,19662.0,0.0108980921410355,1804169,0.01642
2021-01,Rotom-Heat,0.0033314,61014.0,0.0338183396344799,1804169,0.33314
2021-01,Rotom-Mow,0.0001305,10768.0,0.0059683987475674,1804169,0.01305
2021-01,Rotom-Wash,0.0067367,95073.0,0.0526962828870244,1804169,0.67367
2021-01,Runerigus,0.0001136,11367.0,0.0063004075560548,1804169,0.01136
2021-01,Sableye,0.0001419,12207.0,0.0067659958684579,1804169,0.014190000000000001
2021-01,Salamence,0.0037524,60184.0,0.0333582940400816,1804169,0.37524
2021-01,Salazzle,0.0011078,37252.0,0.0206477331114768,1804169,0.11077999999999999
2021-01,Sandaconda,0.0008702,10892.0,0.0060371284508269,1804169,0.08702
2021-01,Sandslash,0.000119,2471.0,0.0013696056189858,1804169,0.0119
2021-01,Sandslash-Alola,0.0005395,8795.0,0.0048748204852206,1804169,0.053950000000000005
2021-01,Sceptile,0.0003635,28039.0,0.0155412270136555,1804169,0.03635
2021-01,Scizor,0.0103927,106472.0,0.0590144271406946,1804169,1.03927
2021-01,Scolipede,0.0037237,25484.0,0.0141250625634294,1804169,0.37237
2021-01,Scrafty,0.000154,10284.0,0.0057001311961351,1804169,0.0154
2021-01,Seismitoad,0.0224499,68459.0,0.0379448931890526,1804169,2.24499
2021-01,Sharpedo,0.0004456,14376.0,0.0079682114036988,1804169,0.04456
2021-01,Shedinja,0.0061572,20657.0,0.011449592582513,1804169,0.6157199999999999
2021-01,Shelgon,0.0001195,145.0,8.036941106958384e-05,1804169,0.01195
2021-01,Shelmet,0.0006073,409.0,0.0002266971663962,1804169,0.06073
2021-01,Shiftry,0.0002446,5652.0,0.0031327442163123,1804169,0.02446
2021-01,Shuckle,0.0081841,75929.0,0.0420853035386374,1804169,0.81841
2021-01,Sigilyph,0.0004907,10284.0,0.0057001311961351,1804169,0.049069999999999996
2021-01,Sirfetch'd,0.0005929,14237.0,0.0078911676234321,1804169,0.05929
2021-01,Skarmory,0.1003206,91504.0,0.0507180868311117,1804169,10.03206
2021-01,Slowbro,0.1692279,362608.0,0.2009833890284114,1804169,16.92279
2021-01,Slowbro-Galar,0.0013359,20956.0,0.0116153198508565,1804169,0.13359000000000001
2021-01,Slowking,0.0387494,56381.0,0.0312503983828565,1804169,3.8749400000000005
2021-01,Slowking-Galar,0.1417199,294856.0,0.163430366002298,1804169,14.171990000000001
2021-01,Slurpuff,0.0001904,21695.0,0.0120249267114111,1804169,0.019039999999999998
2021-01,Snorlax,0.0106811,47460.0,0.0263057396507755,1804169,1.0681100000000001
2021-01,Spectrier,0.1218856,427803.0,0.2371191390606977,1804169,12.188559999999999
2021-01,Spiritomb,0.0001312,12281.0,0.0068070119816935,1804169,0.01312
2021-01,Stakataka,0.0010556,27335.0,0.0151510196661177,1804169,0.10556
2021-01,Starmie,0.0006393,18567.0,0.01029116451951,1804169,0.06393
2021-01,Steelix,0.0001781,11314.0,0.0062710311506294,1804169,0.01781
2021-01,Stoutland,0.0002608,6121.0,0.0033926976907373,1804169,0.02608
2021-01,Stunfisk,0.0002492,2136.0,0.001183924565825,1804169,0.024919999999999998
2021-01,Suicune,0.0167463,31623.0,0.0175277371465755,1804169,1.6746299999999998
2021-01,Swampert,0.0602863,333265.0,0.18471939158693,1804169,6.02863
2021-01,Sylveon,0.0012822,26758.0,0.0148312048372408,1804169,0.12822
2021-01,Talonflame,0.000312,16939.0,0.0093888100283288,1804169,0.0312
2021-01,Tangrowth,0.042638,71600.0,0.03968586091436,1804169,4.2638
2021-01,Tapu Bulu,0.0044683,40459.0,0.0224252827756158,1804169,0.44682999999999995
2021-01,Tapu Fini,0.0772663,351573.0,0.1948669997101158,1804169,7.726629999999999
2021-01,Tapu Koko,0.104674,399921.0,0.2216649327197175,1804169,10.4674
2021-01,Tapu Lele,0.063807,280435.0,0.1554372123675775,1804169,6.3807
2021-01,Tauros,0.0002739,8106.0,0.0044929272146899,1804169,0.027389999999999998
2021-01,Tentacruel,0.0011027,29122.0,0.0161415033735753,1804169,0.11027
2021-01,Terrakion,0.0029262,22913.0,0.0127000297643956,1804169,0.29262
2021-01,Thievul,0.0003226,4560.0,0.0025274794101882,1804169,0.03226
2021-01,Thundurus,0.0012917,10264.0,0.0056890457601255,1804169,0.12917
2021-01,Thundurus-Therian,0.012814,50873.0,0.0281974693058133,1804169,1.2814
2021-01,Togedemaru,0.0001447,7197.0,0.0039890941480537,1804169,0.01447
2021-01,Togekiss,0.007341,97506.0,0.054044826177592,1804169,0.7341
2021-01,Torkoal,0.007055,84800.0,0.0470022486806945,1804169,0.7055
2021-01,Tornadus,0.0006556,5103.0,0.0028284489978488,1804169,0.06556
2021-01,Tornadus-Therian,0.1135783,185709.0,0.1029332617953196,1804169,11.35783
2021-01,Toxapex,0.312537,468001.0,0.2593997568963883,1804169,31.253700000000002
2021-01,Toxicroak,0.0003762,14811.0,0.0082093196369076,1804169,0.03762
2021-01,Toxtricity,0.0023068,41903.0,0.0232256512555087,1804169,0.23068
2021-01,Trubbish,0.0002044,245.0,0.0001357965911175,1804169,0.02044
2021-01,Tsareena,0.000138,8861.0,0.0049114024240522,1804169,0.0138
2021-01,Turtonator,0.0007033,5416.0,0.003001936071399,1804169,0.07033
2021-01,Tyranitar,0.1074147,317757.0,0.1761237445050879,1804169,10.74147
2021-01,Tyrantrum,0.0011282,12011.0,0.0066573585955639,1804169,0.11282
2021-01,Umbreon,0.0040102,40998.0,0.0227240352760744,1804169,0.40102000000000004
2021-01,Urshifu,0.1149182,217028.0,0.1202925003145492,1804169,11.49182
2021-01,Urshifu-Rapid-Strike,0.0428195,281043.0,0.1557742096222693,1804169,4.28195
2021-01,Uxie,0.0027011,11786.0,0.0065326474404559,1804169,0.27011
2021-01,Vanilluxe,0.0034492,24166.0,0.0133945323303969,1804169,0.34492
2021-01,Vaporeon,0.0016495,18519.0,0.010264559473087,1804169,0.16494999999999999
2021-01,Venusaur,0.0055274,84956.0,0.0470887150815694,1804169,0.55274
2021-01,Victini,0.0252565,97029.0,0.0537804385287631,1804169,2.52565
2021-01,Vikavolt,0.000505,9478.0,0.0052533881249483,1804169,0.0505
2021-01,Volcanion,0.0104275,42776.0,0.0237095305373277,1804169,1.0427499999999998
2021-01,Volcarona,0.042197,282466.0,0.1565629383943522,1804169,4.2197
2021-01,Weavile,0.010675,131945.0,0.0731333927143188,1804169,1.0675000000000001
2021-01,Weezing-Galar,0.0033747,25125.0,0.0139260789870572,1804169,0.33747
2021-01,Whimsicott,0.000307,22014.0,0.0122017394157642,1804169,0.030699999999999998
2021-01,Xatu,0.0018911,10803.0,0.0059877982605842,1804169,0.18911
2021-01,Xurkitree,0.0007596,20558.0,0.0113947196742655,1804169,0.07596
2021-01,Zapdos,0.1341899,381304.0,0.2113460546101834,1804169,13.41899
2021-01,Zapdos-Galar,0.0250338,222171.0,0.1231431201844173,1804169,2.50338
2021-01,Zarude,0.0213649,41520.0,0.0230133651559249,1804169,2.13649
2021-01,Zeraora,0.0246255,121506.0,0.0673473493891093,1804169,2.4625500000000002
2021-01,Zoroark,0.0008704,29419.0,0.0163061220983178,1804169,0.08704
2021-01,Zygarde-10%,0.001607,11300.0,0.0062632713454227,1804169,0.16069999999999998
2021-01,aromatisse,0.0,0.0,0.0,1804169,0.0
2021-01,dialga,0.0,0.0,0.0,1804169,0.0
2021-01,dracovish,0.0,0.0,0.0,1804169,0.0
2021-01,eternatus,0.0,0.0,0.0,1804169,0.0
2021-01,garbodor,0.0,0.0,0.0,1804169,0.0
2021-01,genesect,0.0,0.0,0.0,1804169,0.0
2021-01,giratina,0.0,0.0,0.0,1804169,0.0
2021-01,glalie,0.0,0.0,0.0,1804169,0.0
2021-01,gourgeist,0.0,0.0,0.0,1804169,0.0
2021-01,groudon,0.0,0.0,0.0,1804169,0.0
2021-01,heatmor,0.0,0.0,0.0,1804169,0.0
2021-01,ho-oh,0.0,0.0,0.0,1804169,0.0
2021-01,kyogre,0.0,0.0,0.0,1804169,0.0
2021-01,landorus,0.0,0.0,0.0,1804169,0.0
2021-01,lugia,0.0,0.0,0.0,1804169,0.0
2021-01,lunala,0.0,0.0,0.0,1804169,0.0
2021-01,lunatone,0.0,0.0,0.0,1804169,0.0
2021-01,marshadow,0.0,0.0,0.0,1804169,0.0
2021-01,mewtwo,0.0,0.0,0.0,1804169,0.0
2021-01,mr-rime,0.0,0.0,0.0,1804169,0.0
2021-01,musharna,0.0,0.0,0.0,1804169,0.0
2021-01,naganadel,0.0,0.0,0.0,1804169,0.0
2021-01,oranguru,0.0,0.0,0.0,1804169,0.0
2021-01,palkia,0.0,0.0,0.0,1804169,0.0
2021-01,passimian,0.0,0.0,0.0,1804169,0.0
2021-01,pheromosa,0.0,0.0,0.0,1804169,0.0
2021-01,pinsir,0.0,0.0,0.0,1804169,0.0
2021-01,raichu,0.0,0.0,0.0,1804169,0.0
2021-01,rayquaza,0.0,0.0,0.0,1804169,0.0
2021-01,reshiram,0.0,0.0,0.0,1804169,0.0
2021-01,rotom,0.0,0.0,0.0,1804169,0.0
2021-01,seaking,0.0,0.0,0.0,1804169,0.0
2021-01,sirfetchd,0.0,0.0,0.0,1804169,0.0
2021-01,skuntank,0.0,0.0,0.0,1804169,0.0
2021-01,solgaleo,0.0,0.0,0.0,1804169,0.0
2021-01,solrock,0.0,0.0,0.0,1804169,0.0
2021-01,sudowoodo,0.0,0.0,0.0,1804169,0.0
2021-01,throh,0.0,0.0,0.0,1804169,0.0
2021-01,whiscash,0.0,0.0,0.0,1804169,0.0
2021-01,wobbuffet,0.0,0.0,0.0,1804169,0.0
2021-01,xerneas,0.0,0.0,0.0,1804169,0.0
2021-01,yveltal,0.0,0.0,0.0,1804169,0.0
2021-01,zacian,0.0,0.0,0.0,1804169,0.0
2021-01,zamazenta,0.0,0.0,0.0,1804169,0.0
2021-01,zekrom,0.0,0.0,0.0,1804169,0.0
2021-01,zygarde,0.0,0.0,0.0,1804169,0.0
2021-02,Absol,0.0002345,8504.0,0.005726198299917,1485104,0.023450000000000002
2021-02,Accelgor,0.0003109,10396.0,0.0070001831521563,1485104,0.031090000000000003
2021-02,Aegislash,0.0376486,116523.0,0.0784611717428543,1485104,3.7648599999999997
2021-02,Aerodactyl,0.000682,14434.0,0.0097191846496945,1485104,0.0682
2021-02,Aggron,0.0022934,17899.0,0.0120523545825746,1485104,0.22934000000000002
2021-02,Alakazam,0.0048118,59180.0,0.0398490610758573,1485104,0.48118
2021-02,Alcremie,0.0002215,3643.0,0.002453026858725,1485104,0.02215
2021-02,Amoonguss,0.0156312,41039.0,0.0276337549424148,1485104,1.56312
2021-02,Araquanid,0.0005343,20484.0,0.01379297342139,1485104,0.053430000000000005
2021-02,Arcanine,0.000522,29993.0,0.0201958920048696,1485104,0.0522
2021-02,Archeops,0.0001682,6459.0,0.0043491903597323,1485104,0.016819999999999998
2021-02,Arctovish,0.0006004,8929.0,0.0060123735442096,1485104,0.060039999999999996
2021-02,Arctozolt,0.0056476,20475.0,0.0137869132397461,1485104,0.56476
2021-02,Articuno-Galar,0.000475,10998.0,0.0074055419687779,1485104,0.0475
2021-02,Audino,0.002563,4675.0,0.0031479276872192,1485104,0.25630000000000003
2021-02,Aurorus,0.0010368,6297.0,0.0042401070901431,1485104,0.10368000000000001
2021-02,Avalugg,0.000203,7224.0,0.0048643057994591,1485104,0.0203
2021-02,Azelf,0.0018759,30387.0,0.0204611932901668,1485104,0.18759
2021-02,Azumarill,0.0184355,98998.0,0.0666606513752572,1485104,1.84355
2021-02,Barbaracle,0.0002149,4796.0,0.0032294034626531,1485104,0.02149
2021-02,Barraskewda,0.0196475,170224.0,0.1146209289046423,1485104,1.9647499999999998
2021-02,Bewear,0.0001292,8324.0,0.0056049946670401,1485104,0.01292
2021-02,Bisharp,0.0451144,89967.0,0.0605795957724172,1485104,4.51144
2021-02,Blacephalon,0.0175026,93251.0,0.0627908887189045,1485104,1.75026
2021-02,Blastoise,0.0006689,29966.0,0.0201777114599381,1485104,0.06689
2021-02,Blaziken,0.0101639,154860.0,0.1042755254850838,1485104,1.01639
2021-02,Blissey,0.1227828,241892.0,0.1628788286880918,1485104,12.27828
2021-02,Bronzong,0.0004215,9654.0,0.0065005548432971,1485104,0.04215
2021-02,Buzzwole,0.0168363,129974.0,0.0875184498863379,1485104,1.68363
2021-02,Calyrex,0.0006782,1064.0,0.0007164481410056,1485104,0.06782
2021-02,Celebi,0.0004967,7228.0,0.004866999213523,1485104,0.04967
2021-02,Celesteela,0.0080487,66175.0,0.0445591689201564,1485104,0.8048700000000001
2021-02,Chandelure,0.0005797,33982.0,0.0228818991801247,1485104,0.05797000000000001
2021-02,Chansey,0.0342662,57039.0,0.0384074111981383,1485104,3.4266199999999998
2021-02,Charizard,0.0009094,42615.0,0.0286949600836035,1485104,0.09094
2021-02,Cinderace,0.1761967,488743.0,0.3290968174619421,1485104,17.619670000000003
2021-02,Claydol,0.000705,8119.0,0.0054669571962636,1485104,0.07050000000000001
2021-02,Clefable,0.2159283,362933.0,0.2443822116161561,1485104,21.59283
2021-02,Cloyster,0.016951,67807.0,0.0456580818582402,1485104,1.6951
2021-02,Cofagrigus,0.0001948,8622.0,0.005805654014803,1485104,0.01948
2021-02,Comfey,0.0006331,12300.0,0.0082822482465874,1485104,0.06331
2021-02,Conkeldurr,0.0024917,58971.0,0.0397083301910169,1485104,0.24917
2021-02,Corsola-Galar,0.0007889,23923.0,0.0161086361628545,1485104,0.07889
2021-02,Corviknight,0.1969196,381158.0,0.2566540794449412,1485104,19.69196
2021-02,Cradily,0.0002725,11308.0,0.0076142815587325,1485104,0.02725
2021-02,Crawdaunt,0.0372953,76361.0,0.0514179478339564,1485104,3.7295300000000005
2021-02,Cresselia,0.0028198,19348.0,0.0130280438272336,1485104,0.28198
2021-02,Crobat,0.0003992,18589.0,0.0125169685086027,1485104,0.03992
2021-02,Cursola,0.0001038,5443.0,0.0036650631874939,1485104,0.01038
2021-02,Darmanitan,0.0006656,31028.0,0.0208928128939118,1485104,0.06656000000000001
2021-02,Decidueye,0.000142,9885.0,0.0066560995054891,1485104,0.0142
2021-02,Dhelmise,0.0005303,7534.0,0.0050730453894138,1485104,0.05303000000000001
2021-02,Diancie,0.0001448,8495.0,0.0057201381182731,1485104,0.01448
2021-02,Diggersby,0.0032731,34494.0,0.0232266561803079,1485104,0.32731
2021-02,Ditto,0.0074715,49907.0,0.0336050539221495,1485104,0.74715
2021-02,Doublade,0.0001082,5656.0,0.0038084874863982,1485104,0.01082
2021-02,Dracozolt,0.0137301,79694.0,0.0536622351027268,1485104,1.37301
2021-02,Dragalge,0.0004462,8098.0,0.005452816772428,1485104,0.04462
2021-02,Dragapult,0.2187633,539665.0,0.3633853252028141,1485104,21.87633
2021-02,Dragonite,0.0666343,261437.0,0.1760395231579741,1485104,6.663429999999999
2021-02,Drampa,0.0001227,3779.0,0.0025446029368986,1485104,0.01227
2021-02,Drifblim,0.0001004,5347.0,0.0036004212499595,1485104,0.01004
2021-02,Druddigon,0.0001888,8499.0,0.0057228315323371,1485104,0.01888
2021-02,Dubwool,0.000116,5170.0,0.0034812376776306,1485104,0.0116
2021-02,Eldegoss,0.0005416,4397.0,0.002960735409776,1485104,0.05416000000000001
2021-02,Electivire,0.0001351,15881.0,0.0106935271873215,1485104,0.013510000000000001
2021-02,Entei,0.0005373,11291.0,0.0076028345489608,1485104,0.05373
2021-02,Espeon,0.0005095,33507.0,0.0225620562600329,1485104,0.050949999999999995
2021-02,Excadrill,0.0986889,284051.0,0.1912667395684073,1485104,9.86889
2021-02,Exeggutor-Alola,0.0001128,4424.0,0.0029789159547075,1485104,0.01128
2021-02,Exploud,0.00351,14852.0,0.0100006464193753,1485104,0.35100000000000003
2021-02,Ferroseed,0.0001045,744.0,0.0005009750158911,1485104,0.010450000000000001
2021-02,Ferrothorn,0.1819004,547849.0,0.3688960503776166,1485104,18.19004
2021-02,Flapple,0.000117,3814.0,0.002568170309958,1485104,0.0117
2021-02,Flygon,0.0001456,13405.0,0.0090263038817483,1485104,0.014559999999999998
2021-02,Froslass,0.0001663,9891.0,0.006660139626585,1485104,0.01663
2021-02,Galvantula,0.0005523,30735.0,0.0206955203137288,1485104,0.05523
2021-02,Garchomp,0.1472903,479007.0,0.3225410476303343,1485104,14.729030000000002
2021-02,Gardevoir,0.0004939,36276.0,0.0244265721457891,1485104,0.04939
2021-02,Gastrodon,0.0314336,41278.0,0.0277946864327346,1485104,3.14336
2021-02,Gengar,0.010287,117642.0,0.079214654327239,1485104,1.0287
2021-02,Gigalith,0.0012411,8417.0,0.0056676165440265,1485104,0.12411
2021-02,Glastrier,0.0059236,18360.0,0.0123627705534427,1485104,0.59236
2021-02,Golisopod,0.0002479,12798.0,0.0086175782975468,1485104,0.02479
2021-02,Golurk,0.0006767,10092.0,0.0067954836832976,1485104,0.06767000000000001
2021-02,Goodra,0.000686,28166.0,0.0189656751311692,1485104,0.0686
2021-02,Grimmsnarl,0.0082006,85903.0,0.0578430870834635,1485104,0.82006
2021-02,Guzzlord,0.0003977,3310.0,0.0022288001379028,1485104,0.03977
2021-02,Gyarados,0.0046617,68644.0,0.0462216787511177,1485104,0.46617000000000003
2021-02,Hatterene,0.0059944,74505.0,0.0501682037082924,1485104,0.5994400000000001
2021-02,Hawlucha,0.0352831,208657.0,0.1404999245844062,1485104,3.52831
2021-02,Haxorus,0.0008577,28186.0,0.0189791422014889,1485104,0.08577
2021-02,Heatran,0.1801925,421673.0,0.2839349971449811,1485104,18.01925
2021-02,Heliolisk,0.0005235,14242.0,0.0095899007746258,1485104,0.05235
2021-02,Heracross,0.0014949,18292.0,0.0123169825143558,1485104,0.14948999999999998
2021-02,Hippowdon,0.1002142,167541.0,0.1128143214212607,1485104,10.02142
2021-02,Hitmonlee,0.0002407,12341.0,0.0083098557407427,1485104,0.02407
2021-02,Hitmontop,0.0001068,8811.0,0.0059329178293237,1485104,0.010679999999999999
2021-02,Hydreigon,0.1164201,216521.0,0.1457951766340943,1485104,11.642009999999999
2021-02,Incineroar,0.0021274,34202.0,0.0230300369536409,1485104,0.21274
2021-02,Indeedee,0.0008891,14803.0,0.0099676520970921,1485104,0.08891
2021-02,Inteleon,0.0004279,34856.0,0.0234704101530936,1485104,0.04279
2021-02,Jellicent,0.0024126,11049.0,0.007439882998093,1485104,0.24126
2021-02,Jirachi,0.0074931,63731.0,0.0429134929270946,1485104,0.74931
2021-02,Jolteon,0.0001165,16759.0,0.0112847315743543,1485104,0.01165
2021-02,Kabutops,0.0001859,5376.0,0.003619948501923,1485104,0.01859
2021-02,Kangaskhan,0.0001005,2821.0,0.0018995302685872,1485104,0.01005
2021-02,Kartana,0.0911444,357202.0,0.2405232226160592,1485104,9.11444
2021-02,Keldeo,0.0245888,43784.0,0.0294821103437873,1485104,2.45888
2021-02,Kingdra,0.0079246,58279.0,0.0392423695579568,1485104,0.79246
2021-02,Kingler,0.000289,5220.0,0.0035149053534297,1485104,0.0289
2021-02,Klefki,0.0011875,24014.0,0.016169911332809,1485104,0.11875
2021-02,Kommo-o,0.029555,77993.0,0.0525168607720402,1485104,2.9555000000000002
2021-02,Krookodile,0.0116369,72362.0,0.0487252071235415,1485104,1.1636900000000001
2021-02,Kyurem,0.0953256,114541.0,0.0771265850741766,1485104,9.53256
2021-02,Landorus-Therian,0.3826018,800897.0,0.5392868108900117,1485104,38.26018
2021-02,Lapras,0.00024,14183.0,0.0095501729171829,1485104,0.024
2021-02,Latias,0.0159879,59743.0,0.0402281591053555,1485104,1.59879
2021-02,Latios,0.0310508,167520.0,0.1128001809974251,1485104,3.10508
2021-02,Lickilicky,0.0004244,2156.0,0.0014517501804587,1485104,0.04244
2021-02,Linoone,0.0003695,14285.0,0.0096188549758131,1485104,0.03695
2021-02,Lopunny,0.0001765,3948.0,0.0026583996810997,1485104,0.01765
2021-02,Lucario,0.0005382,36945.0,0.0248770456479815,1485104,0.05381999999999999
2021-02,Ludicolo,0.0003364,10838.0,0.0072978054062207,1485104,0.033639999999999996
2021-02,Lycanroc-Dusk,0.0022415,28969.0,0.0195063780045033,1485104,0.22415
2021-02,Lycanroc-Midnight,0.0007389,8027.0,0.0054050086727932,1485104,0.07389
2021-02,Machamp,0.0001693,13315.0,0.0089657020653099,1485104,0.01693
2021-02,Magearna,0.1861522,385120.0,0.2593219060752648,1485104,18.61522
2021-02,Magmortar,0.0001356,7181.0,0.0048353515982719,1485104,0.01356
2021-02,Magnezone,0.04511,78327.0,0.0527417608463784,1485104,4.511
2021-02,Mamoswine,0.0132841,78557.0,0.0528966321550544,1485104,1.32841
2021-02,Mandibuzz,0.1622258,229513.0,0.1545433855137418,1485104,16.22258
2021-02,Manectric,0.0001726,6024.0,0.0040562815802799,1485104,0.01726
2021-02,Mantine,0.001091,9928.0,0.0066850537066764,1485104,0.1091
2021-02,Marowak-Alola,0.0045848,40163.0,0.0270438972624139,1485104,0.45848
2021-02,Melmetal,0.0811399,222712.0,0.1499639082515433,1485104,8.11399
2021-02,Meowstic,0.0002968,4588.0,0.0030893459313287,1485104,0.02968
2021-02,Metagross,0.0007002,38019.0,0.0256002273241469,1485104,0.07002
2021-02,Mew,0.0235816,72060.0,0.0485218543617147,1485104,2.3581600000000003
2021-02,Mienshao,0.0004264,12752.0,0.0085866040358116,1485104,0.042640000000000004
2021-02,Milotic,0.0017828,35610.0,0.0239781187041446,1485104,0.17828
2021-02,Miltank,0.0003822,8306.0,0.0055928743037524,1485104,0.038220000000000004
2021-02,Mimikyu,0.0014925,49690.0,0.0334589362091813,1485104,0.14925
2021-02,Moltres,0.0293049,164174.0,0.1105471401329469,1485104,2.93049
2021-02,Moltres-Galar,0.0172183,39646.0,0.0266957734946508,1485104,1.72183
2021-02,Morpeko,0.0001297,7905.0,0.0053228595438433,1485104,0.01297
2021-02,Necrozma,0.0045796,13411.0,0.0090303440028442,1485104,0.45796
2021-02,Nidoking,0.0608049,248930.0,0.1676178907335782,1485104,6.08049
2021-02,Nidoqueen,0.0022184,11563.0,0.0077859867053081,1485104,0.22184
2021-02,Nihilego,0.0050869,36456.0,0.024547775778666,1485104,0.50869
2021-02,Ninetales,0.0003797,19821.0,0.0133465400402934,1485104,0.037970000000000004
2021-02,Ninetales-Alola,0.0144174,77116.0,0.0519263297385233,1485104,1.44174
2021-02,Noctowl,0.0005739,2389.0,0.0016086415496827,1485104,0.057390000000000004
2021-02,Noivern,0.000155,12045.0,0.0081105431000118,1485104,0.0155
2021-02,Obstagoon,0.0121923,73662.0,0.049600566694319,1485104,1.21923
2021-02,Omastar,0.0017114,7982.0,0.005374707764574,1485104,0.17114000000000001
2021-02,Pangoro,0.0006211,6942.0,0.004674420107952,1485104,0.06211
2021-02,Pelipper,0.0443327,204680.0,0.1378219976513429,1485104,4.43327
2021-02,Persian,0.0003562,1834.0,0.0012349303483123,1485104,0.03562
2021-02,Pincurchin,0.0001761,6137.0,0.0041323705275859,1485104,0.01761
2021-02,Politoed,0.0004652,16657.0,0.0112160495157241,1485104,0.04652
2021-02,Poliwrath,0.0001331,11123.0,0.0074897111582757,1485104,0.01331
2021-02,Polteageist,0.001053,27915.0,0.0187966633986576,1485104,0.10529999999999999
2021-02,Porygon-Z,0.002647,23107.0,0.0155591796938126,1485104,0.2647
2021-02,Porygon2,0.0020839,36711.0,0.0247194809252416,1485104,0.20839000000000002
2021-02,Primarina,0.0065041,32003.0,0.0215493325719949,1485104,0.6504099999999999
2021-02,Pyukumuku,0.0033673,10479.0,0.0070560714939829,1485104,0.33673000000000003
2021-02,Quagsire,0.0423494,45244.0,0.0304652064771221,1485104,4.23494
2021-02,Raichu-Alola,0.0023298,21728.0,0.0146306251952725,1485104,0.23298
2021-02,Raikou,0.0018198,10525.0,0.0070870457557181,1485104,0.18198
2021-02,Regidrago,0.0015126,19476.0,0.0131142330772794,1485104,0.15126
2021-02,Regieleki,0.052695,265474.0,0.1787578513019963,1485104,5.2695
2021-02,Regigigas,0.0028399,7871.0,0.0052999655242999,1485104,0.28398999999999996
2021-02,Regirock,0.0005661,8737.0,0.005883089669141,1485104,0.05661000000000001
2021-02,Registeel,0.0009874,11747.0,0.007909883752249,1485104,0.09874000000000001
2021-02,Reuniclus,0.0239894,49767.0,0.0335107844299119,1485104,2.39894
2021-02,Rhyperior,0.0170391,30570.0,0.0205844169835917,1485104,1.70391
2021-02,Ribombee,0.0012222,30198.0,0.0203339294756461,1485104,0.12222
2021-02,Rillaboom,0.1470838,493134.0,0.3320535127506221,1485104,14.708379999999998
2021-02,Roserade,0.0008646,20262.0,0.0136434889408418,1485104,0.08646
2021-02,Rotom-Heat,0.0054648,65708.0,0.0442447128281925,1485104,0.54648
2021-02,Rotom-Mow,0.0005283,8874.0,0.0059753391008306,1485104,0.05283
2021-02,Rotom-Wash,0.0106677,84110.0,0.0566357642293065,1485104,1.06677
2021-02,Runerigus,0.0006495,10534.0,0.0070931059373619,1485104,0.06495000000000001
2021-02,Sableye,0.0001819,12853.0,0.0086546127409258,1485104,0.01819
2021-02,Salamence,0.0086283,65127.0,0.0438534944354065,1485104,0.86283
2021-02,Salazzle,0.0012012,33439.0,0.0225162682209461,1485104,0.12011999999999999
2021-02,Sandaconda,0.0006635,12337.0,0.0083071623266788,1485104,0.06635
2021-02,Sandslash,0.000727,2318.0,0.0015608334500479,1485104,0.0727
2021-02,Sandslash-Alola,0.0015648,6946.0,0.0046771135220159,1485104,0.15648
2021-02,Sceptile,0.0002834,24237.0,0.0163200691668731,1485104,0.02834
2021-02,Scizor,0.0238508,91732.0,0.0617680647281267,1485104,2.38508
2021-02,Scolipede,0.0024637,19942.0,0.0134280158157273,1485104,0.24637
2021-02,Seismitoad,0.0200535,64039.0,0.0431208858100173,1485104,2.00535
2021-02,Sharpedo,0.0001209,11177.0,0.0075260722481388,1485104,0.01209
2021-02,Shedinja,0.0089878,18860.0,0.012699447311434,1485104,0.89878
2021-02,Shiftry,0.0001566,5219.0,0.0035142319999138,1485104,0.01566
2021-02,Shuckle,0.0061037,57742.0,0.0388807787198741,1485104,0.61037
2021-02,Sigilyph,0.0003985,15721.0,0.0105857906247643,1485104,0.03985
2021-02,Silvally,0.0002691,2381.0,0.0016032547215548,1485104,0.026909999999999996
2021-02,Silvally-Ground,0.0001772,1579.0,0.0010632252017367,1485104,0.01772
2021-02,Sirfetch'd,0.0006779,10106.0,0.0068049106325213,1485104,0.06779
2021-02,Skarmory,0.0781208,77914.0,0.0524636658442775,1485104,7.812080000000001
2021-02,Slowbro,0.1637882,315091.0,0.2121676327045109,1485104,16.37882
2021-02,Slowbro-Galar,0.001305,18358.0,0.0123614238464107,1485104,0.1305
2021-02,Slowking,0.0753037,64859.0,0.0436730356931231,1485104,7.5303700000000005
2021-02,Slowking-Galar,0.1641963,238697.0,0.1607274642045271,1485104,16.419629999999998
2021-02,Slurpuff,0.001658,33803.0,0.0227613689007638,1485104,0.1658
2021-02,Snorlax,0.0053881,37289.0,0.0251086792574796,1485104,0.53881
2021-02,Spectrier,0.0182438,54377.0,0.0366149441385923,1485104,1.8243800000000001
2021-02,Spiritomb,0.0001111,8811.0,0.0059329178293237,1485104,0.01111
2021-02,Stakataka,0.0013315,18454.0,0.012426065783945,1485104,0.13315
2021-02,Starmie,0.0013938,16632.0,0.0111992156778245,1485104,0.13938
2021-02,Steelix,0.0001514,8963.0,0.0060352675637531,1485104,0.015139999999999999
2021-02,Stunfisk,0.0010681,1778.0,0.0011972225514172,1485104,0.10681
2021-02,Suicune,0.0085583,27233.0,0.0183374363007573,1485104,0.85583
2021-02,Swampert,0.0557563,257553.0,0.1734242181018972,1485104,5.57563
2021-02,Sylveon,0.0009828,27235.0,0.0183387830077893,1485104,0.09828
2021-02,Talonflame,0.0006608,15791.0,0.0106329253708831,1485104,0.06608
2021-02,Tangrowth,0.0470455,63998.0,0.043093278315862,1485104,4.704549999999999
2021-02,Tapu Bulu,0.0090606,31793.0,0.0214079283336385,1485104,0.90606
2021-02,Tapu Fini,0.0869802,227000.0,0.1528512481280772,1485104,8.69802
2021-02,Tapu Koko,0.1430958,340367.0,0.2291873161744901,1485104,14.30958
2021-02,Tapu Lele,0.1091961,245890.0,0.1655708960449907,1485104,10.91961
2021-02,Tauros,0.0001697,8061.0,0.0054279026923366,1485104,0.01697
2021-02,Tentacruel,0.000558,22032.0,0.0148353246641312,1485104,0.0558
2021-02,Terrakion,0.0037311,22950.0,0.0154534631918034,1485104,0.37311
2021-02,Thundurus,0.000515,11455.0,0.007713264525582,1485104,0.051500000000000004
2021-02,Thundurus-Therian,0.0123848,46349.0,0.031209262112283,1485104,1.23848
2021-02,Togekiss,0.0165679,75753.0,0.0510085488962389,1485104,1.65679
2021-02,Torkoal,0.0096263,64395.0,0.0433605996617071,1485104,0.9626300000000001
2021-02,Tornadus,0.0004548,8111.0,0.0054615703681358,1485104,0.04548
2021-02,Tornadus-Therian,0.1061686,177143.0,0.1192798618817268,1485104,10.61686
2021-02,Toxapex,0.2664366,369535.0,0.2488276915286741,1485104,26.643660000000004
2021-02,Toxicroak,0.0007076,10743.0,0.0072338368222023,1485104,0.07075999999999999
2021-02,Toxtricity,0.0066121,35733.0,0.0240609411866105,1485104,0.66121
2021-02,Trubbish,0.0001226,387.0,0.0002605878106853,1485104,0.01226
2021-02,Tsareena,0.0002978,7487.0,0.0050413977741626,1485104,0.029779999999999997
2021-02,Tyranitar,0.0614473,243596.0,0.1640262230793264,1485104,6.14473
2021-02,Tyrantrum,0.0031444,11067.0,0.0074520033613807,1485104,0.31444
2021-02,Umbreon,0.0069995,42490.0,0.0286107908941057,1485104,0.69995
2021-02,Urshifu-Rapid-Strike,0.0650309,295423.0,0.1989241157521628,1485104,6.50309
2021-02,Uxie,0.0009885,11127.0,0.0074924045723397,1485104,0.09885000000000001
2021-02,Vanilluxe,0.0014763,11569.0,0.007790026826404,1485104,0.14763
2021-02,Vaporeon,0.0006598,15941.0,0.0107339283982805,1485104,0.06598
2021-02,Venusaur,0.007397,68504.0,0.0461274092588801,1485104,0.7397
2021-02,Vespiquen,0.0004374,2111.0,0.0014214492722395,1485104,0.04374
2021-02,Victini,0.0235902,65791.0,0.044300601170019,1485104,2.3590199999999997
2021-02,Vileplume,0.0001423,9376.0,0.0063133625658539,1485104,0.01423
2021-02,Volcanion,0.0079242,39545.0,0.0266277647895366,1485104,0.7924199999999999
2021-02,Volcarona,0.0708475,291244.0,0.196110171408871,1485104,7.08475
2021-02,Walrein,0.0002025,3882.0,0.0026139583490449,1485104,0.020249999999999997
2021-02,Weavile,0.0243387,127847.0,0.0860862269578426,1485104,2.43387
2021-02,Weezing-Galar,0.0009653,17951.0,0.0120873689654057,1485104,0.09653
2021-02,Whimsicott,0.0004344,18667.0,0.0125694900828494,1485104,0.04344
2021-02,Wigglytuff,0.0001384,2713.0,0.0018268080888611,1485104,0.01384
2021-02,Xatu,0.0023956,11335.0,0.0076324621036641,1485104,0.23956
2021-02,Xurkitree,0.0007039,21504.0,0.0144797940076923,1485104,0.07039000000000001
2021-02,Zapdos,0.1005665,290065.0,0.1953162876135274,1485104,10.056650000000001
2021-02,Zapdos-Galar,0.0276377,188185.0,0.1267150314052079,1485104,2.76377
2021-02,Zarude,0.0117382,22862.0,0.0153942080823969,1485104,1.17382
2021-02,Zeraora,0.0679302,131129.0,0.0882961731972979,1485104,6.793019999999999
2021-02,Zoroark,0.0008603,23970.0,0.0161402837781057,1485104,0.08603000000000001
2021-02,Zygarde-10%,0.0003804,12405.0,0.0083529503657656,1485104,0.03804
2021-02,aromatisse,0.0,0.0,0.0,1485104,0.0
2021-02,dialga,0.0,0.0,0.0,1485104,0.0
2021-02,dracovish,0.0,0.0,0.0,1485104,0.0
2021-02,eternatus,0.0,0.0,0.0,1485104,0.0
2021-02,garbodor,0.0,0.0,0.0,1485104,0.0
2021-02,genesect,0.0,0.0,0.0,1485104,0.0
2021-02,giratina,0.0,0.0,0.0,1485104,0.0
2021-02,glalie,0.0,0.0,0.0,1485104,0.0
2021-02,gourgeist,0.0,0.0,0.0,1485104,0.0
2021-02,groudon,0.0,0.0,0.0,1485104,0.0
2021-02,heatmor,0.0,0.0,0.0,1485104,0.0
2021-02,ho-oh,0.0,0.0,0.0,1485104,0.0
2021-02,kyogre,0.0,0.0,0.0,1485104,0.0
2021-02,landorus,0.0,0.0,0.0,1485104,0.0
2021-02,lugia,0.0,0.0,0.0,1485104,0.0
2021-02,lunala,0.0,0.0,0.0,1485104,0.0
2021-02,lunatone,0.0,0.0,0.0,1485104,0.0
2021-02,marshadow,0.0,0.0,0.0,1485104,0.0
2021-02,mewtwo,0.0,0.0,0.0,1485104,0.0
2021-02,mr-rime,0.0,0.0,0.0,1485104,0.0
2021-02,musharna,0.0,0.0,0.0,1485104,0.0
2021-02,naganadel,0.0,0.0,0.0,1485104,0.0
2021-02,oranguru,0.0,0.0,0.0,1485104,0.0
2021-02,palkia,0.0,0.0,0.0,1485104,0.0
2021-02,passimian,0.0,0.0,0.0,1485104,0.0
2021-02,pheromosa,0.0,0.0,0.0,1485104,0.0
2021-02,pinsir,0.0,0.0,0.0,1485104,0.0
2021-02,raichu,0.0,0.0,0.0,1485104,0.0
2021-02,rayquaza,0.0,0.0,0.0,1485104,0.0
2021-02,reshiram,0.0,0.0,0.0,1485104,0.0
2021-02,rotom,0.0,0.0,0.0,1485104,0.0
2021-02,seaking,0.0,0.0,0.0,1485104,0.0
2021-02,sirfetchd,0.0,0.0,0.0,1485104,0.0
2021-02,skuntank,0.0,0.0,0.0,1485104,0.0
2021-02,solgaleo,0.0,0.0,0.0,1485104,0.0
2021-02,solrock,0.0,0.0,0.0,1485104,0.0
2021-02,sudowoodo,0.0,0.0,0.0,1485104,0.0
2021-02,throh,0.0,0.0,0.0,1485104,0.0
2021-02,whiscash,0.0,0.0,0.0,1485104,0.0
2021-02,wobbuffet,0.0,0.0,0.0,1485104,0.0
2021-02,xerneas,0.0,0.0,0.0,1485104,0.0
2021-02,yveltal,0.0,0.0,0.0,1485104,0.0
2021-02,zacian,0.0,0.0,0.0,1485104,0.0
2021-02,zamazenta,0.0,0.0,0.0,1485104,0.0
2021-02,zekrom,0.0,0.0,0.0,1485104,0.0
2021-02,zygarde,0.0,0.0,0.0,1485104,0.0
2021-03,Abomasnow,0.0016706,6952.0,0.0042700578165336,1628081,0.16706
2021-03,Absol,0.0001578,8931.0,0.0054855993037201,1628081,0.01578
2021-03,Accelgor,0.0005799,15305.0,0.0094006379289482,1628081,0.05798999999999999
2021-03,Aegislash,0.0226628,143751.0,0.0882947470058307,1628081,2.26628
2021-03,Aerodactyl,0.0002752,14678.0,0.0090155219549887,1628081,0.027520000000000003
2021-03,Aggron,0.0002338,16647.0,0.0102249212416335,1628081,0.023379999999999998
2021-03,Alakazam,0.0039201,67089.0,0.0412074092136693,1628081,0.39201
2021-03,Altaria,0.0004234,4998.0,0.0030698718307012,1628081,0.04234
2021-03,Amoonguss,0.0185218,50546.0,0.0310463668576686,1628081,1.8521800000000002
2021-03,Araquanid,0.0007571,23721.0,0.014569913904775,1628081,0.07571
2021-03,Arcanine,0.0004104,34769.0,0.0213558170631559,1628081,0.04104
2021-03,Archeops,0.0002806,10698.0,0.0065709261394242,1628081,0.028059999999999998
2021-03,Arctovish,0.0011601,9802.0,0.0060205849708951,1628081,0.11601
2021-03,Arctozolt,0.0132982,21205.0,0.0130245362485036,1628081,1.32982
2021-03,Articuno,0.0004657,7221.0,0.0044352830111032,1628081,0.04657
2021-03,Articuno-Galar,0.0001658,11032.0,0.0067760756375143,1628081,0.016579999999999998
2021-03,Audino,0.000305,3311.0,0.0020336825993301,1628081,0.0305
2021-03,Aurorus,0.0009506,6966.0,0.0042786568972919,1628081,0.09506
2021-03,Avalugg,0.0005713,7437.0,0.0045679545428022,1628081,0.05712999999999999
2021-03,Azelf,0.0027102,34572.0,0.021234815712486,1628081,0.27102
2021-03,Azumarill,0.0230185,103170.0,0.0633690829878857,1628081,2.30185
2021-03,Barbaracle,0.0001429,5632.0,0.0034592873450399,1628081,0.01429
2021-03,Barraskewda,0.0210283,210910.0,0.1295451516232914,1628081,2.10283
2021-03,Bewear,0.0004591,8737.0,0.0053664406132127,1628081,0.04591
2021-03,Bisharp,0.0948613,155171.0,0.0953091400243599,1628081,9.48613
2021-03,Blacephalon,0.0217346,111289.0,0.0683559356076264,1628081,2.17346
2021-03,Blastoise,0.0007791,31569.0,0.0193903128898377,1628081,0.07791000000000001
2021-03,Blaziken,0.014552,198860.0,0.1221437999706402,1628081,1.4552
2021-03,Blissey,0.1158354,266547.0,0.1637185127766984,1628081,11.583540000000001
2021-03,Boltund,0.0001526,5268.0,0.003235711245325,1628081,0.01526
2021-03,Bronzong,0.0007824,10912.0,0.0067023692310149,1628081,0.07824
2021-03,Butterfree,0.0014004,7493.0,0.0046023508658352,1628081,0.14004
2021-03,Buzzwole,0.0216416,134498.0,0.0826113688446705,1628081,2.16416
2021-03,Celebi,0.0005409,8501.0,0.0052214846804305,1628081,0.05409
2021-03,Celesteela,0.0057867,63557.0,0.0390379839823694,1628081,0.57867
2021-03,Centiskorch,0.0001071,10407.0,0.0063921881036631,1628081,0.01071
2021-03,Chandelure,0.0006135,42253.0,0.0259526399485037,1628081,0.06135
2021-03,Chansey,0.0440557,76517.0,0.0469982758843079,1628081,4.40557
2021-03,Charizard,0.0014848,57355.0,0.0352285912064571,1628081,0.14848
2021-03,Cinccino,0.0003871,14710.0,0.0090351769967219,1628081,0.038709999999999994
2021-03,Clawitzer,0.0001595,6841.0,0.0042018793905217,1628081,0.01595
2021-03,Claydol,0.0002626,7370.0,0.0045268017991733,1628081,0.02626
2021-03,Clefable,0.2636558,421914.0,0.2591480399316742,1628081,26.36558
2021-03,Cloyster,0.0323928,108551.0,0.066674201099331,1628081,3.23928
2021-03,Cobalion,0.0002063,6407.0,0.0039353078870154,1628081,0.02063
2021-03,Cofagrigus,0.0001413,9786.0,0.0060107574500285,1628081,0.014129999999999998
2021-03,Comfey,0.0002964,19457.0,0.0119508795938285,1628081,0.02964
2021-03,Conkeldurr,0.0064251,74262.0,0.0456132096621728,1628081,0.64251
2021-03,Corsola-Galar,0.000614,27390.0,0.0168234872834951,1628081,0.061399999999999996
2021-03,Corviknight,0.236915,497933.0,0.3058404342290095,1628081,23.691499999999998
2021-03,Cradily,0.0002231,9817.0,0.0060297982717076,1628081,0.02231
2021-03,Crawdaunt,0.0385366,83015.0,0.0509894777962521,1628081,3.8536599999999996
2021-03,Cresselia,0.0021011,17866.0,0.0109736554876569,1628081,0.21011
2021-03,Crobat,0.0001781,21168.0,0.0130018101064996,1628081,0.01781
2021-03,Cryogonal,0.0003002,4664.0,0.0028647223326112,1628081,0.030019999999999998
2021-03,Darmanitan,0.0031227,41175.0,0.0252905107301172,1628081,0.31227
2021-03,Decidueye,0.000227,12599.0,0.007738558462386,1628081,0.022699999999999998
2021-03,Dhelmise,0.0001937,8751.0,0.005375039693971,1628081,0.01937
2021-03,Diancie,0.0002089,9318.0,0.0057233024646808,1628081,0.020890000000000002
2021-03,Diggersby,0.0044298,25781.0,0.0158352072163485,1628081,0.44298000000000004
2021-03,Ditto,0.0157237,52945.0,0.032519880767603,1628081,1.57237
2021-03,Dracozolt,0.0335941,97020.0,0.0595916296547899,1628081,3.35941
2021-03,Dragalge,0.0001799,8315.0,0.0051072397503564,1628081,0.017990000000000003
2021-03,Dragapult,0.288612,667469.0,0.4099728453314055,1628081,28.861199999999997
2021-03,Dragonite,0.073438,289673.0,0.1779229657492471,1628081,7.3438
2021-03,Drampa,0.0012472,3437.0,0.0021110743261545,1628081,0.12472
2021-03,Drapion,0.000103,14043.0,0.0086254922205959,1628081,0.0103
2021-03,Duraludon,0.0001067,6627.0,0.004070436298931,1628081,0.01067
2021-03,Durant,0.0002663,10486.0,0.0064407114879419,1628081,0.02663
2021-03,Dusclops,0.0001322,13603.0,0.0083552353967646,1628081,0.013219999999999999
2021-03,Dusknoir,0.000156,8810.0,0.0054112786771665,1628081,0.0156
2021-03,Eldegoss,0.0002477,4225.0,0.0025950797288341,1628081,0.02477
2021-03,Electivire,0.0001961,15055.0,0.0092470829154077,1628081,0.01961
2021-03,Entei,0.0008178,21283.0,0.0130724454127282,1628081,0.08178
2021-03,Escavalier,0.0004684,10802.0,0.0066348050250571,1628081,0.04684
2021-03,Espeon,0.0015966,39074.0,0.024000034396323,1628081,0.15966000000000002
2021-03,Excadrill,0.0762792,310524.0,0.1907300680985774,1628081,7.6279200000000005
2021-03,Exeggutor,0.0001456,5768.0,0.0035428212724059,1628081,0.014559999999999998
2021-03,Exeggutor-Alola,0.0003779,5083.0,0.003122080535305,1628081,0.037790000000000004
2021-03,Exploud,0.0004728,10110.0,0.006209764747577,1628081,0.04728
2021-03,Farfetch'd,0.0001036,592.0,0.0003636182720638,1628081,0.01036
2021-03,Ferrothorn,0.206745,652197.0,0.4005924766642446,1628081,20.674500000000002
2021-03,Flapple,0.0001645,3407.0,0.0020926477245296,1628081,0.01645
2021-03,Flygon,0.0002623,14527.0,0.0089227747268102,1628081,0.026229999999999996
2021-03,Froslass,0.0002969,12860.0,0.0078988698965223,1628081,0.02969
2021-03,Frosmoth,0.0024748,8329.0,0.0051158388311146,1628081,0.24748
2021-03,Galvantula,0.0005085,37393.0,0.0229675304852768,1628081,0.05084999999999999
2021-03,Garchomp,0.2262007,554607.0,0.3406507415785824,1628081,22.620070000000002
2021-03,Gardevoir,0.0007502,41467.0,0.0254698629859325,1628081,0.07502
2021-03,Gastrodon,0.0224291,50228.0,0.0308510448804451,1628081,2.24291
2021-03,Gengar,0.010471,144205.0,0.0885736029104203,1628081,1.0471
2021-03,Gigalith,0.0003953,10932.0,0.0067146536320981,1628081,0.03953
2021-03,Glastrier,0.0024573,14897.0,0.0091500361468501,1628081,0.24573
2021-03,Golisopod,0.0002727,16041.0,0.0098527038888114,1628081,0.027270000000000003
2021-03,Golurk,0.000283,11104.0,0.006820299481414,1628081,0.0283
2021-03,Goodra,0.0002907,33162.0,0.0203687654361177,1628081,0.029070000000000002
2021-03,Gothitelle,0.0001191,1333.0,0.0008187553321978,1628081,0.011909999999999999
2021-03,Gourgeist-Super,0.000149,2375.0,0.0014587726286345,1628081,0.014899999999999998
2021-03,Grimmsnarl,0.0066064,90455.0,0.0555592749992168,1628081,0.66064
2021-03,Gyarados,0.0032029,77064.0,0.0473342542539345,1628081,0.32028999999999996
2021-03,Hatterene,0.0078716,85952.0,0.0527934420953257,1628081,0.78716
2021-03,Hawlucha,0.0395996,233618.0,0.1434928606132004,1628081,3.9599599999999997
2021-03,Haxorus,0.0046596,33460.0,0.0205518030122579,1628081,0.46596
2021-03,Heatran,0.233001,530483.0,0.3258332969919801,1628081,23.3001
2021-03,Heliolisk,0.0003418,17776.0,0.0109183756827823,1628081,0.03418
2021-03,Heracross,0.0085903,19088.0,0.0117242323938428,1628081,0.8590300000000001
2021-03,Hippowdon,0.069617,162598.0,0.0998709523666205,1628081,6.9616999999999996
2021-03,Hitmonlee,0.0001978,14297.0,0.008781504114353,1628081,0.019780000000000002
2021-03,Hydreigon,0.0459005,190318.0,0.1168971322679891,1628081,4.59005
2021-03,Incineroar,0.0059285,47079.0,0.0289168659298892,1628081,0.59285
2021-03,Indeedee,0.0002811,12767.0,0.0078417474314852,1628081,0.02811
2021-03,Inteleon,0.0011614,30025.0,0.0184419571262117,1628081,0.11614
2021-03,Jellicent,0.0002858,9922.0,0.0060942913773946,1628081,0.02858
2021-03,Jirachi,0.0134694,75853.0,0.0465904337683444,1628081,1.34694
2021-03,Jolteon,0.0001138,19821.0,0.0121744556935435,1628081,0.01138
2021-03,Kartana,0.1254933,408117.0,0.2506736458444021,1628081,12.54933
2021-03,Keldeo,0.0139166,47294.0,0.029048923241534,1628081,1.39166
2021-03,Kingdra,0.0050245,53273.0,0.0327213449453682,1628081,0.5024500000000001
2021-03,Kingler,0.0002149,5725.0,0.003516409810077,1628081,0.02149
2021-03,Klefki,0.0040033,26727.0,0.0164162593875857,1628081,0.40032999999999996
2021-03,Kommo-o,0.0190762,71767.0,0.0440807306270388,1628081,1.90762
2021-03,Krookodile,0.001362,64142.0,0.0393973027140541,1628081,0.1362
2021-03,Kyurem,0.0903955,163752.0,0.1005797623091234,1628081,9.03955
2021-03,Landorus-Therian,0.3805216,856584.0,0.5261310708742378,1628081,38.05216
2021-03,Lapras,0.0002229,14838.0,0.0091137971636546,1628081,0.02229
2021-03,Latias,0.0117568,57390.0,0.0352500889083528,1628081,1.17568
2021-03,Latios,0.0232531,200370.0,0.1230712722524247,1628081,2.32531
2021-03,Linoone,0.0001256,11854.0,0.0072809645220354,1628081,0.012559999999999998
2021-03,Lopunny,0.0008208,5224.0,0.0032086855629418,1628081,0.08208
2021-03,Lucario,0.0014796,49902.0,0.0306508091427883,1628081,0.14796
2021-03,Ludicolo,0.0002057,14056.0,0.0086334770813,1628081,0.02057
2021-03,Lycanroc,0.0005309,6113.0,0.0037547271910918,1628081,0.05309
2021-03,Lycanroc-Dusk,0.0017523,32909.0,0.0202133677624147,1628081,0.17523
2021-03,Lycanroc-Midnight,0.0001561,7988.0,0.0049063897926454,1628081,0.01561
2021-03,Machamp,0.0003352,16948.0,0.0104098014779362,1628081,0.03352
2021-03,Magnezone,0.0938387,131225.0,0.0806010266073985,1628081,9.38387
2021-03,Mamoswine,0.0219038,100486.0,0.0617205163625151,1628081,2.19038
2021-03,Mandibuzz,0.1209484,247986.0,0.152317974351399,1628081,12.09484
2021-03,Manectric,0.0002638,5639.0,0.003463586885419,1628081,0.02638
2021-03,Mantine,0.0010997,12412.0,0.0076236993122578,1628081,0.10996999999999998
2021-03,Marowak-Alola,0.0038455,37043.0,0.0227525534663201,1628081,0.38455
2021-03,Melmetal,0.075139,260608.0,0.1600706598750307,1628081,7.5139
2021-03,Mesprit,0.0001343,6209.0,0.0038136923162913,1628081,0.013430000000000001
2021-03,Metagross,0.00085,48561.0,0.0298271400501572,1628081,0.08499999999999999
2021-03,Mew,0.0356267,105031.0,0.064512146508681,1628081,3.56267
2021-03,Mienshao,0.0005064,18115.0,0.0111265962811432,1628081,0.05064
2021-03,Milotic,0.001157,44396.0,0.0272689135245727,1628081,0.1157
2021-03,Mimikyu,0.0014028,63459.0,0.0389777904170615,1628081,0.14028000000000002
2021-03,Moltres,0.0160633,139594.0,0.0857414342406796,1628081,1.6063299999999998
2021-03,Moltres-Galar,0.0129746,38380.0,0.0235737656787346,1628081,1.2974599999999998
2021-03,Morpeko,0.0001356,10219.0,0.0062767147334807,1628081,0.01356
2021-03,Necrozma,0.0028119,15123.0,0.0092888498790907,1628081,0.28119
2021-03,Nidoking,0.0527207,259455.0,0.1593624641525821,1628081,5.27207
2021-03,Nidoqueen,0.0035904,12668.0,0.0077809396461232,1628081,0.35904
2021-03,Nihilego,0.0040712,40597.0,0.0249354915388116,1628081,0.40712
2021-03,Ninetales,0.0002141,21061.0,0.0129360885607042,1628081,0.02141
2021-03,Ninetales-Alola,0.0479307,95718.0,0.058791915144271,1628081,4.79307
2021-03,Obstagoon,0.0064385,60913.0,0.0374139861591653,1628081,0.64385
2021-03,Omastar,0.0083572,12616.0,0.0077490002033068,1628081,0.83572
2021-03,Palossand,0.0001962,5054.0,0.0031042681537343,1628081,0.01962
2021-03,Pangoro,0.0001204,7186.0,0.0044137853092075,1628081,0.01204
2021-03,Pelipper,0.0368523,238162.0,0.1462838765393122,1628081,3.68523
2021-03,Pikachu,0.0001602,15432.0,0.0094786438758268,1628081,0.01602
2021-03,Politoed,0.0003042,20715.0,0.0127235684219642,1628081,0.030420000000000003
2021-03,Poliwrath,0.0001918,13025.0,0.008000216205459,1628081,0.01918
2021-03,Polteageist,0.0034356,37978.0,0.0233268492169615,1628081,0.34356
2021-03,Porygon-Z,0.0019628,22791.0,0.0139986892544044,1628081,0.19627999999999998
2021-03,Porygon2,0.0026071,37844.0,0.0232445437297038,1628081,0.26071
2021-03,Primarina,0.0111239,43031.0,0.0264305031506417,1628081,1.11239
2021-03,Pyukumuku,0.0006135,11724.0,0.0072011159149944,1628081,0.06135
2021-03,Quagsire,0.0170546,50034.0,0.0307318861899377,1628081,1.70546
2021-03,Raichu-Alola,0.0035661,22192.0,0.0136307714419614,1628081,0.35661
2021-03,Raikou,0.002998,18497.0,0.0113612283418331,1628081,0.29979999999999996
2021-03,Rapidash-Galar,0.0001111,3552.0,0.0021817096323831,1628081,0.01111
2021-03,Regidrago,0.0023792,19139.0,0.011755557616605,1628081,0.23792000000000002
2021-03,Regieleki,0.0420362,288111.0,0.1769635540246462,1628081,4.20362
2021-03,Regigigas,0.0002127,9536.0,0.0058572024364881,1628081,0.02127
2021-03,Registeel,0.0002358,12891.0,0.0079179107182013,1628081,0.02358
2021-03,Reuniclus,0.032854,51851.0,0.0318479240283499,1628081,3.2854
2021-03,Rhyperior,0.0041177,40734.0,0.0250196396862318,1628081,0.41177
2021-03,Ribombee,0.0014195,37461.0,0.0230092974489598,1628081,0.14195
2021-03,Rillaboom,0.1738132,538351.0,0.3306659803781261,1628081,17.38132
2021-03,Roserade,0.0002602,23946.0,0.0147081134169614,1628081,0.026019999999999998
2021-03,Rotom-Heat,0.0037595,72681.0,0.0446421277565428,1628081,0.37595
2021-03,Rotom-Mow,0.0001623,9356.0,0.0057466428267389,1628081,0.016229999999999998
2021-03,Rotom-Wash,0.0189517,100711.0,0.0618587158747015,1628081,1.8951699999999998
2021-03,Runerigus,0.0003376,9246.0,0.0056790786207811,1628081,0.033760000000000005
2021-03,Sableye,0.0003839,13648.0,0.0083828752992019,1628081,0.03839
2021-03,Salamence,0.0043342,65486.0,0.0402228144668477,1628081,0.43341999999999997
2021-03,Salazzle,0.0014116,37296.0,0.0229079511400231,1628081,0.14116
2021-03,Sandaconda,0.002793,22226.0,0.0136516549238029,1628081,0.2793
2021-03,Sandslash-Alola,0.0122825,9657.0,0.0059315230630417,1628081,1.22825
2021-03,Sceptile,0.0004303,31696.0,0.0194683188367163,1628081,0.04303
2021-03,Scizor,0.0536413,131795.0,0.0809511320382708,1628081,5.36413
2021-03,Scolipede,0.0017264,23225.0,0.0142652607579106,1628081,0.17264
2021-03,Scrafty,0.0003585,11137.0,0.0068405687432013,1628081,0.03585
2021-03,Seadra,0.0001031,468.0,0.0002874549853477,1628081,0.01031
2021-03,Seismitoad,0.013802,66240.0,0.0406859363876858,1628081,1.3802
2021-03,Sharpedo,0.0001584,10882.0,0.00668394262939,1628081,0.01584
2021-03,Shedinja,0.0089944,17593.0,0.0108059734128707,1628081,0.89944
2021-03,Shuckle,0.0052331,65653.0,0.0403253892158928,1628081,0.52331
2021-03,Sigilyph,0.0003235,12434.0,0.0076372121534493,1628081,0.032350000000000004
2021-03,Sirfetch'd,0.0007803,13859.0,0.0085124757306301,1628081,0.07803
2021-03,Skarmory,0.0820348,95909.0,0.058909231174616,1628081,8.20348
2021-03,Slowbro,0.081266,266608.0,0.1637559802000023,1628081,8.1266
2021-03,Slowbro-Galar,0.0009299,21890.0,0.0134452769856045,1628081,0.09299
2021-03,Slowking,0.1272117,100484.0,0.0617192879224068,1628081,12.72117
2021-03,Slowking-Galar,0.1040027,259788.0,0.159566999430618,1628081,10.40027
2021-03,Slurpuff,0.0007877,32554.0,0.0199953196431872,1628081,0.07877
2021-03,Snorlax,0.0016471,41341.0,0.0253924712591081,1628081,0.16471
2021-03,Stakataka,0.0009706,20474.0,0.0125755413889112,1628081,0.09706
2021-03,Starmie,0.0129679,19310.0,0.0118605892458667,1628081,1.2967899999999999
2021-03,Steelix,0.000729,11036.0,0.0067785325177309,1628081,0.0729
2021-03,Stunfisk,0.005832,2831.0,0.0017388569733324,1628081,0.5832
2021-03,Suicune,0.0084734,29551.0,0.018150816820539,1628081,0.8473400000000001
2021-03,Swampert,0.0650685,263172.0,0.1616455200939019,1628081,6.50685
2021-03,Swoobat,0.0001876,9350.0,0.0057429575064139,1628081,0.01876
2021-03,Sylveon,0.0123631,31828.0,0.0195493958838657,1628081,1.23631
2021-03,Talonflame,0.0002767,18539.0,0.0113870255841079,1628081,0.02767
2021-03,Tangrowth,0.045738,86044.0,0.0528499503403086,1628081,4.5738
2021-03,Tapu Bulu,0.0066411,32720.0,0.0200972801721781,1628081,0.66411
2021-03,Tapu Fini,0.0969051,266626.0,0.1637670361609772,1628081,9.69051
2021-03,Tapu Koko,0.1098549,429874.0,0.264037231562803,1628081,10.98549
2021-03,Tapu Lele,0.1235733,288450.0,0.1771717746230071,1628081,12.35733
2021-03,Tauros,0.0005028,8227.0,0.0050531883855901,1628081,0.05028
2021-03,Tentacruel,0.0012174,22483.0,0.0138095094777225,1628081,0.12174
2021-03,Terrakion,0.0058861,45741.0,0.0280950394974205,1628081,0.58861
2021-03,Thundurus,0.0005482,13345.0,0.0081967666227908,1628081,0.05482
2021-03,Thundurus-Therian,0.0158356,70999.0,0.0436090096254424,1628081,1.5835599999999999
2021-03,Togekiss,0.0129745,90212.0,0.0554100195260555,1628081,1.29745
2021-03,Torkoal,0.0063227,77781.0,0.0477746500327686,1628081,0.63227
2021-03,Tornadus-Therian,0.1038634,215326.0,0.1322575473824705,1628081,10.386339999999999
2021-03,Toxapex,0.1618848,380996.0,0.2340153837554765,1628081,16.18848
2021-03,Toxicroak,0.0004393,14773.0,0.0090738728601341,1628081,0.04393
2021-03,Toxtricity,0.0110088,37769.0,0.0231984772256417,1628081,1.1008799999999999
2021-03,Trevenant,0.0001154,7179.0,0.0044094857688284,1628081,0.01154
2021-03,Tsareena,0.0013215,8649.0,0.0053123892484464,1628081,0.13215
2021-03,Tyranitar,0.0911692,295800.0,0.1816862920210972,1628081,9.11692
2021-03,Tyrantrum,0.0005559,13599.0,0.008352778516548,1628081,0.05559
2021-03,Umbreon,0.0047405,64671.0,0.0397222251227058,1628081,0.47404999999999997
2021-03,Urshifu-Rapid-Strike,0.101302,370347.0,0.2274745543987062,1628081,10.1302
2021-03,Uxie,0.0003089,12135.0,0.0074535603572549,1628081,0.030889999999999997
2021-03,Vanilluxe,0.0014231,13086.0,0.0080376836287629,1628081,0.14231
2021-03,Vaporeon,0.0016171,20313.0,0.0124766519601911,1628081,0.16171
2021-03,Venusaur,0.0052453,78565.0,0.0482561985552315,1628081,0.5245299999999999
2021-03,Victini,0.0332701,89088.0,0.0547196361851775,1628081,3.3270099999999996
2021-03,Vikavolt,0.0002021,11627.0,0.0071415365697406,1628081,0.020210000000000002
2021-03,Vileplume,0.000173,9136.0,0.0056115144148233,1628081,0.0173
2021-03,Virizion,0.0006716,6424.0,0.0039457496279362,1628081,0.06716
2021-03,Volcanion,0.0032796,46401.0,0.0285004247331674,1628081,0.32796000000000003
2021-03,Volcarona,0.0990563,380267.0,0.2335676173359925,1628081,9.90563
2021-03,Weavile,0.0849917,186320.0,0.1144414804914497,1628081,8.49917
2021-03,Weezing-Galar,0.0022074,20333.0,0.0124889363612744,1628081,0.22074
2021-03,Whimsicott,0.0005443,22227.0,0.013652269143857,1628081,0.05442999999999999
2021-03,Xatu,0.0035837,13313.0,0.0081771115810577,1628081,0.35837
2021-03,Xurkitree,0.0009255,21272.0,0.0130656889921324,1628081,0.09255
2021-03,Zapdos,0.1077962,302466.0,0.1857806829021406,1628081,10.77962
2021-03,Zapdos-Galar,0.0337762,199118.0,0.122302268744614,1628081,3.37762
2021-03,Zarude,0.013848,21128.0,0.0129772413043331,1628081,1.3847999999999998
2021-03,Zeraora,0.0911819,182431.0,0.112052778700814,1628081,9.11819
2021-03,Zoroark,0.0006656,30935.0,0.0190008973754991,1628081,0.06656000000000001
2021-03,Zygarde-10%,0.002319,13137.0,0.0080690088515252,1628081,0.2319
2021-03,aromatisse,0.0,0.0,0.0,1628081,0.0
2021-03,dialga,0.0,0.0,0.0,1628081,0.0
2021-03,dracovish,0.0,0.0,0.0,1628081,0.0
2021-03,eternatus,0.0,0.0,0.0,1628081,0.0
2021-03,garbodor,0.0,0.0,0.0,1628081,0.0
2021-03,genesect,0.0,0.0,0.0,1628081,0.0
2021-03,giratina,0.0,0.0,0.0,1628081,0.0
2021-03,glalie,0.0,0.0,0.0,1628081,0.0
2021-03,gourgeist,0.0,0.0,0.0,1628081,0.0
2021-03,groudon,0.0,0.0,0.0,1628081,0.0
2021-03,heatmor,0.0,0.0,0.0,1628081,0.0
2021-03,ho-oh,0.0,0.0,0.0,1628081,0.0
2021-03,kyogre,0.0,0.0,0.0,1628081,0.0
2021-03,landorus,0.0,0.0,0.0,1628081,0.0
2021-03,lugia,0.0,0.0,0.0,1628081,0.0
2021-03,lunala,0.0,0.0,0.0,1628081,0.0
2021-03,lunatone,0.0,0.0,0.0,1628081,0.0
2021-03,marshadow,0.0,0.0,0.0,1628081,0.0
2021-03,mewtwo,0.0,0.0,0.0,1628081,0.0
2021-03,mr-rime,0.0,0.0,0.0,1628081,0.0
2021-03,musharna,0.0,0.0,0.0,1628081,0.0
2021-03,naganadel,0.0,0.0,0.0,1628081,0.0
2021-03,oranguru,0.0,0.0,0.0,1628081,0.0
2021-03,palkia,0.0,0.0,0.0,1628081,0.0
2021-03,passimian,0.0,0.0,0.0,1628081,0.0
2021-03,pheromosa,0.0,0.0,0.0,1628081,0.0
2021-03,pinsir,0.0,0.0,0.0,1628081,0.0
2021-03,raichu,0.0,0.0,0.0,1628081,0.0
2021-03,rayquaza,0.0,0.0,0.0,1628081,0.0
2021-03,reshiram,0.0,0.0,0.0,1628081,0.0
2021-03,rotom,0.0,0.0,0.0,1628081,0.0
2021-03,seaking,0.0,0.0,0.0,1628081,0.0
2021-03,sirfetchd,0.0,0.0,0.0,1628081,0.0
2021-03,skuntank,0.0,0.0,0.0,1628081,0.0
2021-03,solgaleo,0.0,0.0,0.0,1628081,0.0
2021-03,solrock,0.0,0.0,0.0,1628081,0.0
2021-03,sudowoodo,0.0,0.0,0.0,1628081,0.0
2021-03,throh,0.0,0.0,0.0,1628081,0.0
2021-03,whiscash,0.0,0.0,0.0,1628081,0.0
2021-03,wobbuffet,0.0,0.0,0.0,1628081,0.0
2021-03,xerneas,0.0,0.0,0.0,1628081,0.0
2021-03,yveltal,0.0,0.0,0.0,1628081,0.0
2021-03,zacian,0.0,0.0,0.0,1628081,0.0
2021-03,zamazenta,0.0,0.0,0.0,1628081,0.0
2021-03,zekrom,0.0,0.0,0.0,1628081,0.0
2021-03,zygarde,0.0,0.0,0.0,1628081,0.0
2021-04,Abomasnow,0.0003756,4922.0,0.00352018240295,1398223,0.03756
2021-04,Accelgor,0.0001134,11078.0,0.0079229135838846,1398223,0.011340000000000001
2021-04,Aegislash,0.0385285,108238.0,0.0774111139639385,1398223,3.85285
2021-04,Aerodactyl,0.0002167,11304.0,0.0080845473146987,1398223,0.021670000000000002
2021-04,Aggron,0.0003475,14572.0,0.0104217996700097,1398223,0.034749999999999996
2021-04,Alakazam,0.004622,61130.0,0.0437197786047003,1398223,0.4622
2021-04,Altaria,0.0002015,3737.0,0.002672678106425,1398223,0.020149999999999998
2021-04,Amoonguss,0.0159028,42163.0,0.030154703505807,1398223,1.5902800000000001
2021-04,Araquanid,0.0027064,20016.0,0.0143153130795302,1398223,0.27064
2021-04,Arcanine,0.0003368,28881.0,0.0206555034497358,1398223,0.03368
2021-04,Archeops,0.000266,8461.0,0.006051252196538,1398223,0.026600000000000002
2021-04,Arctovish,0.0010651,17450.0,0.0124801265606416,1398223,0.10651000000000001
2021-04,Arctozolt,0.0030246,28177.0,0.0201520072263151,1398223,0.30246
2021-04,Aron,0.000108,4345.0,0.0031075157539248,1398223,0.010799999999999999
2021-04,Articuno,0.0006113,5602.0,0.0040065139823905,1398223,0.06113
2021-04,Articuno-Galar,0.0032674,9200.0,0.0065797801924299,1398223,0.32674000000000003
2021-04,Audino,0.0001043,3361.0,0.0024037653507344,1398223,0.01043
2021-04,Aurorus,0.0009601,16266.0,0.0116333374576158,1398223,0.09601
2021-04,Avalugg,0.0001643,8097.0,0.0057909217628375,1398223,0.01643
2021-04,Azelf,0.0009282,24795.0,0.0177332228120979,1398223,0.09282
2021-04,Azumarill,0.0418816,97908.0,0.0700231651174383,1398223,4.18816
2021-04,Barraskewda,0.0192795,93948.0,0.0671909988606967,1398223,1.92795
2021-04,Bewear,0.0003184,7361.0,0.0052645393474431,1398223,0.03184
2021-04,Bisharp,0.0753717,250608.0,0.1792332124417922,1398223,7.53717
2021-04,Blacephalon,0.0325481,89826.0,0.0642429712570884,1398223,3.2548100000000004
2021-04,Blastoise,0.0002713,27939.0,0.0199817911735109,1398223,0.027129999999999998
2021-04,Blaziken,0.0094002,150985.0,0.107983490473265,1398223,0.94002
2021-04,Blissey,0.1250935,259267.0,0.1854260729511673,1398223,12.50935
2021-04,Bronzong,0.0001894,10176.0,0.0072778090476268,1398223,0.01894
2021-04,Buzzwole,0.0407644,60535.0,0.0432942384726899,1398223,4.07644
2021-04,Celesteela,0.0038338,49663.0,0.0355186547496357,1398223,0.38338
2021-04,Centiskorch,0.0006382,8770.0,0.0062722469877837,1398223,0.06382
2021-04,Chandelure,0.0009992,34835.0,0.0249137655438367,1398223,0.09992
2021-04,Chansey,0.0570767,85916.0,0.0614465646753057,1398223,5.70767
2021-04,Charizard,0.0009631,41380.0,0.0295947069959512,1398223,0.09631
2021-04,Cherrim,0.0001552,1326.0,0.0009483465799089,1398223,0.01552
2021-04,Cinccino,0.000194,11158.0,0.0079801290638188,1398223,0.0194
2021-04,Clawitzer,0.000145,8066.0,0.005768750764363,1398223,0.0145
2021-04,Clefable,0.2600948,388019.0,0.2775086663572262,1398223,26.00948
2021-04,Cloyster,0.0165771,105333.0,0.0753334768488288,1398223,1.65771
2021-04,Cobalion,0.0008415,4784.0,0.0034214857000635,1398223,0.08415
2021-04,Cofagrigus,0.0002485,9167.0,0.0065561788069571,1398223,0.024850000000000004
2021-04,Comfey,0.0035456,13154.0,0.0094076552881764,1398223,0.35456
2021-04,Conkeldurr,0.0040105,60432.0,0.0432205735422747,1398223,0.40105
2021-04,Corsola-Galar,0.000199,21663.0,0.015493236772675,1398223,0.0199
2021-04,Corviknight,0.2466483,455609.0,0.3258485949666111,1398223,24.66483
2021-04,Crawdaunt,0.0375367,65851.0,0.0470962071143158,1398223,3.75367
2021-04,Cresselia,0.0029895,15789.0,0.0112921901585083,1398223,0.29895
2021-04,Cursola,0.0001681,5739.0,0.0041044954917777,1398223,0.01681
2021-04,Darmanitan,0.0007062,34279.0,0.0245161179582942,1398223,0.07062
2021-04,Dhelmise,0.0001248,7898.0,0.0056485982565012,1398223,0.01248
2021-04,Diancie,0.0003147,8761.0,0.0062658102462911,1398223,0.03147
2021-04,Diggersby,0.0043509,18047.0,0.0129070970796503,1398223,0.43509000000000003
2021-04,Ditto,0.0251133,42381.0,0.0303106156886276,1398223,2.51133
2021-04,Dracozolt,0.0137405,67851.0,0.0485265941126701,1398223,1.37405
2021-04,Dragapult,0.2060004,623819.0,0.4461512934632029,1398223,20.60004
2021-04,Dragonite,0.1312603,252654.0,0.1806964983411086,1398223,13.12603
2021-04,Drampa,0.0010967,3914.0,0.0027992673557794,1398223,0.10966999999999999
2021-04,Drapion,0.0004498,14057.0,0.0100534750179334,1398223,0.04498
2021-04,Drednaw,0.0001075,2966.0,0.0021212639185594,1398223,0.01075
2021-04,Druddigon,0.0001502,7881.0,0.0056364399670152,1398223,0.015019999999999999
2021-04,Dubwool,0.0002585,6133.0,0.0043862817304535,1398223,0.025849999999999998
2021-04,Eldegoss,0.0019826,4002.0,0.002862204383707,1398223,0.19826000000000002
2021-04,Electivire,0.0001389,9263.0,0.0066248373828781,1398223,0.01389
2021-04,Entei,0.0003537,12185.0,0.0087146327874738,1398223,0.03537
2021-04,Espeon,0.0024175,32907.0,0.0235348724774231,1398223,0.24175
2021-04,Excadrill,0.0415281,240612.0,0.1720841382240172,1398223,4.15281
2021-04,Ferrothorn,0.1880169,481771.0,0.3445594872920843,1398223,18.801689999999997
2021-04,Flygon,0.0009727,12611.0,0.0090193052181232,1398223,0.09727
2021-04,Froslass,0.0002564,8695.0,0.0062186074753454,1398223,0.02564
2021-04,Frosmoth,0.0001101,6861.0,0.0049069425978545,1398223,0.01101
2021-04,Galvantula,0.000224,29765.0,0.0212877345030084,1398223,0.0224
2021-04,Garchomp,0.2189911,482389.0,0.3450014768745758,1398223,21.89911
2021-04,Gardevoir,0.0003446,33266.0,0.0237916269436277,1398223,0.03446
2021-04,Gastrodon,0.0137296,37992.0,0.027171631420739,1398223,1.37296
2021-04,Gengar,0.0085796,122452.0,0.0875768743612428,1398223,0.85796
2021-04,Gigalith,0.0001818,8186.0,0.0058545739842643,1398223,0.01818
2021-04,Glastrier,0.0011189,11306.0,0.008085977701697,1398223,0.11188999999999999
2021-04,Golisopod,0.0002889,14652.0,0.0104790151499438,1398223,0.02889
2021-04,Golurk,0.0016262,8880.0,0.0063509182726932,1398223,0.16262
2021-04,Goodra,0.0003185,27131.0,0.0194039148261757,1398223,0.031849999999999996
2021-04,Grimmsnarl,0.0064619,74305.0,0.0531424529563596,1398223,0.6461899999999999
2021-04,Gyarados,0.0018146,59527.0,0.0425733234255193,1398223,0.18146
2021-04,Hatterene,0.0088279,74022.0,0.0529400531960924,1398223,0.88279
2021-04,Hawlucha,0.05096,219287.0,0.156832636854064,1398223,5.096
2021-04,Haxorus,0.0047734,28134.0,0.0201212539058504,1398223,0.47734
2021-04,Heatran,0.1912303,473973.0,0.3389824083855007,1398223,19.12303
2021-04,Heliolisk,0.0001519,12345.0,0.0088290637473421,1398223,0.01519
2021-04,Heracross,0.0027921,13389.0,0.0095757257604831,1398223,0.27921
2021-04,Hippowdon,0.0977493,144870.0,0.1036100822257966,1398223,9.77493
2021-04,Hitmonlee,0.0001073,10841.0,0.0077534127245796,1398223,0.01073
2021-04,Hydreigon,0.0407612,174175.0,0.1245688277191835,1398223,4.0761199999999995
2021-04,Incineroar,0.0051746,36996.0,0.0264592986955585,1398223,0.5174599999999999
2021-04,Indeedee,0.0002628,10555.0,0.007548867383815,1398223,0.026279999999999998
2021-04,Inteleon,0.0001748,23220.0,0.0166067930508938,1398223,0.01748
2021-04,Jellicent,0.0002749,8675.0,0.0062043036053619,1398223,0.02749
2021-04,Jirachi,0.0052739,58159.0,0.041594938718645,1398223,0.52739
2021-04,Jolteon,0.0009955,25097.0,0.0179492112488494,1398223,0.09955000000000001
2021-04,Kabutops,0.0002335,7790.0,0.0055713573585901,1398223,0.023350000000000003
2021-04,Kartana,0.0988799,313440.0,0.2241702503820921,1398223,9.88799
2021-04,Keldeo,0.0127986,35188.0,0.0251662288490462,1398223,1.27986
2021-04,Kingdra,0.0094293,40798.0,0.0291784643794301,1398223,0.9429299999999999
2021-04,Klefki,0.0012749,24021.0,0.0171796630437348,1398223,0.12749
2021-04,Kommo-o,0.0100128,58667.0,0.041958257016227,1398223,1.00128
2021-04,Krookodile,0.0018549,50151.0,0.0358676691772342,1398223,0.18549000000000002
2021-04,Kyurem,0.0755126,206242.0,0.1475029376572978,1398223,7.55126
2021-04,Landorus-Therian,0.4608669,828964.0,0.5928696638519034,1398223,46.086690000000004
2021-04,Lapras,0.0002041,11261.0,0.0080537939942341,1398223,0.02041
2021-04,Latias,0.0090899,42502.0,0.030397154102028,1398223,0.90899
2021-04,Latios,0.0169762,105374.0,0.0753627997822951,1398223,1.6976200000000001
2021-04,Lopunny,0.0005122,6247.0,0.0044678137893597,1398223,0.05122
2021-04,Lucario,0.0004298,34421.0,0.0246176754351773,1398223,0.04298
2021-04,Ludicolo,0.0002076,10366.0,0.0074136958124705,1398223,0.02076
2021-04,Lycanroc,0.0001085,4628.0,0.0033099155141919,1398223,0.01085
2021-04,Lycanroc-Dusk,0.0016736,27206.0,0.019457554338614,1398223,0.16735999999999998
2021-04,Machamp,0.0001373,12211.0,0.0087332278184524,1398223,0.013730000000000001
2021-04,Magnezone,0.0713232,164886.0,0.1179253953053268,1398223,7.13232
2021-04,Malamar,0.000196,12814.0,0.0091644894984562,1398223,0.0196
2021-04,Mamoswine,0.0127686,77853.0,0.0556799594914402,1398223,1.2768599999999999
2021-04,Mandibuzz,0.0924582,205185.0,0.1467469781286676,1398223,9.24582
2021-04,Mantine,0.0017223,11710.0,0.0083749158753646,1398223,0.17223
2021-04,Marowak-Alola,0.0051164,35046.0,0.025064671372163,1398223,0.51164
2021-04,Melmetal,0.054473,202434.0,0.1447794808124312,1398223,5.4473
2021-04,Meowstic,0.0001041,5397.0,0.0038598993150591,1398223,0.010409999999999999
2021-04,Metagross,0.0007796,34407.0,0.0246076627261888,1398223,0.07796
2021-04,Mew,0.0517032,100246.0,0.0716952875185145,1398223,5.170319999999999
2021-04,Mienshao,0.000664,15037.0,0.0107543646471271,1398223,0.0664
2021-04,Milotic,0.001138,35970.0,0.0257255101654028,1398223,0.11379999999999998
2021-04,Mimikyu,0.00265,47507.0,0.0339766975654098,1398223,0.265
2021-04,Moltres,0.0165332,65830.0,0.047081188050833,1398223,1.6533200000000001
2021-04,Moltres-Galar,0.030615,29234.0,0.0209079667549453,1398223,3.0615
2021-04,Mr. Rime,0.0001416,3159.0,0.0022592962639006,1398223,0.01416
2021-04,Necrozma,0.0025196,11598.0,0.0082948142034568,1398223,0.25195999999999996
2021-04,Nidoking,0.0433312,200265.0,0.1432282261127159,1398223,4.33312
2021-04,Nidoqueen,0.0014795,9239.0,0.0066076727388978,1398223,0.14795
2021-04,Nihilego,0.0020994,31772.0,0.022723127855857,1398223,0.20994
2021-04,Ninetales,0.0001871,17655.0,0.0126267412279729,1398223,0.01871
2021-04,Ninetales-Alola,0.0158566,91268.0,0.0652742802829019,1398223,1.5856599999999998
2021-04,Noctowl,0.0001923,3546.0,0.0025360761480822,1398223,0.01923
2021-04,Obstagoon,0.0035499,30292.0,0.0216646414770748,1398223,0.35498999999999997
2021-04,Omastar,0.0027825,9518.0,0.0068072117251683,1398223,0.27825
2021-04,Palossand,0.0003716,7122.0,0.0050936081011398,1398223,0.03716
2021-04,Pangoro,0.0005766,5564.0,0.0039793366294217,1398223,0.05766
2021-04,Pelipper,0.0320944,152860.0,0.1093244782842221,1398223,3.2094400000000003
2021-04,Politoed,0.0002113,16727.0,0.0119630416607365,1398223,0.021130000000000003
2021-04,Poliwrath,0.0002038,7895.0,0.0056464526760037,1398223,0.02038
2021-04,Polteageist,0.0078497,31640.0,0.0226287223139656,1398223,0.78497
2021-04,Porygon-Z,0.0006399,17964.0,0.0128477360192186,1398223,0.06399
2021-04,Porygon2,0.0028979,33191.0,0.0237379874311894,1398223,0.28979
2021-04,Primarina,0.0058456,36584.0,0.0261646389738975,1398223,0.5845600000000001
2021-04,Pyukumuku,0.0006179,11803.0,0.0084414288707881,1398223,0.06179
2021-04,Quagsire,0.0417995,48926.0,0.0349915571407422,1398223,4.179950000000001
2021-04,Raichu-Alola,0.0011142,19252.0,0.0137689052461588,1398223,0.11142
2021-04,Raikou,0.0001928,11032.0,0.0078900146829225,1398223,0.01928
2021-04,Rapidash-Galar,0.0001099,3619.0,0.0025882852735221,1398223,0.01099
2021-04,Regidrago,0.000744,14227.0,0.0101750579127935,1398223,0.0744
2021-04,Regieleki,0.0237584,215518.0,0.1541370725556653,1398223,2.3758399999999997
2021-04,Regigigas,0.0010746,7155.0,0.0051172094866126,1398223,0.10746
2021-04,Registeel,0.0004721,10972.0,0.0078471030729719,1398223,0.047209999999999995
2021-04,Reuniclus,0.0333159,39574.0,0.0283030675364373,1398223,3.3315900000000003
2021-04,Rhyperior,0.0030515,25356.0,0.0181344463651363,1398223,0.30515
2021-04,Ribombee,0.0010003,29892.0,0.0213785640774039,1398223,0.10003
2021-04,Rillaboom,0.1455969,467139.0,0.3340947760121239,1398223,14.55969
2021-04,Roserade,0.0001725,17095.0,0.0122262328684337,1398223,0.017249999999999998
2021-04,Rotom-Heat,0.0034507,57778.0,0.0413224499954585,1398223,0.34507
2021-04,Rotom-Mow,0.0001268,9429.0,0.0067435595037415,1398223,0.012679999999999999
2021-04,Rotom-Wash,0.0422678,86033.0,0.0615302423147094,1398223,4.22678
2021-04,Runerigus,0.0001355,7683.0,0.0054948316541781,1398223,0.01355
2021-04,Sableye,0.0004143,12764.0,0.0091287298234973,1398223,0.04143
2021-04,Salamence,0.0041178,53019.0,0.0379188441328743,1398223,0.41178
2021-04,Salazzle,0.0006582,30115.0,0.0215380522277204,1398223,0.06581999999999999
2021-04,Sandaconda,0.0013612,13437.0,0.0096100550484436,1398223,0.13612
2021-04,Sandslash-Alola,0.0018271,15702.0,0.0112299683240799,1398223,0.18270999999999998
2021-04,Sceptile,0.000202,24256.0,0.0173477335160414,1398223,0.0202
2021-04,Scizor,0.0379636,115873.0,0.0828716163301562,1398223,3.79636
2021-04,Scolipede,0.0009332,17896.0,0.0127991028612746,1398223,0.09332
2021-04,Seismitoad,0.0229385,55118.0,0.0394200352876472,1398223,2.29385
2021-04,Shedinja,0.021409,16932.0,0.0121096563280678,1398223,2.1409000000000002
2021-04,Shiftry,0.0002166,5372.0,0.0038420194775797,1398223,0.021660000000000002
2021-04,Shuckle,0.0141622,51680.0,0.0369612000374761,1398223,1.41622
2021-04,Sigilyph,0.0002365,7673.0,0.0054876797191864,1398223,0.02365
2021-04,Sirfetch'd,0.0010068,10298.0,0.0073650626545264,1398223,0.10067999999999999
2021-04,Skarmory,0.0660073,134966.0,0.0965268058099459,1398223,6.60073
2021-04,Slowbro,0.0874712,231125.0,0.1652990974973233,1398223,8.74712
2021-04,Slowbro-Galar,0.0006055,18761.0,0.0134177452380628,1398223,0.06055
2021-04,Slowking,0.1088619,162338.0,0.1161030822694234,1398223,10.88619
2021-04,Slowking-Galar,0.1087432,185192.0,0.1324481144996184,1398223,10.874319999999999
2021-04,Slurpuff,0.0024,26746.0,0.0191285653289925,1398223,0.24
2021-04,Snorlax,0.0038141,34222.0,0.0244753519288411,1398223,0.38140999999999997
2021-04,Stakataka,0.0011143,15913.0,0.0113808741524063,1398223,0.11142999999999999
2021-04,Starmie,0.0053643,15799.0,0.0112993420935001,1398223,0.53643
2021-04,Stunfisk,0.0024851,2234.0,0.0015977422771617,1398223,0.24851
2021-04,Suicune,0.0071863,22145.0,0.0158379600392784,1398223,0.71863
2021-04,Swampert,0.0453557,219661.0,0.1571001192227563,1398223,4.53557
2021-04,Sylveon,0.0069484,25786.0,0.0184419795697825,1398223,0.69484
2021-04,Talonflame,0.0004365,14841.0,0.0106141867212883,1398223,0.04365
2021-04,Tangrowth,0.0446353,68308.0,0.0488534375417941,1398223,4.46353
2021-04,Tapu Bulu,0.0040021,29112.0,0.0208207131480457,1398223,0.40020999999999995
2021-04,Tapu Fini,0.1308553,215119.0,0.1538517103494936,1398223,13.08553
2021-04,Tapu Koko,0.1689909,373893.0,0.2674058429878496,1398223,16.89909
2021-04,Tapu Lele,0.1000552,238749.0,0.1707517327350501,1398223,10.005519999999999
2021-04,Tauros,0.0001455,8040.0,0.0057501557333844,1398223,0.01455
2021-04,Tentacruel,0.0004254,21010.0,0.0150262154177123,1398223,0.04254
2021-04,Terrakion,0.011605,33970.0,0.0242951231670484,1398223,1.1605
2021-04,Thundurus,0.0004685,9843.0,0.0070396496124008,1398223,0.04685
2021-04,Thundurus-Therian,0.0064411,47004.0,0.0336169552353236,1398223,0.64411
2021-04,Togedemaru,0.000301,9166.0,0.0065554636134579,1398223,0.0301
2021-04,Togekiss,0.0037517,81049.0,0.0579657179148104,1398223,0.37517
2021-04,Torkoal,0.0088567,59746.0,0.0427299508018391,1398223,0.8856700000000001
2021-04,Tornadus,0.0001798,3967.0,0.0028371726112358,1398223,0.01798
2021-04,Tornadus-Therian,0.0911389,164066.0,0.1173389366360015,1398223,9.11389
2021-04,Toxapex,0.1830771,315303.0,0.2255026558710592,1398223,18.30771
2021-04,Toxicroak,0.0001332,13407.0,0.0095885992434683,1398223,0.013320000000000002
2021-04,Toxtricity,0.0051193,29995.0,0.0214522290078192,1398223,0.51193
2021-04,Trubbish,0.0006045,248.0,0.0001773679877959,1398223,0.060450000000000004
2021-04,Tsareena,0.0001416,7832.0,0.0056013954855555,1398223,0.01416
2021-04,Tyranitar,0.0749215,234562.0,0.1677572175539953,1398223,7.4921500000000005
2021-04,Tyrantrum,0.0027737,9398.0,0.006721388505267,1398223,0.27737
2021-04,Umbreon,0.0043671,48289.0,0.0345359788817663,1398223,0.43671
2021-04,Urshifu-Rapid-Strike,0.0880507,295993.0,0.211692269401948,1398223,8.805069999999999
2021-04,Vanilluxe,0.0001471,7689.0,0.0054991228151732,1398223,0.014709999999999999
2021-04,Vaporeon,0.0008811,18018.0,0.0128863564681742,1398223,0.08811
2021-04,Venusaur,0.0077078,62310.0,0.0445637069337294,1398223,0.77078
2021-04,Victini,0.0361429,96827.0,0.0692500409448278,1398223,3.61429
2021-04,Vikavolt,0.0001291,9061.0,0.0064803682960443,1398223,0.01291
2021-04,Volcanion,0.0037892,30824.0,0.022045124418637,1398223,0.37892
2021-04,Volcarona,0.1221479,381177.0,0.272615312435856,1398223,12.21479
2021-04,Weavile,0.054723,146211.0,0.1045691567081931,1398223,5.4723
2021-04,Weezing-Galar,0.0009131,14928.0,0.0106764085557167,1398223,0.09131
2021-04,Whimsicott,0.0001511,20724.0,0.0148216700769476,1398223,0.015109999999999998
2021-04,Wigglytuff,0.0002473,3094.0,0.0022128086864541,1398223,0.02473
2021-04,Xatu,0.0011471,9918.0,0.0070932891248391,1398223,0.11471
2021-04,Xurkitree,0.0002959,16421.0,0.0117441924499883,1398223,0.029589999999999998
2021-04,Zamazenta-Crowned,0.2236081,207187.0,0.1481787955140203,1398223,22.36081
2021-04,Zapdos,0.1203088,278093.0,0.1988903057666767,1398223,12.03088
2021-04,Zapdos-Galar,0.0216961,118286.0,0.0845973782436707,1398223,2.16961
2021-04,Zarude,0.0101102,18802.0,0.0134470681715291,1398223,1.01102
2021-04,Zeraora,0.1005187,268602.0,0.1921024042659861,1398223,10.051870000000001
2021-04,Zoroark,0.0005447,20291.0,0.0145119912918039,1398223,0.05447
2021-04,Zygarde-10%,0.0015446,15387.0,0.0110046823718391,1398223,0.15446
2021-04,aromatisse,0.0,0.0,0.0,1398223,0.0
2021-04,dialga,0.0,0.0,0.0,1398223,0.0
2021-04,dracovish,0.0,0.0,0.0,1398223,0.0
2021-04,eternatus,0.0,0.0,0.0,1398223,0.0
2021-04,garbodor,0.0,0.0,0.0,1398223,0.0
2021-04,genesect,0.0,0.0,0.0,1398223,0.0
2021-04,giratina,0.0,0.0,0.0,1398223,0.0
2021-04,glalie,0.0,0.0,0.0,1398223,0.0
2021-04,gourgeist,0.0,0.0,0.0,1398223,0.0
2021-04,groudon,0.0,0.0,0.0,1398223,0.0
2021-04,heatmor,0.0,0.0,0.0,1398223,0.0
2021-04,ho-oh,0.0,0.0,0.0,1398223,0.0
2021-04,kyogre,0.0,0.0,0.0,1398223,0.0
2021-04,landorus,0.0,0.0,0.0,1398223,0.0
2021-04,lugia,0.0,0.0,0.0,1398223,0.0
2021-04,lunala,0.0,0.0,0.0,1398223,0.0
2021-04,lunatone,0.0,0.0,0.0,1398223,0.0
2021-04,marshadow,0.0,0.0,0.0,1398223,0.0
2021-04,mewtwo,0.0,0.0,0.0,1398223,0.0
2021-04,mr-rime,0.0,0.0,0.0,1398223,0.0
2021-04,musharna,0.0,0.0,0.0,1398223,0.0
2021-04,naganadel,0.0,0.0,0.0,1398223,0.0
2021-04,oranguru,0.0,0.0,0.0,1398223,0.0
2021-04,palkia,0.0,0.0,0.0,1398223,0.0
2021-04,passimian,0.0,0.0,0.0,1398223,0.0
2021-04,pheromosa,0.0,0.0,0.0,1398223,0.0
2021-04,pinsir,0.0,0.0,0.0,1398223,0.0
2021-04,raichu,0.0,0.0,0.0,1398223,0.0
2021-04,rayquaza,0.0,0.0,0.0,1398223,0.0
2021-04,reshiram,0.0,0.0,0.0,1398223,0.0
2021-04,rotom,0.0,0.0,0.0,1398223,0.0
2021-04,seaking,0.0,0.0,0.0,1398223,0.0
2021-04,sirfetchd,0.0,0.0,0.0,1398223,0.0
2021-04,skuntank,0.0,0.0,0.0,1398223,0.0
2021-04,solgaleo,0.0,0.0,0.0,1398223,0.0
2021-04,solrock,0.0,0.0,0.0,1398223,0.0
2021-04,sudowoodo,0.0,0.0,0.0,1398223,0.0
2021-04,throh,0.0,0.0,0.0,1398223,0.0
2021-04,whiscash,0.0,0.0,0.0,1398223,0.0
2021-04,wobbuffet,0.0,0.0,0.0,1398223,0.0
2021-04,xerneas,0.0,0.0,0.0,1398223,0.0
2021-04,yveltal,0.0,0.0,0.0,1398223,0.0
2021-04,zacian,0.0,0.0,0.0,1398223,0.0
2021-04,zamazenta,0.0,0.0,0.0,1398223,0.0
2021-04,zekrom,0.0,0.0,0.0,1398223,0.0
2021-04,zygarde,0.0,0.0,0.0,1398223,0.0
2021-05,Abomasnow,0.0003707,4179.0,0.003105375442789,1345731,0.03707
2021-05,Absol,0.0001159,6135.0,0.0045588605746616,1345731,0.01159
2021-05,Accelgor,0.0001767,12821.0,0.0095271640469009,1345731,0.01767
2021-05,Aegislash,0.0361609,89624.0,0.0665987481896456,1345731,3.6160900000000002
2021-05,Aerodactyl,0.0002812,11097.0,0.0082460759245346,1345731,0.02812
2021-05,Aggron,0.0001423,13699.0,0.0101795975570154,1345731,0.01423
2021-05,Alakazam,0.0050812,58301.0,0.0433229226346127,1345731,0.50812
2021-05,Altaria,0.0012443,7526.0,0.0055924995411415,1345731,0.12443
2021-05,Amoonguss,0.0130087,43419.0,0.0322642489472264,1345731,1.30087
2021-05,Araquanid,0.0006046,21086.0,0.0156688075105648,1345731,0.06045999999999999
2021-05,Arcanine,0.0004005,27319.0,0.0203004909599318,1345731,0.040049999999999995
2021-05,Archeops,0.0001354,7376.0,0.005481035957409,1345731,0.013540000000000002
2021-05,Arctovish,0.0007526,10516.0,0.0078143403102105,1345731,0.07526
2021-05,Arctozolt,0.0078356,20317.0,0.0150973708712959,1345731,0.78356
2021-05,Aron,0.0004801,5617.0,0.0041739396655052,1345731,0.048010000000000004
2021-05,Articuno,0.0002336,6212.0,0.0046160785476443,1345731,0.023360000000000002
2021-05,Articuno-Galar,0.0001838,8515.0,0.0063274161032182,1345731,0.01838
2021-05,Audino,0.0031563,5318.0,0.0039517555885983,1345731,0.31562999999999997
2021-05,Aurorus,0.0009524,7831.0,0.0058191421613977,1345731,0.09523999999999999
2021-05,Avalugg,0.0003063,9672.0,0.0071871718790753,1345731,0.03063
2021-05,Azelf,0.0016775,26748.0,0.0198761862511898,1345731,0.16774999999999998
2021-05,Azumarill,0.0223842,89954.0,0.0668439680738572,1345731,2.23842
2021-05,Barbaracle,0.0005647,4665.0,0.0034665174540825,1345731,0.05647
2021-05,Barraskewda,0.0109221,84409.0,0.0627235309285436,1345731,1.0922100000000001
2021-05,Bewear,0.0003275,6599.0,0.0049036545936743,1345731,0.03275
2021-05,Bisharp,0.1241353,268450.0,0.1994826603533692,1345731,12.41353
2021-05,Blacephalon,0.0324811,87541.0,0.0650508905568795,1345731,3.24811
2021-05,Blastoise,0.0011795,29574.0,0.0219761601687112,1345731,0.11795
2021-05,Blaziken,0.0159839,151216.0,0.1123671818513506,1345731,1.59839
2021-05,Blissey,0.090084,249254.0,0.1852182939978346,1345731,9.0084
2021-05,Braviary,0.0003016,6116.0,0.0045447418540555,1345731,0.030160000000000003
2021-05,Bronzong,0.0006173,10620.0,0.0078916217282651,1345731,0.06173
2021-05,Buzzwole,0.0539482,65238.0,0.0484777418369644,1345731,5.39482
2021-05,Celesteela,0.0054116,53258.0,0.039575516949524,1345731,0.54116
2021-05,Centiskorch,0.0002024,8070.0,0.0059967408048116,1345731,0.020239999999999998
2021-05,Chandelure,0.0002838,33865.0,0.0251647617540206,1345731,0.028380000000000002
2021-05,Chansey,0.0294374,69081.0,0.0513334388521926,1345731,2.94374
2021-05,Charizard,0.0006419,42939.0,0.0319075654792822,1345731,0.06419000000000001
2021-05,Cinccino,0.0001681,11552.0,0.0085841821285234,1345731,0.01681
2021-05,Clawitzer,0.0001367,7499.0,0.0055724360960697,1345731,0.013669999999999998
2021-05,Clefable,0.2617317,391192.0,0.2906910816500474,1345731,26.173170000000002
2021-05,Cloyster,0.0201219,91259.0,0.0678137012523305,1345731,2.0121900000000004
2021-05,Coalossal,0.0001703,5368.0,0.0039889101165091,1345731,0.01703
2021-05,Cobalion,0.0015493,6664.0,0.0049519554799584,1345731,0.15493
2021-05,Cofagrigus,0.0001712,8148.0,0.0060547018683525,1345731,0.01712
2021-05,Comfey,0.0007425,12500.0,0.0092886319777132,1345731,0.07425
2021-05,Conkeldurr,0.0058636,69113.0,0.0513572177500555,1345731,0.58636
2021-05,Corsola-Galar,0.0002796,19059.0,0.0141625629490589,1345731,0.027960000000000002
2021-05,Corviknight,0.2131246,445301.0,0.3308989686646142,1345731,21.31246
2021-05,Crawdaunt,0.0294377,61947.0,0.0460322308098721,1345731,2.94377
2021-05,Cresselia,0.0063659,16003.0,0.0118916782031475,1345731,0.63659
2021-05,Crobat,0.0002002,18097.0,0.0134477098320541,1345731,0.02002
2021-05,Crustle,0.0004669,3425.0,0.0025450851618934,1345731,0.04669
2021-05,Cryogonal,0.0004766,5288.0,0.0039294628718518,1345731,0.04766
2021-05,Cursola,0.0004096,4689.0,0.0034843516274797,1345731,0.040959999999999996
2021-05,Darmanitan,0.0016892,43122.0,0.0320435510514359,1345731,0.16892000000000001
2021-05,Decidueye,0.0001163,9028.0,0.0067086215595836,1345731,0.01163
2021-05,Dhelmise,0.0002408,8957.0,0.0066558621299501,1345731,0.02408
2021-05,Diancie,0.0005558,8056.0,0.0059863375369966,1345731,0.05558
2021-05,Diggersby,0.0032066,17857.0,0.013269368098082,1345731,0.32066
2021-05,Ditto,0.0098025,47514.0,0.0353072047831253,1345731,0.9802500000000001
2021-05,Doublade,0.0001376,4225.0,0.003139557608467,1345731,0.013760000000000001
2021-05,Dracozolt,0.0193368,73473.0,0.0545970925838819,1345731,1.93368
2021-05,Dragapult,0.2457921,610253.0,0.4534732424236344,1345731,24.57921
2021-05,Dragonite,0.1238219,244901.0,0.1819836207979157,1345731,12.38219
2021-05,Drampa,0.0007678,3546.0,0.0026349991194376,1345731,0.07678
2021-05,Drapion,0.0002794,12632.0,0.0093867199313978,1345731,0.027940000000000003
2021-05,Druddigon,0.0005819,13199.0,0.0098080522779069,1345731,0.05819
2021-05,Dubwool,0.0003167,5711.0,0.0042437901779776,1345731,0.03167
2021-05,Duraludon,0.0001164,6149.0,0.0045692638424766,1345731,0.01164
2021-05,Durant,0.0001341,7286.0,0.0054141578071694,1345731,0.01341
2021-05,Dusclops,0.0001187,8976.0,0.0066699808505563,1345731,0.01187
2021-05,Electivire,0.0001023,11795.0,0.0087647531341702,1345731,0.010230000000000001
2021-05,Entei,0.0002579,11717.0,0.0087067920706292,1345731,0.025789999999999997
2021-05,Escavalier,0.0001225,4796.0,0.003563862317209,1345731,0.01225
2021-05,Espeon,0.0026793,29909.0,0.0222250955057139,1345731,0.26793
2021-05,Excadrill,0.0475611,231050.0,0.1716910734760513,1345731,4.7561100000000005
2021-05,Exploud,0.0001143,6670.0,0.0049564140233077,1345731,0.01143
2021-05,Ferrothorn,0.1927523,458264.0,0.3405316515707819,1345731,19.27523
2021-05,Flapple,0.000103,3112.0,0.0023124978171714,1345731,0.0103
2021-05,Flygon,0.0021679,12655.0,0.0094038110142368,1345731,0.21678999999999998
2021-05,Froslass,0.0004152,11247.0,0.0083575395082672,1345731,0.04152
2021-05,Galvantula,0.0004546,30706.0,0.0228173386806129,1345731,0.04546
2021-05,Garchomp,0.1707461,453237.0,0.3367961353346248,1345731,17.07461
2021-05,Gardevoir,0.0003797,31923.0,0.0237216798899631,1345731,0.037970000000000004
2021-05,Gastrodon,0.016223,40718.0,0.0302571613494821,1345731,1.6223
2021-05,Gengar,0.0084889,123117.0,0.0914870802560095,1345731,0.84889
2021-05,Gigalith,0.000624,8698.0,0.0064634016753719,1345731,0.0624
2021-05,Glaceon,0.0002063,4127.0,0.0030667347337617,1345731,0.02063
2021-05,Glastrier,0.0036311,13827.0,0.0102747131484672,1345731,0.36311
2021-05,Golisopod,0.0002001,14072.0,0.0104567703352304,1345731,0.02001
2021-05,Golurk,0.000203,8854.0,0.0065793238024538,1345731,0.0203
2021-05,Goodra,0.0004725,29155.0,0.0216648052248183,1345731,0.04725
2021-05,Grapploct,0.0001382,3329.0,0.0024737484683045,1345731,0.013819999999999999
2021-05,Grimmsnarl,0.0043512,71000.0,0.0527594296334111,1345731,0.43512000000000006
2021-05,Gyarados,0.0031596,55239.0,0.041047579345352,1345731,0.31595999999999996
2021-05,Hatterene,0.0086867,80152.0,0.0595601944222136,1345731,0.86867
2021-05,Hawlucha,0.0436881,195453.0,0.1452392788751987,1345731,4.36881
2021-05,Haxorus,0.0031751,27955.0,0.0207730965549578,1345731,0.31751
2021-05,Heatran,0.2122678,449746.0,0.3342020061958891,1345731,21.22678
2021-05,Heliolisk,0.0002004,12936.0,0.0096126194610958,1345731,0.02004
2021-05,Heracross,0.0008591,15358.0,0.0114123847930975,1345731,0.08591
2021-05,Hippowdon,0.0801601,119697.0,0.0889457105469072,1345731,8.01601
2021-05,Hitmonlee,0.0001114,11108.0,0.008254249920675,1345731,0.01114
2021-05,Hitmontop,0.0003962,7767.0,0.0057715843656718,1345731,0.039619999999999995
2021-05,Hydreigon,0.0867452,156248.0,0.1161064135402989,1345731,8.67452
2021-05,Incineroar,0.0046708,36793.0,0.0273405309084802,1345731,0.46708
2021-05,Indeedee,0.000122,9521.0,0.0070749652047846,1345731,0.012199999999999999
2021-05,Inteleon,0.0004661,23539.0,0.0174916086498713,1345731,0.04661
2021-05,Jellicent,0.0002769,7714.0,0.0057322005660863,1345731,0.02769
2021-05,Jirachi,0.0097157,59275.0,0.0440466928383161,1345731,0.97157
2021-05,Jolteon,0.0002239,18585.0,0.013810338024464,1345731,0.02239
2021-05,Kabutops,0.0005775,9821.0,0.0072978923722497,1345731,0.05775
2021-05,Kartana,0.1353996,313069.0,0.2326386179704562,1345731,13.53996
2021-05,Keldeo,0.0106637,38465.0,0.0285829783218191,1345731,1.06637
2021-05,Kingdra,0.0104903,41408.0,0.0307698938346519,1345731,1.04903
2021-05,Klefki,0.0014508,22493.0,0.0167143359259762,1345731,0.14508
2021-05,Kommo-o,0.0191332,61901.0,0.0459980486441941,1345731,1.91332
2021-05,Krookodile,0.0017105,43454.0,0.032290257116764,1345731,0.17105
2021-05,Kyurem,0.1116976,230477.0,0.1712652825861929,1345731,11.16976
2021-05,Landorus-Therian,0.5165893,787181.0,0.5849467687078621,1345731,51.658930000000005
2021-05,Lanturn,0.0001789,7812.0,0.0058050234407916,1345731,0.01789
2021-05,Lapras,0.0001,10334.0,0.007679097828615,1345731,0.01
2021-05,Latias,0.0140141,34909.0,0.0259405482967992,1345731,1.40141
2021-05,Latios,0.0181007,81866.0,0.0608338516389976,1345731,1.81007
2021-05,Leafeon,0.0001376,6104.0,0.0045358247673569,1345731,0.013760000000000001
2021-05,Liepard,0.000134,5320.0,0.0039532417697147,1345731,0.0134
2021-05,Linoone,0.0001255,8396.0,0.0062389883267904,1345731,0.012549999999999999
2021-05,Lucario,0.0002701,36498.0,0.0271213191938061,1345731,0.02701
2021-05,Ludicolo,0.0001687,10680.0,0.0079362071617581,1345731,0.01687
2021-05,Lurantis,0.0001362,7837.0,0.005823600704747,1345731,0.01362
2021-05,Lycanroc,0.0001927,4613.0,0.0034278767450552,1345731,0.01927
2021-05,Lycanroc-Dusk,0.0025258,28734.0,0.0213519640998089,1345731,0.25257999999999997
2021-05,Machamp,0.0002167,11481.0,0.00853142269889,1345731,0.021670000000000002
2021-05,Magnezone,0.1013846,156707.0,0.1164474921065205,1345731,10.13846
2021-05,Malamar,0.0002312,12239.0,0.0090946853420185,1345731,0.02312
2021-05,Mamoswine,0.0138745,86138.0,0.0640083345037009,1345731,1.38745
2021-05,Mandibuzz,0.0688366,185993.0,0.1382096421944653,1345731,6.88366
2021-05,Mantine,0.0014344,12258.0,0.0091088040626247,1345731,0.14343999999999998
2021-05,Marowak-Alola,0.0054933,40298.0,0.029945063315031,1345731,0.54933
2021-05,Melmetal,0.0905579,225573.0,0.1676211664886965,1345731,9.05579
2021-05,Metagross,0.0008648,35528.0,0.0264005213523356,1345731,0.08648
2021-05,Mew,0.0588839,98380.0,0.0731052491173941,1345731,5.88839
2021-05,Mienshao,0.0004346,15375.0,0.0114250173325872,1345731,0.04346
2021-05,Milotic,0.000672,36664.0,0.0272446722264702,1345731,0.0672
2021-05,Mimikyu,0.0008418,44082.0,0.0327569179873243,1345731,0.08417999999999999
2021-05,Moltres,0.0098694,53472.0,0.0397345383289825,1345731,0.98694
2021-05,Moltres-Galar,0.0196466,33715.0,0.0250532981702881,1345731,1.96466
2021-05,Necrozma,0.0036807,12552.0,0.0093272726867405,1345731,0.36807
2021-05,Nidoking,0.039751,182875.0,0.1358926858339445,1345731,3.9751000000000003
2021-05,Nidoqueen,0.0008988,9122.0,0.006778472072056,1345731,0.08987999999999999
2021-05,Nihilego,0.010259,31992.0,0.0237729531384801,1345731,1.0259
2021-05,Ninetales,0.0002416,19305.0,0.0143453632263803,1345731,0.024159999999999997
2021-05,Ninetales-Alola,0.0206248,72460.0,0.053844341848408,1345731,2.06248
2021-05,Noivern,0.0001832,11786.0,0.0087580653191462,1345731,0.01832
2021-05,Obstagoon,0.0021387,28087.0,0.0208711845086425,1345731,0.21386999999999998
2021-05,Omastar,0.0043127,10431.0,0.0077511776127621,1345731,0.43127
2021-05,Pangoro,0.0003171,5866.0,0.0043589692145012,1345731,0.03171
2021-05,Pelipper,0.0303244,149497.0,0.1110898091817755,1345731,3.0324400000000002
2021-05,Pikachu,0.0003973,11434.0,0.0084964974426538,1345731,0.03973
2021-05,Politoed,0.0004182,15233.0,0.0113194984733204,1345731,0.041819999999999996
2021-05,Polteageist,0.0076079,30883.0,0.0229488657094174,1345731,0.76079
2021-05,Porygon-Z,0.0013476,30661.0,0.0227838996054932,1345731,0.13476
2021-05,Porygon2,0.0045592,39384.0,0.0292658785448206,1345731,0.45592000000000005
2021-05,Primarina,0.0130607,40462.0,0.0300669301665786,1345731,1.30607
2021-05,Pyukumuku,0.0016986,14409.0,0.0107071918533495,1345731,0.16986
2021-05,Quagsire,0.0113632,45799.0,0.034032804475783,1345731,1.13632
2021-05,Raboot,0.0001606,3699.0,0.0027486919748448,1345731,0.01606
2021-05,Raichu-Alola,0.0011582,15245.0,0.011328415560019,1345731,0.11582
2021-05,Raikou,0.0009454,11481.0,0.00853142269889,1345731,0.09454
2021-05,Regidrago,0.0006328,15963.0,0.0118619545808189,1345731,0.06328
2021-05,Regieleki,0.0186182,193133.0,0.1435153087801351,1345731,1.8618200000000003
2021-05,Regigigas,0.0001231,7649.0,0.0056838996798022,1345731,0.012310000000000001
2021-05,Registeel,0.000821,10468.0,0.0077786719634161,1345731,0.0821
2021-05,Reuniclus,0.017823,35065.0,0.0260564704238811,1345731,1.7822999999999998
2021-05,Rhyperior,0.0055958,25804.0,0.0191747087642329,1345731,0.55958
2021-05,Ribombee,0.001717,25938.0,0.019274282899034,1345731,0.1717
2021-05,Rillaboom,0.1549406,430465.0,0.3198744771429059,1345731,15.494060000000001
2021-05,Roserade,0.0002257,16215.0,0.0120492134014896,1345731,0.02257
2021-05,Rotom-Heat,0.0029212,56253.0,0.0418010731713841,1345731,0.29212
2021-05,Rotom-Wash,0.0477971,105196.0,0.0781701543622016,1345731,4.779710000000001
2021-05,Sableye,0.0002988,12631.0,0.0093859768408396,1345731,0.02988
2021-05,Salamence,0.0024595,50490.0,0.0375186422843792,1345731,0.24595
2021-05,Salazzle,0.0052058,29343.0,0.0218045062497631,1345731,0.52058
2021-05,Sandaconda,0.0002927,13601.0,0.0101067746823102,1345731,0.02927
2021-05,Sandslash-Alola,0.0013654,10645.0,0.0079101989922205,1345731,0.13654
2021-05,Sceptile,0.0003326,25515.0,0.0189599555929082,1345731,0.03326
2021-05,Scizor,0.0862759,137715.0,0.1023347162248621,1345731,8.62759
2021-05,Scolipede,0.0013804,19100.0,0.0141930296619458,1345731,0.13804
2021-05,Scyther,0.0001115,8061.0,0.0059900529897877,1345731,0.01115
2021-05,Seismitoad,0.0115394,53852.0,0.040016912741105,1345731,1.15394
2021-05,Sharpedo,0.0002988,9191.0,0.0068297453205729,1345731,0.02988
2021-05,Shedinja,0.008617,21801.0,0.01620011725969,1345731,0.8616999999999999
2021-05,Shiftry,0.000126,5192.0,0.0038581261782629,1345731,0.0126
2021-05,Shiinotic,0.0001445,3700.0,0.0027494350654031,1345731,0.01445
2021-05,Shuckle,0.0102752,46973.0,0.0349051927911298,1345731,1.02752
2021-05,Sirfetch'd,0.000469,13577.0,0.010088940508913,1345731,0.046900000000000004
2021-05,Skarmory,0.0591584,139925.0,0.1039769463585218,1345731,5.91584
2021-05,Slowbro,0.0706831,181449.0,0.134833038697927,1345731,7.06831
2021-05,Slowbro-Galar,0.0008306,19036.0,0.0141454718662199,1345731,0.08306000000000001
2021-05,Slowking,0.0930726,163586.0,0.1215592120564956,1345731,9.307260000000001
2021-05,Slowking-Galar,0.0984657,174664.0,0.1297911692604242,1345731,9.84657
2021-05,Slurpuff,0.0015538,21784.0,0.0161874847202003,1345731,0.15538
2021-05,Snorlax,0.0031178,36343.0,0.0270061401572825,1345731,0.31178
2021-05,Spiritomb,0.0001109,8920.0,0.0066283677792961,1345731,0.01109
2021-05,Stakataka,0.0011873,18527.0,0.0137672387720874,1345731,0.11873
2021-05,Starmie,0.0022263,21465.0,0.0159504388321291,1345731,0.22263
2021-05,Steelix,0.0004107,12127.0,0.0090114591994982,1345731,0.04107
2021-05,Stunfisk,0.0039454,4720.0,0.0035073874347845,1345731,0.39454
2021-05,Suicune,0.0080915,23640.0,0.0175666607962512,1345731,0.8091499999999999
2021-05,Swampert,0.0389184,211775.0,0.1573680029664175,1345731,3.8918399999999997
2021-05,Sylveon,0.0036915,24550.0,0.0182428732042287,1345731,0.36915
2021-05,Talonflame,0.0001871,15567.0,0.0115676907197649,1345731,0.01871
2021-05,Tangrowth,0.0403707,70509.0,0.0523945721693265,1345731,4.03707
2021-05,Tapu Bulu,0.0150327,29189.0,0.0216900703037977,1345731,1.5032699999999999
2021-05,Tapu Fini,0.1632528,211839.0,0.1574155607621434,1345731,16.32528
2021-05,Tapu Koko,0.121434,315256.0,0.2342637570212769,1345731,12.1434
2021-05,Tapu Lele,0.1102597,214724.0,0.1595593770225996,1345731,11.025970000000001
2021-05,Tauros,0.0005262,10866.0,0.0080744220055865,1345731,0.05262
2021-05,Tentacruel,0.0007191,28277.0,0.0210123717147037,1345731,0.07191
2021-05,Terrakion,0.0105664,34416.0,0.0255742046515982,1345731,1.05664
2021-05,Thundurus,0.0005291,9631.0,0.0071567051661884,1345731,0.05291
2021-05,Thundurus-Therian,0.0055177,44184.0,0.0328327132242625,1345731,0.5517700000000001
2021-05,Togedemaru,0.0001728,11422.0,0.0084875803559552,1345731,0.01728
2021-05,Togekiss,0.0039503,69881.0,0.0519279112987662,1345731,0.39503000000000005
2021-05,Torkoal,0.0086859,67491.0,0.0501519248646274,1345731,0.86859
2021-05,Tornadus,0.0001031,4253.0,0.0031603641440971,1345731,0.01031
2021-05,Tornadus-Therian,0.1156881,167038.0,0.1241243606634609,1345731,11.568810000000001
2021-05,Toxapex,0.1464097,289714.0,0.2152837379832968,1345731,14.640970000000001
2021-05,Toxicroak,0.0003231,12964.0,0.0096334259967259,1345731,0.03231
2021-05,Toxtricity,0.0065552,30882.0,0.0229481226188591,1345731,0.65552
2021-05,Trevenant,0.0001246,7031.0,0.0052246697148241,1345731,0.012459999999999999
2021-05,Tsareena,0.0001508,11120.0,0.0082631670073736,1345731,0.015080000000000001
2021-05,Turtonator,0.0004655,4081.0,0.0030325525680838,1345731,0.04655
2021-05,Tyranitar,0.0759175,228961.0,0.1701387572999358,1345731,7.59175
2021-05,Tyrantrum,0.0025025,9246.0,0.0068706153012749,1345731,0.25025
2021-05,Umbreon,0.0072312,52282.0,0.0388502605647042,1345731,0.72312
2021-05,Urshifu-Rapid-Strike,0.1540595,336994.0,0.2504170595757993,1345731,15.405949999999999
2021-05,Uxie,0.0001925,7352.0,0.0054632017840118,1345731,0.01925
2021-05,Vanilluxe,0.0001265,6736.0,0.0050054580001501,1345731,0.012650000000000002
2021-05,Vaporeon,0.0007615,17377.0,0.0129126846301378,1345731,0.07615
2021-05,Venusaur,0.0082019,70909.0,0.0526918083926133,1345731,0.82019
2021-05,Vespiquen,0.0001143,2088.0,0.0015515730855572,1345731,0.01143
2021-05,Victini,0.058927,101063.0,0.0750989610850905,1345731,5.8927
2021-05,Vikavolt,0.0002461,8735.0,0.006490896026026,1345731,0.024610000000000003
2021-05,Volcanion,0.0049059,35313.0,0.0262407568823189,1345731,0.49059
2021-05,Volcarona,0.0706112,352838.0,0.2621905863801904,1345731,7.06112
2021-05,Weavile,0.1431121,167998.0,0.1248377275993493,1345731,14.311209999999999
2021-05,Weezing-Galar,0.0056324,16602.0,0.0123367894475196,1345731,0.56324
2021-05,Whimsicott,0.0005841,19210.0,0.0142747696233496,1345731,0.058410000000000004
2021-05,Wigglytuff,0.0003192,6119.0,0.0045469711257301,1345731,0.031920000000000004
2021-05,Xatu,0.0007801,11271.0,0.0083753736816644,1345731,0.07801000000000001
2021-05,Xurkitree,0.0007497,15000.0,0.0111463583732558,1345731,0.07497
2021-05,Zapdos,0.1041081,254474.0,0.1890972267117276,1345731,10.41081
2021-05,Zapdos-Galar,0.0309518,106788.0,0.0793531545308832,1345731,3.09518
2021-05,Zarude,0.0113252,16693.0,0.0124044106883173,1345731,1.13252
2021-05,Zeraora,0.1044846,254101.0,0.1888200539335127,1345731,10.448459999999999
2021-05,Zoroark,0.0004301,29197.0,0.0216960150282634,1345731,0.04301
2021-05,Zygarde-10%,0.0018625,13307.0,0.0098883060581943,1345731,0.18625
2021-05,aromatisse,0.0,0.0,0.0,1345731,0.0
2021-05,dialga,0.0,0.0,0.0,1345731,0.0
2021-05,dracovish,0.0,0.0,0.0,1345731,0.0
2021-05,eternatus,0.0,0.0,0.0,1345731,0.0
2021-05,garbodor,0.0,0.0,0.0,1345731,0.0
2021-05,genesect,0.0,0.0,0.0,1345731,0.0
2021-05,giratina,0.0,0.0,0.0,1345731,0.0
2021-05,glalie,0.0,0.0,0.0,1345731,0.0
2021-05,gourgeist,0.0,0.0,0.0,1345731,0.0
2021-05,groudon,0.0,0.0,0.0,1345731,0.0
2021-05,heatmor,0.0,0.0,0.0,1345731,0.0
2021-05,ho-oh,0.0,0.0,0.0,1345731,0.0
2021-05,kyogre,0.0,0.0,0.0,1345731,0.0
2021-05,landorus,0.0,0.0,0.0,1345731,0.0
2021-05,lugia,0.0,0.0,0.0,1345731,0.0
2021-05,lunala,0.0,0.0,0.0,1345731,0.0
2021-05,lunatone,0.0,0.0,0.0,1345731,0.0
2021-05,marshadow,0.0,0.0,0.0,1345731,0.0
2021-05,mewtwo,0.0,0.0,0.0,1345731,0.0
2021-05,mr-rime,0.0,0.0,0.0,1345731,0.0
2021-05,musharna,0.0,0.0,0.0,1345731,0.0
2021-05,naganadel,0.0,0.0,0.0,1345731,0.0
2021-05,oranguru,0.0,0.0,0.0,1345731,0.0
2021-05,palkia,0.0,0.0,0.0,1345731,0.0
2021-05,passimian,0.0,0.0,0.0,1345731,0.0
2021-05,pheromosa,0.0,0.0,0.0,1345731,0.0
2021-05,pinsir,0.0,0.0,0.0,1345731,0.0
2021-05,raichu,0.0,0.0,0.0,1345731,0.0
2021-05,rayquaza,0.0,0.0,0.0,1345731,0.0
2021-05,reshiram,0.0,0.0,0.0,1345731,0.0
2021-05,rotom,0.0,0.0,0.0,1345731,0.0
2021-05,seaking,0.0,0.0,0.0,1345731,0.0
2021-05,sirfetchd,0.0,0.0,0.0,1345731,0.0
2021-05,skuntank,0.0,0.0,0.0,1345731,0.0
2021-05,solgaleo,0.0,0.0,0.0,1345731,0.0
2021-05,solrock,0.0,0.0,0.0,1345731,0.0
2021-05,sudowoodo,0.0,0.0,0.0,1345731,0.0
2021-05,throh,0.0,0.0,0.0,1345731,0.0
2021-05,whiscash,0.0,0.0,0.0,1345731,0.0
2021-05,wobbuffet,0.0,0.0,0.0,1345731,0.0
2021-05,xerneas,0.0,0.0,0.0,1345731,0.0
2021-05,yveltal,0.0,0.0,0.0,1345731,0.0
2021-05,zacian,0.0,0.0,0.0,1345731,0.0
2021-05,zamazenta,0.0,0.0,0.0,1345731,0.0
2021-05,zekrom,0.0,0.0,0.0,1345731,0.0
2021-05,zygarde,0.0,0.0,0.0,1345731,0.0
2021-06,Abomasnow,0.0001162,5361.0,0.0040105061646289,1336739,0.01162
2021-06,Accelgor,0.0002604,10692.0,0.0079985696534626,1336739,0.026039999999999997
2021-06,Aegislash,0.0235062,83951.0,0.0628028358565135,1336739,2.35062
2021-06,Aerodactyl,0.0003496,11229.0,0.0084002935501994,1336739,0.03496
2021-06,Aggron,0.0001871,13695.0,0.0102450815005771,1336739,0.01871
2021-06,Alakazam,0.0117629,60246.0,0.0450693815322213,1336739,1.17629
2021-06,Altaria,0.0001756,4264.0,0.0031898523197123,1336739,0.017560000000000003
2021-06,Amoonguss,0.0193209,39728.0,0.0297200874665884,1336739,1.9320899999999999
2021-06,Araquanid,0.0016972,26215.0,0.0196111581991697,1336739,0.16972
2021-06,Arcanine,0.0009667,27352.0,0.0204617356118135,1336739,0.09667
2021-06,Archeops,0.0001393,5836.0,0.0043658485313887,1336739,0.01393
2021-06,Arctovish,0.000576,8119.0,0.0060737361594148,1336739,0.0576
2021-06,Arctozolt,0.005703,18052.0,0.0135045061152551,1336739,0.5703
2021-06,Armaldo,0.000188,2999.0,0.0022435194903417,1336739,0.018799999999999997
2021-06,Aron,0.0001564,5480.0,0.0040995287786172,1336739,0.01564
2021-06,Articuno,0.0001618,5478.0,0.0040980326002308,1336739,0.01618
2021-06,Articuno-Galar,0.000279,7263.0,0.0054333718100541,1336739,0.0279
2021-06,Audino,0.0018268,3979.0,0.0029766468996565,1336739,0.18268
2021-06,Aurorus,0.0010326,6330.0,0.0047354045928187,1336739,0.10326
2021-06,Avalugg,0.0003843,6381.0,0.0047735571416708,1336739,0.03843
2021-06,Azelf,0.0012757,25002.0,0.0187037260078444,1336739,0.12757000000000002
2021-06,Azumarill,0.0161267,71634.0,0.053588621264136,1336739,1.61267
2021-06,Barbaracle,0.0004366,5166.0,0.0038646287719592,1336739,0.04366
2021-06,Barraskewda,0.0140744,83461.0,0.0624362721518561,1336739,1.40744
2021-06,Bewear,0.000273,6991.0,0.0052298915495096,1336739,0.0273
2021-06,Bisharp,0.0927262,238743.0,0.1786010582469726,1336739,9.27262
2021-06,Blacephalon,0.0292395,106440.0,0.0796266137219008,1336739,2.92395
2021-06,Blastoise,0.0013795,27675.0,0.0207033684212101,1336739,0.13795000000000002
2021-06,Blaziken,0.0121007,143817.0,0.107587943495327,1336739,1.21007
2021-06,Blissey,0.1140804,248900.0,0.1861994001820849,1336739,11.40804
2021-06,Bouffalant,0.000524,3912.0,0.0029265249237136,1336739,0.0524
2021-06,Bronzong,0.0033944,15661.0,0.0117158248543657,1336739,0.33944
2021-06,Buzzwole,0.0769695,81490.0,0.0609617883521016,1336739,7.696949999999999
2021-06,Carbink,0.000177,1588.0,0.0011879656387671,1336739,0.0177
2021-06,Celebi,0.0001253,6207.0,0.0046433896220578,1336739,0.012530000000000001
2021-06,Celesteela,0.0079956,46365.0,0.034685155441713,1336739,0.79956
2021-06,Centiskorch,0.0004373,7911.0,0.0059181336072337,1336739,0.04373
2021-06,Chandelure,0.0002902,29911.0,0.0223760958571568,1336739,0.02902
2021-06,Chansey,0.0328914,64172.0,0.0480063797046394,1336739,3.28914
2021-06,Charizard,0.0010771,38526.0,0.0288208842563881,1336739,0.10771000000000001
2021-06,Cinccino,0.0001214,9696.0,0.007253472817057,1336739,0.01214
2021-06,Clawitzer,0.0001362,6406.0,0.0047922593715003,1336739,0.01362
2021-06,Claydol,0.0002494,6004.0,0.0044915275158426,1336739,0.02494
2021-06,Clefable,0.2503944,408000.0,0.3052203908167563,1336739,25.039440000000003
2021-06,Cloyster,0.0355525,110894.0,0.082958602988317,1336739,3.55525
2021-06,Cobalion,0.0007186,6545.0,0.0048962437693521,1336739,0.07186000000000001
2021-06,Cofagrigus,0.0001071,7667.0,0.0057355998440982,1336739,0.01071
2021-06,Comfey,0.0001658,10603.0,0.0079319897152697,1336739,0.016579999999999998
2021-06,Conkeldurr,0.0177467,65886.0,0.049288604581747,1336739,1.77467
2021-06,Corsola-Galar,0.0003798,17894.0,0.0133863080227329,1336739,0.03798
2021-06,Corviknight,0.2508758,464874.0,0.3477672155895803,1336739,25.08758
2021-06,Cosmoem,0.0001486,73.0,5.461051110201767e-05,1336739,0.01486
2021-06,Crawdaunt,0.0276765,58594.0,0.0438335381850907,1336739,2.76765
2021-06,Cresselia,0.0141535,15459.0,0.0115647108373437,1336739,1.4153499999999999
2021-06,Crobat,0.0008451,18849.0,0.0141007332022182,1336739,0.08451
2021-06,Crustle,0.0001183,3354.0,0.00250909115392,1336739,0.01183
2021-06,Cryogonal,0.0003121,4270.0,0.0031943408548714,1336739,0.031209999999999998
2021-06,Darmanitan,0.0020581,35843.0,0.0268137609510906,1336739,0.20581000000000002
2021-06,Decidueye,0.0001273,8316.0,0.0062211097304709,1336739,0.01273
2021-06,Dhelmise,0.0003175,6848.0,0.0051229147948851,1336739,0.03175
2021-06,Diancie,0.0001707,7970.0,0.0059622708696312,1336739,0.017070000000000002
2021-06,Diggersby,0.0044327,16387.0,0.0122589376086131,1336739,0.44327000000000005
2021-06,Ditto,0.0131932,56583.0,0.0423291308176091,1336739,1.31932
2021-06,Dracozolt,0.01151,67715.0,0.0506568597160702,1336739,1.151
2021-06,Dragalge,0.0008026,6547.0,0.0048977399477384,1336739,0.08026
2021-06,Dragapult,0.2153032,616223.0,0.4609897668879265,1336739,21.53032
2021-06,Dragonite,0.1231959,266757.0,0.1995580289046702,1336739,12.31959
2021-06,Drampa,0.0008147,3697.0,0.0027656857471802,1336739,0.08147
2021-06,Drapion,0.0024885,15610.0,0.0116776723055136,1336739,0.24885
2021-06,Druddigon,0.0031121,20642.0,0.0154420571255869,1336739,0.31121
2021-06,Dunsparce,0.0009159,3169.0,0.0023706946531821,1336739,0.09159
2021-06,Duraludon,0.0001116,4862.0,0.003637209657233,1336739,0.01116
2021-06,Durant,0.0003284,8605.0,0.0064373075072994,1336739,0.03284
2021-06,Dusknoir,0.0002066,6306.0,0.0047174504521825,1336739,0.02066
2021-06,Eiscue,0.0002432,5597.0,0.004187055214219,1336739,0.02432
2021-06,Eldegoss,0.000485,3788.0,0.0028337618637594,1336739,0.0485
2021-06,Entei,0.0006979,11817.0,0.0088401699957882,1336739,0.06979
2021-06,Espeon,0.0011377,28522.0,0.0213369999678321,1336739,0.11377
2021-06,Excadrill,0.0316247,208552.0,0.1560154974157258,1336739,3.16247
2021-06,Exploud,0.0015051,7548.0,0.0056465772301099,1336739,0.15051
2021-06,Ferrothorn,0.1793012,444117.0,0.3322391282067778,1336739,17.93012
2021-06,Flapple,0.0001654,2924.0,0.0021874128008534,1336739,0.01654
2021-06,Flygon,0.0038595,13329.0,0.0099712808558738,1336739,0.38595
2021-06,Froslass,0.0002636,11100.0,0.0083037900442794,1336739,0.02636
2021-06,Frosmoth,0.0001777,6428.0,0.0048087173337502,1336739,0.01777
2021-06,Gallade,0.0003544,8934.0,0.0066834288518551,1336739,0.03544
2021-06,Galvantula,0.0005762,28639.0,0.021424526403434,1336739,0.057620000000000005
2021-06,Garchomp,0.1777417,435316.0,0.3256551952176154,1336739,17.77417
2021-06,Gardevoir,0.0009849,34283.0,0.0256467418097324,1336739,0.09849
2021-06,Gastrodon,0.0220758,36894.0,0.027600002693121,1336739,2.20758
2021-06,Gengar,0.0144517,123437.0,0.0923418857383528,1336739,1.44517
2021-06,Gigalith,0.0009084,9061.0,0.0067784361793887,1336739,0.09083999999999999
2021-06,Glaceon,0.0002631,9181.0,0.0068682068825701,1336739,0.02631
2021-06,Glastrier,0.0030163,11168.0,0.0083546601094155,1336739,0.30163
2021-06,Golisopod,0.0009434,12506.0,0.0093556034498881,1336739,0.09434
2021-06,Golurk,0.0019124,9563.0,0.0071539769543643,1336739,0.19124000000000002
2021-06,Goodra,0.0002536,25137.0,0.0188047180489235,1336739,0.025359999999999997
2021-06,Grimmsnarl,0.0042128,76857.0,0.0574958911201064,1336739,0.42128
2021-06,Gyarados,0.0027095,58736.0,0.043939766850522,1336739,0.27095
2021-06,Hatterene,0.0228571,80377.0,0.0601291650800941,1336739,2.2857100000000004
2021-06,Hawlucha,0.0334902,184560.0,0.1380673414929915,1336739,3.34902
2021-06,Haxorus,0.003282,25712.0,0.019234869335001,1336739,0.32820000000000005
2021-06,Heatran,0.2144906,442787.0,0.3312441695798506,1336739,21.44906
2021-06,Heliolisk,0.0002666,13044.0,0.009758075435818,1336739,0.026659999999999996
2021-06,Heracross,0.000776,17261.0,0.012912767563451,1336739,0.0776
2021-06,Hippowdon,0.0863962,122633.0,0.0917404220270374,1336739,8.63962
2021-06,Hitmonlee,0.0005248,11985.0,0.0089658489802422,1336739,0.05248
2021-06,Hitmontop,0.0004041,9673.0,0.0072362667656139,1336739,0.04041
2021-06,Hydreigon,0.0557229,150170.0,0.1123405541395889,1336739,5.57229
2021-06,Incineroar,0.0054187,34495.0,0.0258053367186862,1336739,0.5418700000000001
2021-06,Indeedee,0.0002689,10090.0,0.0075482199591692,1336739,0.026889999999999997
2021-06,Inteleon,0.0003971,20653.0,0.0154502861067119,1336739,0.03971
2021-06,Jellicent,0.0003636,7343.0,0.0054932189455084,1336739,0.03636
2021-06,Jirachi,0.0104813,71856.0,0.0537546970650216,1336739,1.04813
2021-06,Jolteon,0.000167,16693.0,0.0124878529017257,1336739,0.0167
2021-06,Kabutops,0.0001211,7436.0,0.005562791240474,1336739,0.012110000000000001
2021-06,Kartana,0.1566501,346033.0,0.2588635477830751,1336739,15.665009999999999
2021-06,Keldeo,0.0109365,39105.0,0.0292540278992383,1336739,1.09365
2021-06,Kingdra,0.0041192,38308.0,0.0286578008122752,1336739,0.41192
2021-06,Klefki,0.0028588,22342.0,0.0167138087539901,1336739,0.28587999999999997
2021-06,Kommo-o,0.0238945,66492.0,0.0497419466328131,1336739,2.38945
2021-06,Krookodile,0.0023332,39622.0,0.0296407900121115,1336739,0.23332
2021-06,Kyurem,0.0805329,251282.0,0.1879813486402357,1336739,8.05329
2021-06,Landorus-Therian,0.4896242,810500.0,0.6063262910710319,1336739,48.96242
2021-06,Lanturn,0.0001817,5741.0,0.0042947800580367,1336739,0.01817
2021-06,Latias,0.0084471,35008.0,0.0261891064747867,1336739,0.8447100000000001
2021-06,Latios,0.0339426,75089.0,0.0561732694265671,1336739,3.3942600000000005
2021-06,Leafeon,0.0008753,10572.0,0.0079087989502812,1336739,0.08753
2021-06,Lickilicky,0.0001374,2374.0,0.0017759637446053,1336739,0.01374
2021-06,Lucario,0.000432,34594.0,0.0258793975488109,1336739,0.043199999999999995
2021-06,Ludicolo,0.0001179,9343.0,0.006989397331865,1336739,0.01179
2021-06,Lycanroc,0.0002009,4509.0,0.003373134172041,1336739,0.02009
2021-06,Lycanroc-Dusk,0.0020411,28189.0,0.0210878862665037,1336739,0.20411
2021-06,Machamp,0.0001873,12921.0,0.0096660604650571,1336739,0.01873
2021-06,Magneton,0.0008998,2666.0,0.0019944057890134,1336739,0.08997999999999999
2021-06,Magnezone,0.0794026,159484.0,0.1193082568848518,1336739,7.94026
2021-06,Malamar,0.0007774,9826.0,0.0073507244121702,1336739,0.07774
2021-06,Mamoswine,0.0154325,91722.0,0.0686162369767022,1336739,1.54325
2021-06,Mandibuzz,0.0409013,165990.0,0.12417532517567,1336739,4.09013
2021-06,Mantine,0.0012412,9516.0,0.0071188167622849,1336739,0.12412000000000001
2021-06,Marowak,0.0016934,4783.0,0.0035781106109719,1336739,0.16934000000000002
2021-06,Marowak-Alola,0.0152516,34531.0,0.0258322679296407,1336739,1.52516
2021-06,Melmetal,0.1337509,233347.0,0.1745643689605824,1336739,13.37509
2021-06,Meowstic,0.0004104,5239.0,0.0039192392830612,1336739,0.04104
2021-06,Metagross,0.0008672,33735.0,0.0252367889318707,1336739,0.08672
2021-06,Mew,0.054634,98881.0,0.0739718075106658,1336739,5.4634
2021-06,Mienshao,0.0006986,15268.0,0.0114218258014466,1336739,0.06985999999999999
2021-06,Milotic,0.0006894,31538.0,0.0235932369744579,1336739,0.06894
2021-06,Miltank,0.0001012,6184.0,0.0046261835706147,1336739,0.010119999999999999
2021-06,Mimikyu,0.0008495,42853.0,0.0320578661952707,1336739,0.08495
2021-06,Moltres,0.0117721,44539.0,0.0333191445749693,1336739,1.17721
2021-06,Moltres-Galar,0.0201313,29905.0,0.0223716073219977,1336739,2.0131300000000003
2021-06,Morpeko,0.000164,6991.0,0.0052298915495096,1336739,0.0164
2021-06,Necrozma,0.0027327,12422.0,0.0092927639576611,1336739,0.27326999999999996
2021-06,Nidoking,0.0355798,183028.0,0.1369212688490423,1336739,3.55798
2021-06,Nidoqueen,0.0012983,8576.0,0.0064156129206973,1336739,0.12983
2021-06,Nihilego,0.0051832,28516.0,0.021332511432673,1336739,0.51832
2021-06,Ninetales,0.0002055,14950.0,0.0111839334380159,1336739,0.020550000000000002
2021-06,Ninetales-Alola,0.0159379,61282.0,0.045844401936354,1336739,1.59379
2021-06,Obstagoon,0.0011381,24269.0,0.0181553766292447,1336739,0.11381
2021-06,Omastar,0.0036953,8999.0,0.0067320546494117,1336739,0.36952999999999997
2021-06,Palossand,0.0003168,4619.0,0.0034554239832906,1336739,0.03168
2021-06,Pangoro,0.000623,5680.0,0.0042491466172528,1336739,0.062299999999999994
2021-06,Pelipper,0.0253461,140387.0,0.1050219975627254,1336739,2.53461
2021-06,Pikachu,0.0006081,11623.0,0.0086950406923116,1336739,0.060809999999999996
2021-06,Piloswine,0.0001537,3011.0,0.0022524965606599,1336739,0.01537
2021-06,Pincurchin,0.0001382,7157.0,0.0053540743555772,1336739,0.013819999999999999
2021-06,Politoed,0.0001501,14675.0,0.0109782089098919,1336739,0.015009999999999999
2021-06,Polteageist,0.0023557,27860.0,0.0208417649219481,1336739,0.23557
2021-06,Porygon-Z,0.002627,26122.0,0.0195415859042041,1336739,0.2627
2021-06,Porygon2,0.0128285,37420.0,0.0279934976087328,1336739,1.28285
2021-06,Primarina,0.0065324,34503.0,0.0258113214322317,1336739,0.6532399999999999
2021-06,Pyukumuku,0.0008019,9583.0,0.0071689387382278,1336739,0.08019
2021-06,Quagsire,0.0130914,40307.0,0.0301532311094387,1336739,1.30914
2021-06,Raichu-Alola,0.0010748,15396.0,0.0115175812181734,1336739,0.10748
2021-06,Raikou,0.001009,9583.0,0.0071689387382278,1336739,0.10089999999999999
2021-06,Regice,0.0001356,8169.0,0.0061111406190737,1336739,0.01356
2021-06,Regidrago,0.0009706,13095.0,0.0097962279846701,1336739,0.09706
2021-06,Regieleki,0.0193042,173525.0,0.1298121772462687,1336739,1.93042
2021-06,Regigigas,0.0007299,5925.0,0.0044324284695815,1336739,0.07299
2021-06,Regirock,0.0001115,6480.0,0.0048476179717955,1336739,0.01115
2021-06,Registeel,0.0005133,10854.0,0.0081197601027575,1336739,0.051329999999999994
2021-06,Relicanth,0.0001683,1283.0,0.0009597984348477,1336739,0.01683
2021-06,Reuniclus,0.014611,31433.0,0.0235146876091742,1336739,1.4611
2021-06,Rhydon,0.0001647,5128.0,0.0038362013826184,1336739,0.01647
2021-06,Rhyperior,0.0046415,23619.0,0.0176691186536788,1336739,0.46414999999999995
2021-06,Ribombee,0.0019823,23356.0,0.0174723711958729,1336739,0.19823000000000002
2021-06,Rillaboom,0.1036166,386003.0,0.2887646728344127,1336739,10.36166
2021-06,Roserade,0.0002906,17112.0,0.0128013022736674,1336739,0.029060000000000002
2021-06,Rotom-Heat,0.0072628,50423.0,0.0377209013876306,1336739,0.72628
2021-06,Rotom-Mow,0.0001949,7230.0,0.0054086848666792,1336739,0.01949
2021-06,Rotom-Wash,0.0316507,99394.0,0.0743555772667663,1336739,3.1650699999999996
2021-06,Runerigus,0.0001196,7005.0,0.0052403647982141,1336739,0.01196
2021-06,Sableye,0.0004845,11353.0,0.0084930566101535,1336739,0.04845
2021-06,Salamence,0.0042072,50433.0,0.0377283822795624,1336739,0.42072000000000004
2021-06,Salazzle,0.0013977,29147.0,0.0218045557135686,1336739,0.13977
2021-06,Sandaconda,0.0011697,16061.0,0.012015060531637,1336739,0.11697
2021-06,Sandslash-Alola,0.0016778,7837.0,0.0058627750069385,1336739,0.16777999999999998
2021-06,Sawk,0.0001098,2148.0,0.001606895586947,1336739,0.01098
2021-06,Sceptile,0.0003465,21593.0,0.0161534899482995,1336739,0.03465
2021-06,Scizor,0.0570488,145358.0,0.1087407489420148,1336739,5.704879999999999
2021-06,Scolipede,0.0013279,18841.0,0.0140947484886728,1336739,0.13279
2021-06,Scrafty,0.0005479,9254.0,0.0069228173936722,1336739,0.054790000000000005
2021-06,Scyther,0.0001932,5299.0,0.0039641246346519,1336739,0.01932
2021-06,Seismitoad,0.0118208,42877.0,0.032075820335907,1336739,1.18208
2021-06,Sharpedo,0.0005082,10340.0,0.0077352422574638,1336739,0.05082
2021-06,Shedinja,0.007214,23990.0,0.017946659744348,1336739,0.7214
2021-06,Shiftry,0.0001185,4115.0,0.0030783870299288,1336739,0.01185
2021-06,Shuckle,0.0035985,47619.0,0.0356232592899586,1336739,0.35985
2021-06,Silvally-Poison,0.0001887,266.0,0.0001989917253854,1336739,0.01887
2021-06,Sirfetch'd,0.000457,12180.0,0.0091117263729119,1336739,0.0457
2021-06,Skarmory,0.0540951,125766.0,0.0940841854692651,1336739,5.40951
2021-06,Slowbro,0.0452259,168297.0,0.1259011669443324,1336739,4.52259
2021-06,Slowbro-Galar,0.0020183,27143.0,0.0203053849704392,1336739,0.20183
2021-06,Slowking,0.0859323,167446.0,0.1252645430409376,1336739,8.59323
2021-06,Slowking-Galar,0.1105683,178634.0,0.1336341649342168,1336739,11.05683
2021-06,Slurpuff,0.0008786,23440.0,0.0175352106880999,1336739,0.08786
2021-06,Snorlax,0.0074846,37110.0,0.0277615899588476,1336739,0.74846
2021-06,Stakataka,0.0007174,16590.0,0.0124107997148284,1336739,0.07174
2021-06,Starmie,0.0025487,19949.0,0.0149236313147143,1336739,0.25487
2021-06,Steelix,0.0014444,10677.0,0.0079873483155649,1336739,0.14443999999999999
2021-06,Stoutland,0.0001287,3129.0,0.0023407710854549,1336739,0.012870000000000001
2021-06,Stunfisk,0.0007219,2493.0,0.0018649863585935,1336739,0.07219
2021-06,Stunfisk-Galar,0.0001852,1089.0,0.0008146691313711,1336739,0.018520000000000002
2021-06,Suicune,0.0091591,18364.0,0.0137379099435267,1336739,0.91591
2021-06,Swampert,0.0371912,192601.0,0.1440827266953384,1336739,3.71912
2021-06,Sylveon,0.0027506,25614.0,0.0191615565940696,1336739,0.27506
2021-06,Talonflame,0.0002696,13485.0,0.0100879827700097,1336739,0.026959999999999998
2021-06,Tangrowth,0.0266486,56354.0,0.0421578183923712,1336739,2.66486
2021-06,Tapu Bulu,0.0172994,30866.0,0.0230905210366421,1336739,1.72994
2021-06,Tapu Fini,0.203359,228447.0,0.1708987319140086,1336739,20.335900000000002
2021-06,Tapu Koko,0.1404837,285423.0,0.2135218617845368,1336739,14.048369999999998
2021-06,Tapu Lele,0.1233222,225197.0,0.168467442036179,1336739,12.332220000000001
2021-06,Tauros,0.0003169,8844.0,0.006616100824469,1336739,0.03169
2021-06,Tentacruel,0.0008523,27845.0,0.0208305435840504,1336739,0.08523
2021-06,Terrakion,0.0131108,38384.0,0.0287146555909568,1336739,1.31108
2021-06,Thundurus,0.0010022,8891.0,0.0066512610165484,1336739,0.10022
2021-06,Thundurus-Therian,0.0084081,42050.0,0.0314571505731485,1336739,0.84081
2021-06,Togedemaru,0.0001506,16245.0,0.0121527089431818,1336739,0.01506
2021-06,Togekiss,0.0066393,68973.0,0.0515979559210885,1336739,0.66393
2021-06,Torkoal,0.0084081,67963.0,0.0508423858359784,1336739,0.84081
2021-06,Tornadus-Therian,0.1245816,148376.0,0.110998482127027,1336739,12.45816
2021-06,Toxapex,0.2051993,286254.0,0.214143523904068,1336739,20.51993
2021-06,Toxicroak,0.0005321,15264.0,0.0114188334446739,1336739,0.05321
2021-06,Toxtricity,0.0066241,25556.0,0.0191181674208652,1336739,0.6624099999999999
2021-06,Trubbish,0.0001121,141.0,0.0001054805762381,1336739,0.01121
2021-06,Tsareena,0.0001726,8053.0,0.006024362272665,1336739,0.01726
2021-06,Turtonator,0.0001414,3769.0,0.0028195481690891,1336739,0.01414
2021-06,Tyranitar,0.0504442,214766.0,0.1606641236621359,1336739,5.044420000000001
2021-06,Tyrantrum,0.0007586,9666.0,0.0072310301412616,1336739,0.07586
2021-06,Umbreon,0.0108704,63887.0,0.0477931742845836,1336739,1.08704
2021-06,Urshifu-Rapid-Strike,0.151413,375839.0,0.2811610942749482,1336739,15.1413
2021-06,Uxie,0.0002366,9254.0,0.0069228173936722,1336739,0.02366
2021-06,Vanilluxe,0.0004646,5723.0,0.0042813144525595,1336739,0.04646
2021-06,Vaporeon,0.0004117,15727.0,0.0117651987411155,1336739,0.04117
2021-06,Venusaur,0.0091289,72164.0,0.0539851085365205,1336739,0.9128900000000001
2021-06,Victini,0.033051,97891.0,0.0732311992094193,1336739,3.3050999999999995
2021-06,Vikavolt,0.0001813,7508.0,0.0056166536623828,1336739,0.01813
2021-06,Vileplume,0.0002737,7575.0,0.0056667756383258,1336739,0.02737
2021-06,Volcanion,0.0113543,34521.0,0.0258247870377089,1336739,1.13543
2021-06,Volcarona,0.1072547,366828.0,0.2744200625552183,1336739,10.72547
2021-06,Weavile,0.1635845,225972.0,0.1690472111608923,1336739,16.358449999999998
2021-06,Weezing,0.0002463,4996.0,0.0037374536091189,1336739,0.024630000000000003
2021-06,Weezing-Galar,0.0023092,17150.0,0.0128297296630082,1336739,0.23092
2021-06,Whimsicott,0.0004444,21832.0,0.0163322832654691,1336739,0.04444
2021-06,Wigglytuff,0.0001379,4446.0,0.0033260045528708,1336739,0.013789999999999998
2021-06,Xatu,0.0017422,10398.0,0.0077786314306682,1336739,0.17421999999999999
2021-06,Xurkitree,0.0006998,19253.0,0.0144029612362622,1336739,0.06998
2021-06,Zapdos,0.0951794,270153.0,0.2020985398047038,1336739,9.51794
2021-06,Zapdos-Galar,0.0213858,93520.0,0.0699613013460368,1336739,2.13858
2021-06,Zarude,0.0037926,12568.0,0.0094019849798651,1336739,0.37926000000000004
2021-06,Zeraora,0.1305048,264989.0,0.1982354072111309,1336739,13.05048
2021-06,Zoroark,0.0008548,32057.0,0.0239814952657175,1336739,0.08548
2021-06,Zygarde-10%,0.0015776,14783.0,0.0110590025427551,1336739,0.15775999999999998
2021-06,aromatisse,0.0,0.0,0.0,1336739,0.0
2021-06,dialga,0.0,0.0,0.0,1336739,0.0
2021-06,dracovish,0.0,0.0,0.0,1336739,0.0
2021-06,eternatus,0.0,0.0,0.0,1336739,0.0
2021-06,garbodor,0.0,0.0,0.0,1336739,0.0
2021-06,genesect,0.0,0.0,0.0,1336739,0.0
2021-06,giratina,0.0,0.0,0.0,1336739,0.0
2021-06,glalie,0.0,0.0,0.0,1336739,0.0
2021-06,gourgeist,0.0,0.0,0.0,1336739,0.0
2021-06,groudon,0.0,0.0,0.0,1336739,0.0
2021-06,heatmor,0.0,0.0,0.0,1336739,0.0
2021-06,ho-oh,0.0,0.0,0.0,1336739,0.0
2021-06,kyogre,0.0,0.0,0.0,1336739,0.0
2021-06,landorus,0.0,0.0,0.0,1336739,0.0
2021-06,lugia,0.0,0.0,0.0,1336739,0.0
2021-06,lunala,0.0,0.0,0.0,1336739,0.0
2021-06,lunatone,0.0,0.0,0.0,1336739,0.0
2021-06,marshadow,0.0,0.0,0.0,1336739,0.0
2021-06,mewtwo,0.0,0.0,0.0,1336739,0.0
2021-06,mr-rime,0.0,0.0,0.0,1336739,0.0
2021-06,musharna,0.0,0.0,0.0,1336739,0.0
2021-06,naganadel,0.0,0.0,0.0,1336739,0.0
2021-06,oranguru,0.0,0.0,0.0,1336739,0.0
2021-06,palkia,0.0,0.0,0.0,1336739,0.0
2021-06,passimian,0.0,0.0,0.0,1336739,0.0
2021-06,pheromosa,0.0,0.0,0.0,1336739,0.0
2021-06,pinsir,0.0,0.0,0.0,1336739,0.0
2021-06,raichu,0.0,0.0,0.0,1336739,0.0
2021-06,rayquaza,0.0,0.0,0.0,1336739,0.0
2021-06,reshiram,0.0,0.0,0.0,1336739,0.0
2021-06,rotom,0.0,0.0,0.0,1336739,0.0
2021-06,seaking,0.0,0.0,0.0,1336739,0.0
2021-06,sirfetchd,0.0,0.0,0.0,1336739,0.0
2021-06,skuntank,0.0,0.0,0.0,1336739,0.0
2021-06,solgaleo,0.0,0.0,0.0,1336739,0.0
2021-06,solrock,0.0,0.0,0.0,1336739,0.0
2021-06,sudowoodo,0.0,0.0,0.0,1336739,0.0
2021-06,throh,0.0,0.0,0.0,1336739,0.0
2021-06,whiscash,0.0,0.0,0.0,1336739,0.0
2021-06,wobbuffet,0.0,0.0,0.0,1336739,0.0
2021-06,xerneas,0.0,0.0,0.0,1336739,0.0
2021-06,yveltal,0.0,0.0,0.0,1336739,0.0
2021-06,zacian,0.0,0.0,0.0,1336739,0.0
2021-06,zamazenta,0.0,0.0,0.0,1336739,0.0
2021-06,zekrom,0.0,0.0,0.0,1336739,0.0
2021-06,zygarde,0.0,0.0,0.0,1336739,0.0
2021-07,Abomasnow,0.0001192,6674.0,0.0042825068514334,1558433,0.01192
2021-07,Accelgor,0.0001133,12684.0,0.0081389446963712,1558433,0.01133
2021-07,Aegislash,0.0258275,97563.0,0.0626032687962844,1558433,2.58275
2021-07,Aerodactyl,0.0001183,11471.0,0.0073605987552881,1558433,0.01183
2021-07,Aggron,0.0001006,15194.0,0.00974953687454,1558433,0.010060000000000001
2021-07,Alakazam,0.0020286,68921.0,0.044224551199827,1558433,0.20286
2021-07,Amoonguss,0.0081025,43615.0,0.0279864453588957,1558433,0.81025
2021-07,Araquanid,0.0005151,25334.0,0.0162560726062653,1558433,0.05151
2021-07,Arcanine,0.000413,30854.0,0.0197980920578555,1558433,0.0413
2021-07,Archeops,0.0004801,5937.0,0.0038095959210309,1558433,0.048010000000000004
2021-07,Arctovish,0.000897,8517.0,0.005465105012535,1558433,0.0897
2021-07,Arctozolt,0.0215418,21749.0,0.0139556849733033,1558433,2.15418
2021-07,Articuno-Galar,0.0001493,7984.0,0.0051230948009956,1558433,0.014929999999999999
2021-07,Audino,0.0004281,5223.0,0.00335144340501,1558433,0.04281
2021-07,Aurorus,0.0036905,6968.0,0.004471157887442,1558433,0.36905000000000004
2021-07,Avalugg,0.0007964,7901.0,0.0050698361751836,1558433,0.07963999999999999
2021-07,Azelf,0.0010083,23924.0,0.0153513176376526,1558433,0.10082999999999999
2021-07,Azumarill,0.0065064,78685.0,0.0504898189399223,1558433,0.65064
2021-07,Barbaracle,0.0001648,5862.0,0.003761470656743,1558433,0.016479999999999998
2021-07,Barraskewda,0.0377933,106302.0,0.0682108245911117,1558433,3.7793300000000003
2021-07,Bisharp,0.0905694,244135.0,0.1566541519590511,1558433,9.056939999999999
2021-07,Blacephalon,0.0544701,123880.0,0.0794901031998167,1558433,5.44701
2021-07,Blastoise,0.0018075,37507.0,0.0240671238352883,1558433,0.18075000000000002
2021-07,Blaziken,0.0186213,159834.0,0.1025607132292501,1558433,1.86213
2021-07,Blissey,0.0810231,277221.0,0.1778844518821149,1558433,8.10231
2021-07,Bronzong,0.000211,12239.0,0.0078534014615963,1558433,0.0211
2021-07,Buzzwole,0.0640128,93839.0,0.0602136890068421,1558433,6.40128
2021-07,Celebi,0.0002982,7793.0,0.005000535794609,1558433,0.02982
2021-07,Celesteela,0.0132448,64652.0,0.0414852611565591,1558433,1.3244799999999999
2021-07,Centiskorch,0.0001309,10119.0,0.0064930606577247,1558433,0.013090000000000001
2021-07,Chandelure,0.000417,37108.0,0.0238110974292767,1558433,0.0417
2021-07,Chansey,0.0350564,60247.0,0.0386587039673826,1558433,3.50564
2021-07,Charizard,0.0017408,53605.0,0.0343967305620453,1558433,0.17408
2021-07,Cinccino,0.0003284,12184.0,0.0078181096011185,1558433,0.03284
2021-07,Clawitzer,0.0008123,6112.0,0.0039218882043693,1558433,0.08123
2021-07,Clefable,0.2399686,454960.0,0.2919342698723653,1558433,23.99686
2021-07,Cloyster,0.0599687,171524.0,0.110061837756259,1558433,5.99687
2021-07,Cobalion,0.000477,6317.0,0.004053430593423,1558433,0.0477
2021-07,Cofagrigus,0.0001446,9548.0,0.0061266669789461,1558433,0.014459999999999999
2021-07,Comfey,0.0001402,11966.0,0.0076782254995883,1558433,0.01402
2021-07,Conkeldurr,0.0078977,70259.0,0.0450831059147233,1558433,0.7897700000000001
2021-07,Corsola-Galar,0.0003145,20920.0,0.0134237403853742,1558433,0.03145
2021-07,Corviknight,0.221638,503229.0,0.3229070482978736,1558433,22.163800000000002
2021-07,Cradily,0.0004373,10173.0,0.006527710848012,1558433,0.04373
2021-07,Crawdaunt,0.0207893,64577.0,0.0414371358922712,1558433,2.07893
2021-07,Cresselia,0.0199605,30144.0,0.0193425062225966,1558433,1.9960499999999999
2021-07,Crobat,0.0001577,21832.0,0.0140089435991152,1558433,0.015770000000000003
2021-07,Crustle,0.000128,5843.0,0.0037492789231234,1558433,0.012799999999999999
2021-07,Cryogonal,0.0001053,5143.0,0.0033001097897695,1558433,0.01053
2021-07,Darmanitan,0.0011107,44807.0,0.0287513162259782,1558433,0.11107
2021-07,Dhelmise,0.0002726,9323.0,0.0059822911860824,1558433,0.02726
2021-07,Diancie,0.0010089,10047.0,0.0064468604040083,1558433,0.10089000000000001
2021-07,Diggersby,0.0027576,20082.0,0.0128860207657307,1558433,0.27576
2021-07,Ditto,0.0123929,67232.0,0.0431407702480632,1558433,1.23929
2021-07,Dracozolt,0.0055761,66165.0,0.0424561081547939,1558433,0.5576099999999999
2021-07,Dragalge,0.0008684,6793.0,0.0043588656041036,1558433,0.08684
2021-07,Dragapult,0.2170503,658367.0,0.42245447831251,1558433,21.70503
2021-07,Dragonite,0.1554907,355707.0,0.2282465784541267,1558433,15.54907
2021-07,Drampa,0.0005221,4559.0,0.0029253743985144,1558433,0.05220999999999999
2021-07,Drapion,0.0005031,15224.0,0.0097687869802551,1558433,0.05031
2021-07,Drifblim,0.0001253,8655.0,0.0055536554988247,1558433,0.012530000000000001
2021-07,Druddigon,0.0002992,20247.0,0.0129918963471641,1558433,0.029920000000000002
2021-07,Durant,0.0001129,10175.0,0.006528994188393,1558433,0.011290000000000001
2021-07,Dusclops,0.0001165,10928.0,0.0070121718418436,1558433,0.01165
2021-07,Eldegoss,0.0001522,4731.0,0.0030357416712813,1558433,0.015220000000000001
2021-07,Electivire,0.0001211,13014.0,0.008350695859238,1558433,0.012110000000000001
2021-07,Emolga,0.0002016,3762.0,0.0024139632566815,1558433,0.02016
2021-07,Entei,0.0003333,13125.0,0.0084219212503842,1558433,0.033330000000000005
2021-07,Espeon,0.0022087,34573.0,0.0221844634963453,1558433,0.22087
2021-07,Excadrill,0.0254536,248263.0,0.1593029665054577,1558433,2.54536
2021-07,Exploud,0.0001321,6994.0,0.0044878413123952,1558433,0.013210000000000001
2021-07,Ferrothorn,0.208242,525524.0,0.3372130851951929,1558433,20.8242
2021-07,Flygon,0.00035,15707.0,0.0100787136822693,1558433,0.034999999999999996
2021-07,Froslass,0.0001009,12602.0,0.0080863277407498,1558433,0.01009
2021-07,Frosmoth,0.0002915,8853.0,0.0056807061965448,1558433,0.02915
2021-07,Galvantula,0.0004096,36478.0,0.0234068452092582,1558433,0.040959999999999996
2021-07,Garchomp,0.1872183,513011.0,0.329183866101398,1558433,18.72183
2021-07,Gardevoir,0.0004004,37030.0,0.0237610471544172,1558433,0.04004
2021-07,Gastrodon,0.0165691,41869.0,0.0268660892062732,1558433,1.6569099999999999
2021-07,Gengar,0.0108397,139140.0,0.0892819903069301,1558433,1.08397
2021-07,Gigalith,0.0002924,10423.0,0.0066881283956384,1558433,0.029240000000000002
2021-07,Glastrier,0.00296,12771.0,0.0081947700029452,1558433,0.296
2021-07,Golisopod,0.0011827,22327.0,0.0143265703434154,1558433,0.11827000000000001
2021-07,Golurk,0.0035835,13547.0,0.0086927060707775,1558433,0.35835
2021-07,Goodra,0.000144,29121.0,0.0186860776177095,1558433,0.0144
2021-07,Grimmsnarl,0.0055772,109134.0,0.0700280345706231,1558433,0.55772
2021-07,Gyarados,0.0042186,67648.0,0.0434077050473135,1558433,0.42186
2021-07,Hatterene,0.0222336,96040.0,0.0616260050961446,1558433,2.22336
2021-07,Hawlucha,0.0232689,182656.0,0.1172049103169658,1558433,2.3268899999999997
2021-07,Haxorus,0.0046353,30496.0,0.0195683741296545,1558433,0.46353
2021-07,Heatran,0.2544652,503784.0,0.3232631752536041,1558433,25.44652
2021-07,Heliolisk,0.0001133,14770.0,0.0094774687137656,1558433,0.01133
2021-07,Heracross,0.0004565,18331.0,0.0117624562621556,1558433,0.045649999999999996
2021-07,Hippowdon,0.0860071,146908.0,0.0942664843467765,1558433,8.60071
2021-07,Hitmontop,0.0001236,9354.0,0.006002182961988,1558433,0.01236
2021-07,Hydreigon,0.0388054,152763.0,0.098023463312186,1558433,3.88054
2021-07,Incineroar,0.0014025,44431.0,0.0285100482343482,1558433,0.14025
2021-07,Inteleon,0.0002682,22948.0,0.0147250475317193,1558433,0.02682
2021-07,Jellicent,0.0004828,9544.0,0.0061241002981841,1558433,0.04828
2021-07,Jirachi,0.0076668,85190.0,0.0546638835291603,1558433,0.7666799999999999
2021-07,Jolteon,0.0002083,18549.0,0.0119023403636858,1558433,0.020829999999999998
2021-07,Kabutops,0.0001301,6292.0,0.0040373888386603,1558433,0.013009999999999999
2021-07,Kartana,0.1430976,384896.0,0.2469762896447906,1558433,14.309759999999999
2021-07,Keldeo,0.0095537,37566.0,0.0241049823765282,1558433,0.95537
2021-07,Kingdra,0.0084753,45554.0,0.0292306438582858,1558433,0.84753
2021-07,Klefki,0.0017842,27403.0,0.0175836882304212,1558433,0.17842
2021-07,Kommo-o,0.0126374,69071.0,0.0443208017284028,1558433,1.26374
2021-07,Krookodile,0.0014767,50689.0,0.0325256202865314,1558433,0.14767
2021-07,Kyurem,0.0966127,268981.0,0.1725970895123499,1558433,9.66127
2021-07,Landorus-Therian,0.5113103,968053.0,0.6211707529293848,1558433,51.13103
2021-07,Lapras,0.0001753,13044.0,0.0083699459649532,1558433,0.01753
2021-07,Latias,0.0048012,35788.0,0.0229640927778095,1558433,0.48012000000000005
2021-07,Latios,0.0117921,71720.0,0.0460205860630517,1558433,1.1792099999999999
2021-07,Leafeon,0.0002843,7797.0,0.005003102475371,1558433,0.028430000000000004
2021-07,Lucario,0.0008141,39032.0,0.0250456708758092,1558433,0.08141
2021-07,Lycanroc,0.0001037,4354.0,0.0027938320094607,1558433,0.01037
2021-07,Lycanroc-Dusk,0.0008273,27748.0,0.0178050644461455,1558433,0.08273
2021-07,Machamp,0.0001418,15510.0,0.0099523046547397,1558433,0.01418
2021-07,Magnezone,0.1032039,240663.0,0.1544262730576162,1558433,10.32039
2021-07,Malamar,0.0002254,13350.0,0.0085662970432479,1558433,0.02254
2021-07,Mamoswine,0.0090317,92058.0,0.0590708743975519,1558433,0.90317
2021-07,Mandibuzz,0.0271261,166403.0,0.1067758447106805,1558433,2.71261
2021-07,Mantine,0.0007533,10177.0,0.006530277528774,1558433,0.07533000000000001
2021-07,Marowak-Alola,0.0213372,49544.0,0.0317909079184026,1558433,2.1337200000000003
2021-07,Melmetal,0.1393544,314468.0,0.2017847414678719,1558433,13.93544
2021-07,Metagross,0.0005439,46624.0,0.0299172309621267,1558433,0.05439000000000001
2021-07,Mew,0.0712895,185941.0,0.1193127968927762,1558433,7.128950000000001
2021-07,Mienshao,0.0003087,16087.0,0.0103225483546613,1558433,0.03087
2021-07,Milotic,0.0005247,37725.0,0.0242070079368185,1558433,0.05247
2021-07,Mimikyu,0.0008898,50158.0,0.032184893415373,1558433,0.08898
2021-07,Moltres,0.0120849,45975.0,0.0295007870084886,1558433,1.20849
2021-07,Moltres-Galar,0.023261,35857.0,0.0230083680209543,1558433,2.3261
2021-07,Necrozma,0.0009526,15401.0,0.0098823626039746,1558433,0.09526
2021-07,Nidoking,0.0392896,124889.0,0.0801375484220367,1558433,3.92896
2021-07,Nidoqueen,0.0010275,9421.0,0.0060451748647519,1558433,0.10275
2021-07,Nihilego,0.0028423,37523.0,0.0240773905583364,1558433,0.28423
2021-07,Ninetales,0.000157,19821.0,0.0127185448460087,1558433,0.0157
2021-07,Ninetales-Alola,0.0449301,79848.0,0.0512360813714802,1558433,4.49301
2021-07,Obstagoon,0.0005982,23571.0,0.0151248080604042,1558433,0.05982
2021-07,Omastar,0.0027102,11812.0,0.0075794082902505,1558433,0.27102
2021-07,Pangoro,0.0005333,7232.0,0.0046405588177355,1558433,0.05333
2021-07,Pelipper,0.0531592,176242.0,0.1130892377150637,1558433,5.315919999999999
2021-07,Pincurchin,0.0001638,7196.0,0.0046174586908773,1558433,0.01638
2021-07,Politoed,0.0002702,18292.0,0.0117374311247259,1558433,0.027020000000000002
2021-07,Poliwrath,0.0009457,12972.0,0.0083237457112368,1558433,0.09457
2021-07,Polteageist,0.0021353,38590.0,0.0247620526516058,1558433,0.21353000000000003
2021-07,Porygon-Z,0.0006407,24746.0,0.0158787705342481,1558433,0.06407
2021-07,Porygon2,0.0186242,56306.0,0.0361298817466005,1558433,1.86242
2021-07,Primarina,0.0031137,32499.0,0.020853639521237,1558433,0.31137
2021-07,Pyukumuku,0.0008552,16876.0,0.0108288261349701,1558433,0.08552
2021-07,Quagsire,0.0259522,43203.0,0.0277220772404075,1558433,2.5952200000000003
2021-07,Raichu-Alola,0.0004034,16353.0,0.0104932326253358,1558433,0.04034
2021-07,Raikou,0.0012479,13204.0,0.0084726131954341,1558433,0.12479
2021-07,Regidrago,0.0002106,13100.0,0.0084058794956215,1558433,0.02106
2021-07,Regieleki,0.0389546,153550.0,0.0985284577521138,1558433,3.89546
2021-07,Regirock,0.0001211,6663.0,0.0042754484793378,1558433,0.012110000000000001
2021-07,Registeel,0.0015426,11202.0,0.0071879894740421,1558433,0.15426
2021-07,Reuniclus,0.0218424,38204.0,0.0245143679580707,1558433,2.18424
2021-07,Rhyperior,0.002649,27027.0,0.0173424202387911,1558433,0.26489999999999997
2021-07,Ribombee,0.0014021,24360.0,0.015631085840713,1558433,0.14021
2021-07,Rillaboom,0.0815516,360701.0,0.2314510793855109,1558433,8.15516
2021-07,Roserade,0.000121,17687.0,0.0113492206594701,1558433,0.0121
2021-07,Rotom-Heat,0.0073487,57014.0,0.0365841842414784,1558433,0.7348699999999999
2021-07,Rotom-Mow,0.0001681,9667.0,0.0062030257316163,1558433,0.01681
2021-07,Rotom-Wash,0.0257563,117295.0,0.0752647049953382,1558433,2.57563
2021-07,Rufflet,0.0003877,850.0,0.0005454196619296,1558433,0.03877
2021-07,Sableye,0.0005991,13851.0,0.0088877738086911,1558433,0.05991
2021-07,Salamence,0.0024838,61076.0,0.0391906485553116,1558433,0.24838
2021-07,Salazzle,0.0008,35265.0,0.0226284992681751,1558433,0.08
2021-07,Sandaconda,0.000613,23561.0,0.0151183913584992,1558433,0.06130000000000001
2021-07,Sandslash-Alola,0.0014974,9013.0,0.0057833734270257,1558433,0.14974
2021-07,Scizor,0.0796332,252059.0,0.1617387465486164,1558433,7.96332
2021-07,Scolipede,0.0025837,20630.0,0.0132376560301277,1558433,0.25837
2021-07,Scrafty,0.0002162,12485.0,0.0080112523284607,1558433,0.02162
2021-07,Scyther,0.0001193,8459.0,0.0054278881414857,1558433,0.01193
2021-07,Seismitoad,0.0215601,57160.0,0.0366778680892922,1558433,2.1560099999999998
2021-07,Sharpedo,0.0005866,12006.0,0.0077038923072085,1558433,0.05866
2021-07,Shedinja,0.0071462,28411.0,0.0182304917824507,1558433,0.71462
2021-07,Shiftry,0.0002021,4323.0,0.0027739402335551,1558433,0.020210000000000002
2021-07,Shuckle,0.0068653,61685.0,0.0395814257013294,1558433,0.6865300000000001
2021-07,Sirfetch'd,0.0002961,10411.0,0.0066804283533523,1558433,0.029609999999999997
2021-07,Skarmory,0.0603998,138884.0,0.0891177227381607,1558433,6.03998
2021-07,Slowbro,0.0670318,172747.0,0.1108466003992472,1558433,6.703180000000001
2021-07,Slowbro-Galar,0.0038712,56374.0,0.0361735153195549,1558433,0.38712
2021-07,Slowking,0.0444144,143436.0,0.0920386054453415,1558433,4.44144
2021-07,Slowking-Galar,0.1053272,216377.0,0.1388426708110005,1558433,10.53272
2021-07,Slurpuff,0.0013174,28703.0,0.0184178594780783,1558433,0.13174
2021-07,Snorlax,0.002366,52396.0,0.0336209513017242,1558433,0.2366
2021-07,Stakataka,0.0006676,22337.0,0.0143329870453205,1558433,0.06676
2021-07,Starmie,0.0009401,22194.0,0.0142412282080782,1558433,0.09401
2021-07,Steelix,0.0003217,17885.0,0.0114762713571902,1558433,0.032170000000000004
2021-07,Stunfisk-Galar,0.0001036,1281.0,0.0008219795140374,1558433,0.01036
2021-07,Suicune,0.0067297,22619.0,0.014513938039043,1558433,0.67297
2021-07,Swampert,0.0225255,207283.0,0.1330073220985438,1558433,2.25255
2021-07,Swirlix,0.0009183,2227.0,0.0014289995142556,1558433,0.09183000000000001
2021-07,Sylveon,0.0006797,25776.0,0.0165396908304688,1558433,0.06797
2021-07,Talonflame,0.0001494,17406.0,0.011168911335938,1558433,0.01494
2021-07,Tangrowth,0.0372153,67396.0,0.0432460041593061,1558433,3.72153
2021-07,Tapu Bulu,0.0069906,37003.0,0.0237437220592736,1558433,0.69906
2021-07,Tapu Fini,0.1751072,355093.0,0.2278525929571563,1558433,17.51072
2021-07,Tapu Koko,0.1074516,309804.0,0.1987919916993544,1558433,10.74516
2021-07,Tapu Lele,0.1555655,263441.0,0.1690422366569496,1558433,15.55655
2021-07,Tentacruel,0.0004417,30409.0,0.0195125488230806,1558433,0.04417
2021-07,Terrakion,0.0055914,29604.0,0.0189960043197237,1558433,0.55914
2021-07,Thundurus,0.0005104,13416.0,0.0086086472758212,1558433,0.05104
2021-07,Thundurus-Therian,0.0048528,56465.0,0.0362319073068909,1558433,0.48528
2021-07,Togekiss,0.0083851,78144.0,0.0501426753668588,1558433,0.83851
2021-07,Torkoal,0.0101626,75747.0,0.0486045919202172,1558433,1.0162600000000002
2021-07,Tornadus-Therian,0.166747,166796.0,0.1070280210955491,1558433,16.6747
2021-07,Toxapex,0.2012253,359709.0,0.2308145425565295,1558433,20.12253
2021-07,Toxicroak,0.0006479,17660.0,0.0113318955643264,1558433,0.06479
2021-07,Toxtricity,0.0051169,29217.0,0.0187476779559981,1558433,0.51169
2021-07,Tsareena,0.0001173,8154.0,0.0052321787333815,1558433,0.01173
2021-07,Tyranitar,0.0267294,243668.0,0.1563544919800851,1558433,2.67294
2021-07,Tyrantrum,0.001795,9872.0,0.0063345681206699,1558433,0.1795
2021-07,Umbreon,0.0063816,57903.0,0.0371546290408378,1558433,0.6381600000000001
2021-07,Urshifu-Rapid-Strike,0.1507419,435535.0,0.2794698264217967,1558433,15.074190000000002
2021-07,Uxie,0.0002571,14936.0,0.0095839859653895,1558433,0.02571
2021-07,Vanilluxe,0.0001815,7563.0,0.0048529516507928,1558433,0.01815
2021-07,Vaporeon,0.0001717,14754.0,0.0094672019907176,1558433,0.01717
2021-07,Venusaur,0.0097553,85129.0,0.0546247416475395,1558433,0.97553
2021-07,Victini,0.0324316,130807.0,0.083934952609448,1558433,3.2431599999999996
2021-07,Volcanion,0.033168,46250.0,0.0296772463108776,1558433,3.3168
2021-07,Volcarona,0.0809639,398218.0,0.2555246199227044,1558433,8.096390000000001
2021-07,Walrein,0.000115,3830.0,0.0024575968296359,1558433,0.0115
2021-07,Weavile,0.189068,381683.0,0.2449146033226965,1558433,18.9068
2021-07,Weezing-Galar,0.0020797,18904.0,0.0121301332813152,1558433,0.20797
2021-07,Whimsicott,0.000167,25934.0,0.0166410747205686,1558433,0.0167
2021-07,Xatu,0.0092154,18670.0,0.0119799824567369,1558433,0.92154
2021-07,Xurkitree,0.0003644,20768.0,0.0133262065164174,1558433,0.03644
2021-07,Zapdos,0.0791668,307998.0,0.1976331353353015,1558433,7.9166799999999995
2021-07,Zapdos-Galar,0.012972,97738.0,0.0627155610796229,1558433,1.2972
2021-07,Zarude,0.0112449,21995.0,0.0141135358401676,1558433,1.12449
2021-07,Zeraora,0.0626307,300699.0,0.1929495846148022,1558433,6.26307
2021-07,Zoroark,0.000315,36870.0,0.0236583799239364,1558433,0.0315
2021-07,Zweilous,0.0001471,743.0,0.0004767609515455,1558433,0.014709999999999999
2021-07,Zygarde-10%,0.0034147,16906.0,0.0108480762406853,1558433,0.34147
2021-07,aromatisse,0.0,0.0,0.0,1558433,0.0
2021-07,dialga,0.0,0.0,0.0,1558433,0.0
2021-07,dracovish,0.0,0.0,0.0,1558433,0.0
2021-07,eternatus,0.0,0.0,0.0,1558433,0.0
2021-07,garbodor,0.0,0.0,0.0,1558433,0.0
2021-07,genesect,0.0,0.0,0.0,1558433,0.0
2021-07,giratina,0.0,0.0,0.0,1558433,0.0
2021-07,glalie,0.0,0.0,0.0,1558433,0.0
2021-07,gourgeist,0.0,0.0,0.0,1558433,0.0
2021-07,groudon,0.0,0.0,0.0,1558433,0.0
2021-07,heatmor,0.0,0.0,0.0,1558433,0.0
2021-07,ho-oh,0.0,0.0,0.0,1558433,0.0
2021-07,kyogre,0.0,0.0,0.0,1558433,0.0
2021-07,landorus,0.0,0.0,0.0,1558433,0.0
2021-07,lugia,0.0,0.0,0.0,1558433,0.0
2021-07,lunala,0.0,0.0,0.0,1558433,0.0
2021-07,lunatone,0.0,0.0,0.0,1558433,0.0
2021-07,marshadow,0.0,0.0,0.0,1558433,0.0
2021-07,mewtwo,0.0,0.0,0.0,1558433,0.0
2021-07,mr-rime,0.0,0.0,0.0,1558433,0.0
2021-07,musharna,0.0,0.0,0.0,1558433,0.0
2021-07,naganadel,0.0,0.0,0.0,1558433,0.0
2021-07,oranguru,0.0,0.0,0.0,1558433,0.0
2021-07,palkia,0.0,0.0,0.0,1558433,0.0
2021-07,passimian,0.0,0.0,0.0,1558433,0.0
2021-07,pheromosa,0.0,0.0,0.0,1558433,0.0
2021-07,pinsir,0.0,0.0,0.0,1558433,0.0
2021-07,raichu,0.0,0.0,0.0,1558433,0.0
2021-07,rayquaza,0.0,0.0,0.0,1558433,0.0
2021-07,reshiram,0.0,0.0,0.0,1558433,0.0
2021-07,rotom,0.0,0.0,0.0,1558433,0.0
2021-07,seaking,0.0,0.0,0.0,1558433,0.0
2021-07,sirfetchd,0.0,0.0,0.0,1558433,0.0
2021-07,skuntank,0.0,0.0,0.0,1558433,0.0
2021-07,solgaleo,0.0,0.0,0.0,1558433,0.0
2021-07,solrock,0.0,0.0,0.0,1558433,0.0
2021-07,sudowoodo,0.0,0.0,0.0,1558433,0.0
2021-07,throh,0.0,0.0,0.0,1558433,0.0
2021-07,whiscash,0.0,0.0,0.0,1558433,0.0
2021-07,wobbuffet,0.0,0.0,0.0,1558433,0.0
2021-07,xerneas,0.0,0.0,0.0,1558433,0.0
2021-07,yveltal,0.0,0.0,0.0,1558433,0.0
2021-07,zacian,0.0,0.0,0.0,1558433,0.0
2021-07,zamazenta,0.0,0.0,0.0,1558433,0.0
2021-07,zekrom,0.0,0.0,0.0,1558433,0.0
2021-07,zygarde,0.0,0.0,0.0,1558433,0.0
2021-08,Abomasnow,0.0002727,5420.0,0.0035968788117292,1506862,0.027270000000000003
2021-08,Absol,0.0004062,8264.0,0.0054842447417215,1506862,0.04062
2021-08,Accelgor,0.0004209,12307.0,0.0081673039734229,1506862,0.042089999999999995
2021-08,Aegislash,0.0266187,88287.0,0.0585899704153399,1506862,2.66187
2021-08,Aerodactyl,0.0002687,13473.0,0.0089410974594886,1506862,0.02687
2021-08,Aggron,0.0001493,14358.0,0.0095284106971972,1506862,0.014929999999999999
2021-08,Alakazam,0.0145364,69447.0,0.0460871665753068,1506862,1.45364
2021-08,Altaria,0.0008506,4726.0,0.0031363190524414,1506862,0.08506
2021-08,Amoonguss,0.0043965,41796.0,0.0277371119584938,1506862,0.43965000000000004
2021-08,Araquanid,0.001739,26466.0,0.0175636521459828,1506862,0.1739
2021-08,Arcanine,0.0005937,27196.0,0.0180481026132452,1506862,0.05936999999999999
2021-08,Archeops,0.0016709,8789.0,0.0058326508996842,1506862,0.16709
2021-08,Arctovish,0.0010654,11378.0,0.0075507909815231,1506862,0.10654
2021-08,Arctozolt,0.0535895,62208.0,0.0412831433800839,1506862,5.35895
2021-08,Articuno-Galar,0.0012618,8950.0,0.0059394954547928,1506862,0.12618
2021-08,Audino,0.0026676,3164.0,0.0020997277786552,1506862,0.26676
2021-08,Aurorus,0.0002095,7477.0,0.004961967320166,1506862,0.02095
2021-08,Avalugg,0.001569,8133.0,0.0053973091099251,1506862,0.1569
2021-08,Azelf,0.0008737,24704.0,0.0163943347167822,1506862,0.08737
2021-08,Azumarill,0.0086063,76085.0,0.0504923476735095,1506862,0.8606300000000001
2021-08,Barbaracle,0.0002819,7151.0,0.0047456236868406,1506862,0.028190000000000003
2021-08,Barraskewda,0.0414679,135538.0,0.0899471882627606,1506862,4.14679
2021-08,Bewear,0.0002014,6449.0,0.0042797548813361,1506862,0.020139999999999998
2021-08,Bisharp,0.0518579,228370.0,0.151553360559892,1506862,5.18579
2021-08,Blacephalon,0.0761762,136201.0,0.0903871754679592,1506862,7.61762
2021-08,Blastoise,0.0016219,31230.0,0.020725189167953,1506862,0.16219
2021-08,Blaziken,0.022005,161647.0,0.1072739242213288,1506862,2.2005
2021-08,Blissey,0.1048175,266664.0,0.1769664375370803,1506862,10.48175
2021-08,Bouffalant,0.0001872,3498.0,0.0023213804581972,1506862,0.01872
2021-08,Braviary,0.000177,8272.0,0.0054895537879381,1506862,0.0177
2021-08,Bronzong,0.0005815,11718.0,0.0077764254457276,1506862,0.05815
2021-08,Butterfree,0.0005321,9756.0,0.0064743818611126,1506862,0.05321
2021-08,Buzzwole,0.064945,96316.0,0.0639182619244496,1506862,6.4945
2021-08,Carracosta,0.0003068,3016.0,0.0020015104236486,1506862,0.03068
2021-08,Celebi,0.000196,6561.0,0.0043540815283682,1506862,0.0196
2021-08,Celesteela,0.0069869,60377.0,0.0400680354272654,1506862,0.69869
2021-08,Centiskorch,0.0007607,10741.0,0.0071280581765284,1506862,0.07607
2021-08,Chandelure,0.0012061,37543.0,0.0249146902636074,1506862,0.12061000000000001
2021-08,Chansey,0.02612,71177.0,0.047235247819641,1506862,2.612
2021-08,Charizard,0.001735,51149.0,0.0339440506164466,1506862,0.1735
2021-08,Cinccino,0.0007865,10161.0,0.0067431523258267,1506862,0.07865
2021-08,Claydol,0.0001508,8199.0,0.0054411087412118,1506862,0.015080000000000001
2021-08,Clefable,0.219028,396440.0,0.2630897852623531,1506862,21.9028
2021-08,Cloyster,0.0142012,103891.0,0.0689452650607686,1506862,1.42012
2021-08,Cobalion,0.0006509,6423.0,0.0042625004811323,1506862,0.06509000000000001
2021-08,Comfey,0.0007696,12725.0,0.0084447016382389,1506862,0.07696
2021-08,Conkeldurr,0.0055988,66183.0,0.0439210757189444,1506862,0.55988
2021-08,Corsola-Galar,0.000591,21858.0,0.0145056415252358,1506862,0.05910000000000001
2021-08,Corviknight,0.2976371,501904.0,0.3330789415354558,1506862,29.76371
2021-08,Cradily,0.000194,9699.0,0.0064365549068196,1506862,0.0194
2021-08,Crawdaunt,0.0232478,84588.0,0.0561352001709512,1506862,2.32478
2021-08,Cresselia,0.0097407,27291.0,0.018111147537067,1506862,0.97407
2021-08,Crobat,0.0006488,25051.0,0.0166246145964262,1506862,0.06488000000000001
2021-08,Crustle,0.0002493,5699.0,0.0037820317985323,1506862,0.024929999999999997
2021-08,Cryogonal,0.0001229,4442.0,0.002947847911753,1506862,0.01229
2021-08,Cursola,0.0002081,6650.0,0.0044131446675276,1506862,0.02081
2021-08,Darmanitan,0.0032129,43611.0,0.0289416018188792,1506862,0.32128999999999996
2021-08,Decidueye,0.0001919,11351.0,0.0075328729505422,1506862,0.01919
2021-08,Dhelmise,0.0004222,8927.0,0.0059242319469201,1506862,0.04222
2021-08,Diancie,0.0013378,14699.0,0.0097547087921787,1506862,0.13378
2021-08,Diggersby,0.006259,18934.0,0.0125651851330778,1506862,0.6259
2021-08,Diglett-Alola,0.0002152,62.0,4.114510817845297e-05,1506862,0.02152
2021-08,Ditto,0.0148923,62565.0,0.0415200595674985,1506862,1.48923
2021-08,Dracozolt,0.0088608,61454.0,0.0407827657741717,1506862,0.88608
2021-08,Dragalge,0.0018973,7714.0,0.005119247814332,1506862,0.18973
2021-08,Dragapult,0.2107236,607173.0,0.4029386898070294,1506862,21.07236
2021-08,Dragonite,0.0870294,291442.0,0.193409880931366,1506862,8.70294
2021-08,Drampa,0.0021372,3612.0,0.0023970343667834,1506862,0.21372000000000002
2021-08,Drapion,0.0007246,13238.0,0.0087851442268767,1506862,0.07246000000000001
2021-08,Drednaw,0.0001763,3690.0,0.002448797567395,1506862,0.01763
2021-08,Drifblim,0.0002237,7086.0,0.0047024876863309,1506862,0.022369999999999998
2021-08,Druddigon,0.0009176,14703.0,0.009757363315287,1506862,0.09176
2021-08,Durant,0.0006773,10788.0,0.0071592488230508,1506862,0.06773
2021-08,Dusclops,0.0004654,12345.0,0.0081925219429516,1506862,0.04654
2021-08,Dusknoir,0.0001528,6471.0,0.0042943547584317,1506862,0.01528
2021-08,Eiscue,0.0005749,14596.0,0.0096863548221403,1506862,0.057490000000000006
2021-08,Eldegoss,0.000375,5431.0,0.003604178750277,1506862,0.0375
2021-08,Electivire,0.0001171,15657.0,0.0103904670766135,1506862,0.01171
2021-08,Entei,0.002414,16651.0,0.0110501160690229,1506862,0.2414
2021-08,Escavalier,0.0002209,4991.0,0.0033121812083654,1506862,0.02209
2021-08,Espeon,0.0010469,35671.0,0.0236723734489289,1506862,0.10468999999999999
2021-08,Excadrill,0.0346313,242772.0,0.1611109710112803,1506862,3.4631299999999996
2021-08,Exeggutor-Alola,0.0001586,6276.0,0.0041649467569027,1506862,0.01586
2021-08,Exploud,0.0004377,9315.0,0.006181720688424,1506862,0.04377
2021-08,Falinks,0.0004096,6123.0,0.0040634112480107,1506862,0.040959999999999996
2021-08,Ferrothorn,0.1869584,536048.0,0.3557379507877961,1506862,18.69584
2021-08,Flareon,0.0001354,5376.0,0.0035676790575381,1506862,0.013540000000000002
2021-08,Flygon,0.0004656,13462.0,0.0089337975209408,1506862,0.04656
2021-08,Froslass,0.0001747,14280.0,0.0094766474965856,1506862,0.01747
2021-08,Frosmoth,0.0004272,12796.0,0.008491819423411,1506862,0.042719999999999994
2021-08,Gallade,0.0002179,9124.0,0.0060549672100033,1506862,0.02179
2021-08,Galvantula,0.0008669,39964.0,0.0265213403748982,1506862,0.08669
2021-08,Garchomp,0.1647009,482972.0,0.320515083663932,1506862,16.470090000000003
2021-08,Gardevoir,0.0009528,35511.0,0.0235661925245974,1506862,0.09527999999999999
2021-08,Gastrodon,0.0156429,37475.0,0.0248695633707665,1506862,1.5642900000000002
2021-08,Gengar,0.0123042,133423.0,0.0885436091692537,1506862,1.2304199999999998
2021-08,Gigalith,0.0006161,10265.0,0.0068121699266422,1506862,0.06161
2021-08,Glastrier,0.0005623,12186.0,0.0080870046493972,1506862,0.056229999999999995
2021-08,Golisopod,0.0008402,21596.0,0.014331770261643,1506862,0.08402
2021-08,Golurk,0.0008097,12120.0,0.0080432050181104,1506862,0.08097
2021-08,Goodra,0.0004031,28237.0,0.018738942252177,1506862,0.04031
2021-08,Grapploct,0.0002086,3407.0,0.0022609900574836,1506862,0.02086
2021-08,Grimmsnarl,0.0044166,79954.0,0.0530599351500004,1506862,0.44165999999999994
2021-08,Guzzlord,0.0001416,3479.0,0.0023087714734328,1506862,0.01416
2021-08,Gyarados,0.0026995,70670.0,0.0468987870156656,1506862,0.26995
2021-08,Hatterene,0.0169266,97228.0,0.0645234931931391,1506862,1.69266
2021-08,Hawlucha,0.0280343,174412.0,0.1157451710906506,1506862,2.80343
2021-08,Haxorus,0.0025949,26355.0,0.0174899891297278,1506862,0.25949
2021-08,Heatran,0.2462079,503475.0,0.3341215054862356,1506862,24.62079
2021-08,Heliolisk,0.000316,16880.0,0.0112020875169723,1506862,0.031599999999999996
2021-08,Heracross,0.0012278,20030.0,0.0132925244647485,1506862,0.12278
2021-08,Hippowdon,0.0914213,140502.0,0.0932414514401451,1506862,9.14213
2021-08,Hitmonlee,0.0001053,12008.0,0.0079688783710784,1506862,0.01053
2021-08,Hitmontop,0.0001925,9071.0,0.0060197947788184,1506862,0.01925
2021-08,Hydreigon,0.0396508,162819.0,0.108051699492057,1506862,3.96508
2021-08,Incineroar,0.001783,40531.0,0.026897619025498,1506862,0.17830000000000001
2021-08,Indeedee,0.000328,8353.0,0.0055433078808809,1506862,0.0328
2021-08,Inteleon,0.0005071,25360.0,0.0168296765065414,1506862,0.050710000000000005
2021-08,Jellicent,0.0009457,11359.0,0.0075381819967588,1506862,0.09457
2021-08,Jirachi,0.0083435,78276.0,0.0519463627060739,1506862,0.83435
2021-08,Jolteon,0.0001931,19259.0,0.0127808651356262,1506862,0.01931
2021-08,Kartana,0.1327982,385390.0,0.2557566651757095,1506862,13.27982
2021-08,Keldeo,0.0108247,42838.0,0.0284286152282027,1506862,1.08247
2021-08,Kingdra,0.0133748,40274.0,0.0267270659157905,1506862,1.33748
2021-08,Klefki,0.0018448,24696.0,0.0163890256705657,1506862,0.18448
2021-08,Kommo-o,0.0104202,68394.0,0.0453883633670502,1506862,1.04202
2021-08,Krookodile,0.0032801,48324.0,0.0320692936712187,1506862,0.32801
2021-08,Kyurem,0.1271037,251380.0,0.1668235047403146,1506862,12.71037
2021-08,Landorus-Therian,0.5335612,954237.0,0.6332610418206843,1506862,53.35612
2021-08,Lanturn,0.0014097,6663.0,0.0044217718676295,1506862,0.14097
2021-08,Latias,0.0042142,34965.0,0.0232038501203162,1506862,0.42142
2021-08,Latios,0.01087,71534.0,0.0474721640070557,1506862,1.087
2021-08,Leafeon,0.0001773,7648.0,0.0050754481830452,1506862,0.01773
2021-08,Liepard,0.0001715,6142.0,0.0040760202327751,1506862,0.01715
2021-08,Lopunny,0.0001443,4370.0,0.0029000664958038,1506862,0.014430000000000002
2021-08,Lucario,0.0006201,38998.0,0.0258802730442469,1506862,0.062009999999999996
2021-08,Ludicolo,0.0006618,12822.0,0.0085090738236149,1506862,0.06618
2021-08,Lurantis,0.0001701,6310.0,0.0041875102033231,1506862,0.017009999999999997
2021-08,Luxray,0.000112,5555.0,0.0036864689666339,1506862,0.0112
2021-08,Lycanroc,0.0003561,4895.0,0.0032484726537665,1506862,0.035609999999999996
2021-08,Lycanroc-Dusk,0.0042834,32165.0,0.0213456839445151,1506862,0.42833999999999994
2021-08,Machamp,0.000385,14153.0,0.0093923663878974,1506862,0.0385
2021-08,Magnezone,0.0902515,219376.0,0.145584665350908,1506862,9.02515
2021-08,Malamar,0.0008048,16822.0,0.0111635969319021,1506862,0.08048000000000001
2021-08,Mamoswine,0.0247599,94908.0,0.0629838697903324,1506862,2.4759900000000004
2021-08,Mandibuzz,0.0264926,153815.0,0.1020763679753023,1506862,2.64926
2021-08,Manectric,0.0004421,5172.0,0.0034322983790154,1506862,0.04421
2021-08,Mantine,0.001157,9121.0,0.006052976317672,1506862,0.1157
2021-08,Marowak,0.0003207,3585.0,0.0023791163358024,1506862,0.03207
2021-08,Marowak-Alola,0.016648,49219.0,0.032663243216698,1506862,1.6648
2021-08,Melmetal,0.1180153,290731.0,0.1929380394488679,1506862,11.80153
2021-08,Meowstic,0.0001715,5147.0,0.0034157076095886,1506862,0.01715
2021-08,Metagross,0.001131,44926.0,0.0298142762907286,1506862,0.1131
2021-08,Mew,0.0294953,178975.0,0.1187733183264293,1506862,2.9495299999999998
2021-08,Mienshao,0.0019233,19990.0,0.0132659792336657,1506862,0.19233
2021-08,Milotic,0.0013184,36521.0,0.02423645960944,1506862,0.13183999999999998
2021-08,Miltank,0.0001426,6613.0,0.0043885903287759,1506862,0.01426
2021-08,Mimikyu,0.002271,51759.0,0.0343488653904604,1506862,0.2271
2021-08,Moltres,0.0101723,40048.0,0.0265770853601723,1506862,1.01723
2021-08,Moltres-Galar,0.019107,41405.0,0.0274776323246587,1506862,1.9106999999999998
2021-08,Morpeko,0.000334,9456.0,0.0062752926279911,1506862,0.0334
2021-08,Mr. Mime,0.0001103,2405.0,0.0015960320188577,1506862,0.01103
2021-08,Mudsdale,0.0001076,7312.0,0.0048524682419491,1506862,0.01076
2021-08,Munchlax,0.000479,2077.0,0.0013783611239781,1506862,0.0479
2021-08,Necrozma,0.00365,16860.0,0.0111888149014309,1506862,0.365
2021-08,Nidoking,0.038603,114362.0,0.0758941429274877,1506862,3.8602999999999996
2021-08,Nidoqueen,0.0013662,10467.0,0.0069462233436107,1506862,0.13662
2021-08,Nihilego,0.0054296,39854.0,0.0264483409894203,1506862,0.54296
2021-08,Ninetales,0.0007119,22651.0,0.0150319007314538,1506862,0.07119
2021-08,Ninetales-Alola,0.0680463,122574.0,0.0813438788688015,1506862,6.80463
2021-08,Noivern,0.0005911,12863.0,0.0085362826854748,1506862,0.05911
2021-08,Obstagoon,0.0009826,24370.0,0.0161726820372403,1506862,0.09825999999999999
2021-08,Octillery,0.0001628,1566.0,0.0010392457968944,1506862,0.01628
2021-08,Omastar,0.000573,11550.0,0.0076649354751795,1506862,0.057300000000000004
2021-08,Orbeetle,0.0007525,5453.0,0.0036187786273726,1506862,0.07525
2021-08,Pangoro,0.0002019,6604.0,0.0043826176517823,1506862,0.02019
2021-08,Pelipper,0.0566289,193585.0,0.1284689639794486,1506862,5.66289
2021-08,Perrserker,0.000122,1927.0,0.0012788165074174,1506862,0.012199999999999999
2021-08,Pikachu,0.0001324,12664.0,0.0084042201608375,1506862,0.01324
2021-08,Piloswine,0.000152,2631.0,0.0017460125744759,1506862,0.015200000000000002
2021-08,Pincurchin,0.0001281,7795.0,0.0051730019072748,1506862,0.01281
2021-08,Politoed,0.0009974,20727.0,0.0137550751163676,1506862,0.09974000000000001
2021-08,Poliwrath,0.0003482,9657.0,0.0064086824141825,1506862,0.034820000000000004
2021-08,Polteageist,0.0023898,34734.0,0.0230505514108126,1506862,0.23898
2021-08,Porygon-Z,0.0010399,22953.0,0.0152323172261295,1506862,0.10399000000000001
2021-08,Porygon2,0.0139704,51956.0,0.0344796006535435,1506862,1.3970399999999998
2021-08,Primarina,0.0063069,40096.0,0.0266089396374717,1506862,0.63069
2021-08,Pyukumuku,0.0003613,14691.0,0.0097493997459621,1506862,0.03613
2021-08,Quagsire,0.009524,40567.0,0.0269215097334726,1506862,0.9523999999999999
2021-08,Raboot,0.0002307,2817.0,0.0018694478990113,1506862,0.02307
2021-08,Raichu-Alola,0.0019995,17061.0,0.0113222046876223,1506862,0.19995
2021-08,Raikou,0.0059221,11382.0,0.0075534455046314,1506862,0.5922099999999999
2021-08,Regidrago,0.0010015,12899.0,0.0085601733934494,1506862,0.10015
2021-08,Regieleki,0.0317347,157181.0,0.104310149170926,1506862,3.1734699999999996
2021-08,Regirock,0.0001233,6455.0,0.0042837366659986,1506862,0.012329999999999999
2021-08,Registeel,0.0007553,11416.0,0.0075760089510519,1506862,0.07553
2021-08,Reuniclus,0.0140154,36669.0,0.0243346769644466,1506862,1.40154
2021-08,Rhyperior,0.0011907,27315.0,0.0181270746757168,1506862,0.11907000000000001
2021-08,Ribombee,0.0011274,23028.0,0.0152820895344099,1506862,0.11273999999999999
2021-08,Rillaboom,0.0832509,359492.0,0.2385699553111034,1506862,8.32509
2021-08,Riolu,0.0002386,2886.0,0.0019152384226292,1506862,0.02386
2021-08,Roserade,0.0003732,18147.0,0.0120429077115223,1506862,0.03732
2021-08,Rotom-Heat,0.0083462,54315.0,0.036045105656656,1506862,0.83462
2021-08,Rotom-Mow,0.000361,7749.0,0.0051424748915295,1506862,0.0361
2021-08,Rotom-Wash,0.0263375,109423.0,0.0726164705195299,1506862,2.63375
2021-08,Runerigus,0.0002067,7256.0,0.0048153049184331,1506862,0.02067
2021-08,Sableye,0.0005347,12648.0,0.0083936020684044,1506862,0.053470000000000004
2021-08,Salamence,0.0041857,52797.0,0.0350377141370609,1506862,0.41856999999999994
2021-08,Salazzle,0.0017953,35976.0,0.0238747808359358,1506862,0.17953000000000002
2021-08,Sandaconda,0.0002307,15678.0,0.010404403322932,1506862,0.02307
2021-08,Sandslash-Alola,0.0005205,8375.0,0.0055579077579765,1506862,0.05205
2021-08,Sceptile,0.000786,21470.0,0.014248152783732,1506862,0.0786
2021-08,Scizor,0.078956,250166.0,0.1660178569769494,1506862,7.8956
2021-08,Scolipede,0.0014751,19519.0,0.0129534091376648,1506862,0.14751
2021-08,Scrafty,0.0002663,10053.0,0.006671480201903,1506862,0.02663
2021-08,Scyther,0.0001007,9287.0,0.006163139026666,1506862,0.010069999999999999
2021-08,Seismitoad,0.0190174,64701.0,0.0429375749073239,1506862,1.90174
2021-08,Sharpedo,0.000625,12895.0,0.0085575188703411,1506862,0.0625
2021-08,Shedinja,0.0133903,26166.0,0.0173645629128612,1506862,1.3390300000000002
2021-08,Shiftry,0.000117,4905.0,0.0032551089615372,1506862,0.0117
2021-08,Shuckle,0.0079647,60198.0,0.0399492455181695,1506862,0.79647
2021-08,Sigilyph,0.0015657,16963.0,0.0112571688714693,1506862,0.15657
2021-08,Sirfetch'd,0.0007504,10245.0,0.0067988973111008,1506862,0.07504
2021-08,Skarmory,0.0321526,129689.0,0.0860656118476675,1506862,3.2152600000000002
2021-08,Slowbro,0.0698765,176036.0,0.1168229074726152,1506862,6.9876499999999995
2021-08,Slowbro-Galar,0.0020284,35022.0,0.0232416770746093,1506862,0.20284000000000002
2021-08,Slowking,0.0409155,125706.0,0.0834223704625904,1506862,4.09155
2021-08,Slowking-Galar,0.0908095,197211.0,0.1308752891771111,1506862,9.08095
2021-08,Slurpuff,0.0008045,27871.0,0.0184960533877687,1506862,0.08045
2021-08,Snorlax,0.0021239,47452.0,0.0314906076336121,1506862,0.21239000000000002
2021-08,Stakataka,0.0009219,23822.0,0.0158090123714049,1506862,0.09219000000000001
2021-08,Starmie,0.0014793,21957.0,0.0145713409721659,1506862,0.14793
2021-08,Steelix,0.0004653,14664.0,0.0097314817149812,1506862,0.046529999999999995
2021-08,Stonjourner,0.0002908,2516.0,0.0016696950351127,1506862,0.02908
2021-08,Stoutland,0.0001076,2730.0,0.001811712021406,1506862,0.01076
2021-08,Suicune,0.0071495,20151.0,0.0133728237887742,1506862,0.71495
2021-08,Swampert,0.0301504,196884.0,0.1306582819130086,1506862,3.01504
2021-08,Swoobat,0.0001652,7540.0,0.0050037760591215,1506862,0.01652
2021-08,Sylveon,0.0006465,22773.0,0.0151128636862566,1506862,0.06465
2021-08,Talonflame,0.0004717,19260.0,0.0127815287664032,1506862,0.04717
2021-08,Tangrowth,0.0232602,66621.0,0.0442117459993018,1506862,2.32602
2021-08,Tapu Bulu,0.0073601,37596.0,0.0249498626947922,1506862,0.7360099999999999
2021-08,Tapu Fini,0.1647608,311139.0,0.2064814163473496,1506862,16.47608
2021-08,Tapu Koko,0.0867132,288292.0,0.1913194439835897,1506862,8.67132
2021-08,Tapu Lele,0.1773779,311934.0,0.2070090028151217,1506862,17.73779
2021-08,Tauros,0.0002199,8478.0,0.0056262617280149,1506862,0.02199
2021-08,Tentacruel,0.0029288,29115.0,0.0193216100744461,1506862,0.29288000000000003
2021-08,Terrakion,0.0074804,26589.0,0.0176452787315626,1506862,0.74804
2021-08,Thundurus,0.0014996,14204.0,0.0094262115575281,1506862,0.14996
2021-08,Thundurus-Therian,0.0070908,56567.0,0.0375396021666217,1506862,0.70908
2021-08,Togedemaru,0.0001655,12990.0,0.0086205637941629,1506862,0.016550000000000002
2021-08,Togekiss,0.0024431,67822.0,0.0450087665625651,1506862,0.24431000000000003
2021-08,Torkoal,0.0288151,81721.0,0.0542325707330863,1506862,2.88151
2021-08,Tornadus,0.0001854,4082.0,0.0027089408320071,1506862,0.01854
2021-08,Tornadus-Therian,0.1839543,161903.0,0.1074438137002592,1506862,18.395429999999998
2021-08,Toxapex,0.2040945,349151.0,0.2317073494454037,1506862,20.40945
2021-08,Toxicroak,0.0002793,17571.0,0.0116606563839289,1506862,0.02793
2021-08,Toxtricity,0.0165879,35012.0,0.0232350407668386,1506862,1.65879
2021-08,Tsareena,0.000127,9322.0,0.0061863661038635,1506862,0.0127
2021-08,Turtonator,0.0003366,8554.0,0.0056766976670723,1506862,0.03366
2021-08,Type: Null,0.0001436,1269.0,0.0008421474561041,1506862,0.01436
2021-08,Tyranitar,0.0413253,241403.0,0.160202460477469,1506862,4.13253
2021-08,Tyrantrum,0.0008098,8794.0,0.0058359690535696,1506862,0.08098
2021-08,Umbreon,0.0087825,49701.0,0.0329831132512466,1506862,0.8782500000000001
2021-08,Urshifu-Rapid-Strike,0.1674347,402869.0,0.2673562675281479,1506862,16.74347
2021-08,Uxie,0.0004207,8551.0,0.0056747067747411,1506862,0.042069999999999996
2021-08,Vanilluxe,0.0014371,8837.0,0.0058645051769836,1506862,0.14371
2021-08,Vaporeon,0.0023266,16167.0,0.0107289187729201,1506862,0.23265999999999998
2021-08,Venusaur,0.0268373,85159.0,0.0565141333446592,1506862,2.68373
2021-08,Victini,0.0402542,122143.0,0.0810578540038835,1506862,4.0254199999999996
2021-08,Vikavolt,0.0002038,11095.0,0.0073629834716118,1506862,0.02038
2021-08,Vileplume,0.0005211,9985.0,0.0066263533090621,1506862,0.052110000000000004
2021-08,Virizion,0.00012,3275.0,0.0021733907949102,1506862,0.012
2021-08,Volcanion,0.0531266,59456.0,0.0394568314815822,1506862,5.31266
2021-08,Volcarona,0.0603238,351070.0,0.2329808569066045,1506862,6.03238
2021-08,Wailord,0.0003464,2620.0,0.0017387126359281,1506862,0.034640000000000004
2021-08,Weavile,0.1762976,333847.0,0.2215511440330966,1506862,17.62976
2021-08,Weezing,0.0003987,5058.0,0.0033566444704292,1506862,0.039869999999999996
2021-08,Weezing-Galar,0.0030716,21098.0,0.0140012821346613,1506862,0.30716
2021-08,Whimsicott,0.000794,26095.0,0.0173174451276891,1506862,0.0794
2021-08,Xatu,0.0033992,16783.0,0.0111377153315963,1506862,0.33992
2021-08,Xurkitree,0.0005425,21635.0,0.0143576518619488,1506862,0.05425
2021-08,Zapdos,0.0661621,277470.0,0.1841376317141184,1506862,6.616210000000001
2021-08,Zapdos-Galar,0.0192102,97396.0,0.0646349831636871,1506862,1.92102
2021-08,Zarude,0.0053853,21499.0,0.0142673980762671,1506862,0.53853
2021-08,Zeraora,0.0816136,308552.0,0.2047646035270648,1506862,8.16136
2021-08,Zoroark,0.0010867,33311.0,0.0221062048150394,1506862,0.10866999999999999
2021-08,Zygarde-10%,0.0010962,14663.0,0.0097308180842041,1506862,0.10962000000000001
2021-08,aromatisse,0.0,0.0,0.0,1506862,0.0
2021-08,dialga,0.0,0.0,0.0,1506862,0.0
2021-08,dracovish,0.0,0.0,0.0,1506862,0.0
2021-08,eternatus,0.0,0.0,0.0,1506862,0.0
2021-08,garbodor,0.0,0.0,0.0,1506862,0.0
2021-08,genesect,0.0,0.0,0.0,1506862,0.0
2021-08,giratina,0.0,0.0,0.0,1506862,0.0
2021-08,glalie,0.0,0.0,0.0,1506862,0.0
2021-08,gourgeist,0.0,0.0,0.0,1506862,0.0
2021-08,groudon,0.0,0.0,0.0,1506862,0.0
2021-08,heatmor,0.0,0.0,0.0,1506862,0.0
2021-08,ho-oh,0.0,0.0,0.0,1506862,0.0
2021-08,kyogre,0.0,0.0,0.0,1506862,0.0
2021-08,landorus,0.0,0.0,0.0,1506862,0.0
2021-08,lugia,0.0,0.0,0.0,1506862,0.0
2021-08,lunala,0.0,0.0,0.0,1506862,0.0
2021-08,lunatone,0.0,0.0,0.0,1506862,0.0
2021-08,marshadow,0.0,0.0,0.0,1506862,0.0
2021-08,mewtwo,0.0,0.0,0.0,1506862,0.0
2021-08,mr-rime,0.0,0.0,0.0,1506862,0.0
2021-08,musharna,0.0,0.0,0.0,1506862,0.0
2021-08,naganadel,0.0,0.0,0.0,1506862,0.0
2021-08,oranguru,0.0,0.0,0.0,1506862,0.0
2021-08,palkia,0.0,0.0,0.0,1506862,0.0
2021-08,passimian,0.0,0.0,0.0,1506862,0.0
2021-08,pheromosa,0.0,0.0,0.0,1506862,0.0
2021-08,pinsir,0.0,0.0,0.0,1506862,0.0
2021-08,raichu,0.0,0.0,0.0,1506862,0.0
2021-08,rayquaza,0.0,0.0,0.0,1506862,0.0
2021-08,reshiram,0.0,0.0,0.0,1506862,0.0
2021-08,rotom,0.0,0.0,0.0,1506862,0.0
2021-08,seaking,0.0,0.0,0.0,1506862,0.0
2021-08,sirfetchd,0.0,0.0,0.0,1506862,0.0
2021-08,skuntank,0.0,0.0,0.0,1506862,0.0
2021-08,solgaleo,0.0,0.0,0.0,1506862,0.0
2021-08,solrock,0.0,0.0,0.0,1506862,0.0
2021-08,sudowoodo,0.0,0.0,0.0,1506862,0.0
2021-08,throh,0.0,0.0,0.0,1506862,0.0
2021-08,whiscash,0.0,0.0,0.0,1506862,0.0
2021-08,wobbuffet,0.0,0.0,0.0,1506862,0.0
2021-08,xerneas,0.0,0.0,0.0,1506862,0.0
2021-08,yveltal,0.0,0.0,0.0,1506862,0.0
2021-08,zacian,0.0,0.0,0.0,1506862,0.0
2021-08,zamazenta,0.0,0.0,0.0,1506862,0.0
2021-08,zekrom,0.0,0.0,0.0,1506862,0.0
2021-08,zygarde,0.0,0.0,0.0,1506862,0.0
2021-09,Abomasnow,0.0008076,5915.0,0.004031029728759,1467367,0.08076
2021-09,Absol,0.0003224,8101.0,0.0055207729218389,1467367,0.03224
2021-09,Accelgor,0.0002518,11311.0,0.0077083647103962,1467367,0.02518
2021-09,Aegislash,0.0297599,82905.0,0.0564991580156838,1467367,2.97599
2021-09,Aerodactyl,0.0002118,10923.0,0.0074439455160161,1467367,0.02118
2021-09,Aggron,0.0002132,13196.0,0.0089929785800007,1467367,0.021320000000000002
2021-09,Alakazam,0.0065528,58126.0,0.0396124486921131,1467367,0.65528
2021-09,Amoonguss,0.0122881,40169.0,0.0273748830388035,1467367,1.22881
2021-09,Araquanid,0.0035875,24535.0,0.0167204250879296,1467367,0.35875
2021-09,Arcanine,0.0007871,27136.0,0.0184929877801531,1467367,0.07871
2021-09,Archeops,0.000406,8715.0,0.0059392094820177,1467367,0.0406
2021-09,Arctovish,0.0020623,11562.0,0.0078794193954205,1467367,0.20623
2021-09,Arctozolt,0.0491461,82591.0,0.0562851692862112,1467367,4.91461
2021-09,Aron,0.0004388,6325.0,0.0043104417640576,1467367,0.043879999999999995
2021-09,Articuno,0.0003779,5085.0,0.0034653907304716,1467367,0.037790000000000004
2021-09,Articuno-Galar,0.0009417,7800.0,0.0053156435983635,1467367,0.09416999999999999
2021-09,Audino,0.0019779,2950.0,0.0020104036686118,1467367,0.19779
2021-09,Aurorus,0.0024233,7776.0,0.005299287771907,1467367,0.24233000000000002
2021-09,Avalugg,0.0162637,10979.0,0.0074821091110812,1467367,1.6263699999999999
2021-09,Azelf,0.0028391,21344.0,0.0145457816619836,1467367,0.28391
2021-09,Azumarill,0.0092559,64536.0,0.0439808173415375,1467367,0.9255899999999999
2021-09,Barbaracle,0.0003203,5193.0,0.0035389919495259,1467367,0.032029999999999996
2021-09,Barraskewda,0.029507,128144.0,0.0873292093934237,1467367,2.9507
2021-09,Beheeyem,0.0013394,1302.0,0.0008873035852653,1467367,0.13394
2021-09,Bellossom,0.0001483,1733.0,0.0011810269687133,1467367,0.01483
2021-09,Bewear,0.002349,7713.0,0.0052563537274587,1467367,0.2349
2021-09,Bisharp,0.0362853,220659.0,0.1503775129193991,1467367,3.62853
2021-09,Blacephalon,0.0390272,133540.0,0.0910065443750609,1467367,3.90272
2021-09,Blastoise,0.0025982,32124.0,0.0218922737120297,1467367,0.25982
2021-09,Blaziken,0.0118968,145674.0,0.0992757776343614,1467367,1.18968
2021-09,Blissey,0.1156954,267013.0,0.1819674287345974,1467367,11.56954
2021-09,Bouffalant,0.0004247,2656.0,0.0018100447945197,1467367,0.04247
2021-09,Braviary,0.0002792,6780.0,0.0046205209739622,1467367,0.02792
2021-09,Bronzong,0.0007224,11467.0,0.0078146775823635,1467367,0.07224
2021-09,Buzzwole,0.067613,92380.0,0.0629563020021576,1467367,6.7613
2021-09,Carracosta,0.0001096,3156.0,0.0021507911790301,1467367,0.01096
2021-09,Celebi,0.0001102,5394.0,0.0036759719960991,1467367,0.01102
2021-09,Celesteela,0.0119041,61997.0,0.0422505072009933,1467367,1.19041
2021-09,Centiskorch,0.0001928,9082.0,0.0061893173282484,1467367,0.01928
2021-09,Chandelure,0.0004327,34108.0,0.0232443553657673,1467367,0.04327
2021-09,Chansey,0.0496664,68562.0,0.046724507229616,1467367,4.96664
2021-09,Charizard,0.0031897,50400.0,0.0343472355586571,1467367,0.31897000000000003
2021-09,Clawitzer,0.0006893,8285.0,0.0056461675913387,1467367,0.06893
2021-09,Claydol,0.0001561,7737.0,0.0052727095539152,1467367,0.01561
2021-09,Clefable,0.1937946,345588.0,0.2355157230604204,1467367,19.37946
2021-09,Cloyster,0.006581,75079.0,0.0511657956053257,1467367,0.6581
2021-09,Coalossal,0.000212,7371.0,0.0050232832004536,1467367,0.0212
2021-09,Cobalion,0.0001619,5702.0,0.0038858717689575,1467367,0.01619
2021-09,Cofagrigus,0.0001094,8615.0,0.0058710602051156,1467367,0.01094
2021-09,Combusken,0.0005782,349.0,0.0002378409763883,1467367,0.057819999999999996
2021-09,Comfey,0.0002559,13721.0,0.0093507622837367,1467367,0.025589999999999998
2021-09,Conkeldurr,0.0155455,60970.0,0.0415506141272088,1467367,1.55455
2021-09,Copperajah,0.000447,3911.0,0.002665318219641,1467367,0.044700000000000004
2021-09,Corsola,0.0001,1174.0,0.0008000725108306,1467367,0.01
2021-09,Corsola-Galar,0.0003044,20998.0,0.0143099851639024,1467367,0.030440000000000002
2021-09,Corviknight,0.2586508,507390.0,0.3457826160735521,1467367,25.865080000000003
2021-09,Cradily,0.0001354,9137.0,0.0062267994305446,1467367,0.013540000000000002
2021-09,Crawdaunt,0.0184551,88489.0,0.0603046136378969,1467367,1.8455099999999998
2021-09,Cresselia,0.0095288,26885.0,0.0183219330951288,1467367,0.9528800000000001
2021-09,Crobat,0.0002768,20752.0,0.0141423379427232,1467367,0.02768
2021-09,Cryogonal,0.0006792,6151.0,0.004191862022248,1467367,0.06792000000000001
2021-09,Cursola,0.0002754,4968.0,0.0033856560764962,1467367,0.027540000000000002
2021-09,Darmanitan,0.0021151,36667.0,0.024988295361692,1467367,0.21151
2021-09,Decidueye,0.000221,9928.0,0.0067658602108402,1467367,0.0221
2021-09,Dhelmise,0.0002601,9287.0,0.0063290233458977,1467367,0.02601
2021-09,Diancie,0.0004511,9962.0,0.0067890309649869,1467367,0.045110000000000004
2021-09,Diggersby,0.0031496,18898.0,0.0128788503489583,1467367,0.31495999999999996
2021-09,Ditto,0.0055654,52846.0,0.0360141668716824,1467367,0.55654
2021-09,Dracozolt,0.0137311,62473.0,0.0425748977590473,1467367,1.37311
2021-09,Dragalge,0.0003477,7045.0,0.0048011165577527,1467367,0.03477
2021-09,Dragapult,0.1887531,622320.0,0.4241065800171327,1467367,18.87531
2021-09,Dragonite,0.1124699,303502.0,0.2068344183834037,1467367,11.24699
2021-09,Drampa,0.0019345,3298.0,0.0022475631522311,1467367,0.19345
2021-09,Drapion,0.0010546,12896.0,0.0087885307492944,1467367,0.10546
2021-09,Drifblim,0.0001678,5642.0,0.0038449822028163,1467367,0.01678
2021-09,Druddigon,0.0003396,12670.0,0.0086345133834957,1467367,0.033960000000000004
2021-09,Durant,0.0004048,11210.0,0.0076395339407251,1467367,0.040479999999999995
2021-09,Dusclops,0.0007757,10610.0,0.0072306382793125,1467367,0.07757
2021-09,Dusknoir,0.000851,6932.0,0.0047241078748533,1467367,0.0851
2021-09,Eiscue,0.000307,9002.0,0.0061347979067268,1467367,0.030699999999999998
2021-09,Electivire,0.0002393,15801.0,0.0107682672433004,1467367,0.02393
2021-09,Entei,0.0072899,18341.0,0.0124992588766136,1467367,0.72899
2021-09,Escavalier,0.0001296,4608.0,0.0031403186796486,1467367,0.012960000000000001
2021-09,Espeon,0.0006038,31430.0,0.0214193177303292,1467367,0.06038
2021-09,Excadrill,0.0526177,219367.0,0.149497024261824,1467367,5.26177
2021-09,Exploud,0.0004969,8508.0,0.0057981404788304,1467367,0.04969
2021-09,Ferrothorn,0.1946743,522396.0,0.3560090965654809,1467367,19.46743
2021-09,Flygon,0.0006315,13039.0,0.0088859842152644,1467367,0.06315
2021-09,Froslass,0.0012088,13678.0,0.0093214580946688,1467367,0.12087999999999999
2021-09,Frosmoth,0.0002092,8981.0,0.0061204865585773,1467367,0.020919999999999998
2021-09,Gallade,0.0002125,8730.0,0.0059494318735531,1467367,0.021249999999999998
2021-09,Galvantula,0.0008464,35933.0,0.0244880796692306,1467367,0.08463999999999999
2021-09,Garchomp,0.1879615,464844.0,0.3167878247227857,1467367,18.79615
2021-09,Gardevoir,0.0010435,28890.0,0.0196883260970159,1467367,0.10435
2021-09,Gastrodon,0.0306683,51141.0,0.0348522217005016,1467367,3.06683
2021-09,Gengar,0.0133142,148569.0,0.1012486992006771,1467367,1.33142
2021-09,Gigalith,0.0026948,9090.0,0.0061947692704006,1467367,0.26948
2021-09,Glastrier,0.0020455,12924.0,0.008807612546827,1467367,0.20455
2021-09,Golisopod,0.0015669,15718.0,0.0107117033434716,1467367,0.15669
2021-09,Golurk,0.0004174,9444.0,0.006436017710634,1467367,0.04174
2021-09,Goodra,0.0003431,25209.0,0.0171797512142497,1467367,0.03431
2021-09,Grimmsnarl,0.0080548,64692.0,0.0440871302135048,1467367,0.8054800000000001
2021-09,Gyarados,0.0042091,59759.0,0.0407253263839244,1467367,0.42091
2021-09,Hatterene,0.0164514,93795.0,0.0639206142703222,1467367,1.64514
2021-09,Hawlucha,0.0276619,172644.0,0.117655637614857,1467367,2.76619
2021-09,Haxorus,0.0021838,27747.0,0.0189093798620249,1467367,0.21838000000000002
2021-09,Heatran,0.2083629,516150.0,0.3517524927301759,1467367,20.836289999999998
2021-09,Heliolisk,0.0002837,16462.0,0.0112187339636232,1467367,0.02837
2021-09,Heracross,0.0013941,15646.0,0.0106626358641021,1467367,0.13940999999999998
2021-09,Hippowdon,0.0806627,134038.0,0.0913459277740333,1467367,8.066270000000001
2021-09,Hitmonlee,0.0001686,10837.0,0.0073853371378802,1467367,0.01686
2021-09,Hitmontop,0.00015,9294.0,0.0063337937952809,1467367,0.015
2021-09,Hydreigon,0.0319189,155450.0,0.1059380509443104,1467367,3.19189
2021-09,Incineroar,0.0009043,38866.0,0.0264868979607691,1467367,0.09043
2021-09,Indeedee,0.00075,8784.0,0.0059862324830802,1467367,0.075
2021-09,Inteleon,0.0010621,23656.0,0.0161213929439601,1467367,0.10621000000000001
2021-09,Jellicent,0.0006793,9761.0,0.0066520509184137,1467367,0.06793
2021-09,Jirachi,0.0179104,66989.0,0.045652519103946,1467367,1.79104
2021-09,Jolteon,0.0006459,17974.0,0.0122491510303829,1467367,0.06459000000000001
2021-09,Jynx,0.0001257,4281.0,0.0029174705441787,1467367,0.01257
2021-09,Kabutops,0.0001481,6767.0,0.0046116615679649,1467367,0.01481
2021-09,Kartana,0.1717133,415966.0,0.2834778211585786,1467367,17.17133
2021-09,Keldeo,0.0158659,40612.0,0.0276767843354798,1467367,1.58659
2021-09,Kingdra,0.0104131,41844.0,0.0285163834269136,1467367,1.04131
2021-09,Kingler,0.0001318,4259.0,0.0029024777032603,1467367,0.01318
2021-09,Klefki,0.0021623,29764.0,0.0202839507771402,1467367,0.21622999999999998
2021-09,Kommo-o,0.0100703,58678.0,0.0399886327006127,1467367,1.00703
2021-09,Krookodile,0.0015931,39877.0,0.0271758871502493,1467367,0.15931
2021-09,Kyurem,0.0912903,246778.0,0.168177422553458,1467367,9.12903
2021-09,Landorus-Therian,0.4686677,947592.0,0.6457770959821231,1467367,46.86677
2021-09,Lanturn,0.0001428,5985.0,0.0040787342225905,1467367,0.014280000000000001
2021-09,Lapras,0.0002962,10272.0,0.0070002937233834,1467367,0.02962
2021-09,Latias,0.0053218,37213.0,0.0253603904135775,1467367,0.53218
2021-09,Latios,0.0206454,77351.0,0.0527141471765413,1467367,2.06454
2021-09,Lickilicky,0.0013363,2244.0,0.001529269773683,1467367,0.13363
2021-09,Lucario,0.000689,33187.0,0.022616700525499,1467367,0.0689
2021-09,Ludicolo,0.00017,10850.0,0.0073941965438775,1467367,0.017
2021-09,Lycanroc-Dusk,0.0033016,26888.0,0.0183239775734359,1467367,0.33016
2021-09,Machamp,0.0004761,13161.0,0.008969126333085,1467367,0.04761
2021-09,Magneton,0.0002935,2527.0,0.001722132227316,1467367,0.029349999999999998
2021-09,Magnezone,0.1096027,258055.0,0.1758626165097075,1467367,10.96027
2021-09,Malamar,0.0003474,14897.0,0.0101521977801054,1467367,0.03474
2021-09,Mamoswine,0.011439,110119.0,0.0750453022318206,1467367,1.1439
2021-09,Mandibuzz,0.0372691,145228.0,0.098971831859378,1467367,3.72691
2021-09,Manectric,0.0001368,5298.0,0.0036105486902731,1467367,0.01368
2021-09,Mantine,0.0006364,10555.0,0.0071931561770163,1467367,0.06364
2021-09,Marowak-Alola,0.0117397,52176.0,0.0355575667164383,1467367,1.17397
2021-09,Melmetal,0.0968319,289110.0,0.1970263744516538,1467367,9.68319
2021-09,Meowstic,0.000176,5028.0,0.0034265456426374,1467367,0.0176
2021-09,Metagross,0.001435,39742.0,0.0270838856264315,1467367,0.14350000000000002
2021-09,Mew,0.0428077,188246.0,0.1282882877971223,1467367,4.2807699999999995
2021-09,Mienshao,0.0024335,20641.0,0.0140666922453619,1467367,0.24334999999999998
2021-09,Milotic,0.0008375,32760.0,0.0223257031131271,1467367,0.08375
2021-09,Miltank,0.0002115,4533.0,0.003089206721972,1467367,0.02115
2021-09,Mimikyu,0.0015665,42780.0,0.0291542606587172,1467367,0.15664999999999998
2021-09,Moltres,0.0050113,39391.0,0.0268446816645052,1467367,0.50113
2021-09,Moltres-Galar,0.0176342,37788.0,0.0257522487557645,1467367,1.76342
2021-09,Necrozma,0.004184,19429.0,0.0132407230093085,1467367,0.4184
2021-09,Nidoking,0.0346195,105204.0,0.0716957652720825,1467367,3.46195
2021-09,Nidoqueen,0.0003445,8883.0,0.0060537002672133,1467367,0.03445
2021-09,Nihilego,0.006675,40403.0,0.0275343523467544,1467367,0.6675
2021-09,Ninetales,0.0004777,22407.0,0.0152702084754529,1467367,0.04777
2021-09,Ninetales-Alola,0.0606318,133729.0,0.0911353465084058,1467367,6.06318
2021-09,Ninjask,0.0019063,10629.0,0.0072435866419239,1467367,0.19063000000000002
2021-09,Noctowl,0.0001608,1546.0,0.0010535878209064,1467367,0.01608
2021-09,Noivern,0.0002238,11900.0,0.0081097639513495,1467367,0.02238
2021-09,Obstagoon,0.003696,23426.0,0.0159646496070853,1467367,0.3696
2021-09,Omastar,0.000672,9982.0,0.0068026608203673,1467367,0.0672
2021-09,Orbeetle,0.0001696,4289.0,0.0029229224863309,1467367,0.01696
2021-09,Palossand,0.0006931,4621.0,0.0031491780856459,1467367,0.06931
2021-09,Pangoro,0.000143,5855.0,0.0039901401626178,1467367,0.0143
2021-09,Pelipper,0.0402643,182556.0,0.1244105939413929,1467367,4.02643
2021-09,Pikachu,0.0001002,10710.0,0.0072987875562146,1467367,0.01002
2021-09,Piloswine,0.0001144,1597.0,0.0010883439521264,1467367,0.01144
2021-09,Pincurchin,0.0001192,6339.0,0.0043199826628239,1467367,0.01192
2021-09,Politoed,0.0005923,18956.0,0.0129183769295615,1467367,0.059230000000000005
2021-09,Poliwrath,0.0004406,8059.0,0.00549215022554,1467367,0.044059999999999995
2021-09,Polteageist,0.0021335,30498.0,0.0207841664696016,1467367,0.21334999999999998
2021-09,Porygon-Z,0.0034868,21450.0,0.0146180198954999,1467367,0.34868
2021-09,Porygon2,0.0108842,52929.0,0.0360707307715111,1467367,1.08842
2021-09,Primarina,0.0028396,34458.0,0.0234828778349247,1467367,0.28396
2021-09,Pyukumuku,0.0015908,14057.0,0.0095797438541278,1467367,0.15908
2021-09,Quagsire,0.0279782,36961.0,0.0251886542357842,1467367,2.79782
2021-09,Raichu-Alola,0.0022799,16841.0,0.0114770197230822,1467367,0.22799
2021-09,Raikou,0.0024234,11763.0,0.0080163994419937,1467367,0.24234
2021-09,Regice,0.0002254,7561.0,0.0051527668265675,1467367,0.02254
2021-09,Regidrago,0.0007446,13541.0,0.009228093585313,1467367,0.07446
2021-09,Regieleki,0.0321657,148122.0,0.1009440719329247,1467367,3.21657
2021-09,Regigigas,0.0002217,5922.0,0.0040358001781422,1467367,0.02217
2021-09,Regirock,0.0001741,5573.0,0.0037979592017538,1467367,0.017410000000000002
2021-09,Registeel,0.0007066,12616.0,0.0085977127739686,1467367,0.07066
2021-09,Reuniclus,0.0159481,28401.0,0.0193550761329646,1467367,1.59481
2021-09,Rhyperior,0.0032668,27614.0,0.0188187413237451,1467367,0.32667999999999997
2021-09,Ribombee,0.0012027,23871.0,0.0162679138892996,1467367,0.12026999999999999
2021-09,Rillaboom,0.0944189,342929.0,0.2337036337875937,1467367,9.44189
2021-09,Roserade,0.000306,17120.0,0.011667156205639,1467367,0.030600000000000002
2021-09,Rotom-Heat,0.0120894,52071.0,0.0354860099756911,1467367,1.2089400000000001
2021-09,Rotom-Mow,0.0002448,6632.0,0.0045196600441471,1467367,0.02448
2021-09,Rotom-Wash,0.0272633,96615.0,0.0658424238789614,1467367,2.72633
2021-09,Sableye,0.0006161,12898.0,0.0087898937348325,1467367,0.06161
2021-09,Salamence,0.0042415,46848.0,0.0319265732430946,1467367,0.42414999999999997
2021-09,Salazzle,0.00182,29842.0,0.0203371072131239,1467367,0.182
2021-09,Sandaconda,0.0002143,12841.0,0.0087510486469983,1467367,0.02143
2021-09,Sandslash-Alola,0.0036667,8651.0,0.0058955939448004,1467367,0.36667
2021-09,Sceptile,0.0004555,19359.0,0.013193018515477,1467367,0.04555
2021-09,Scizor,0.057757,227168.0,0.1548133493529566,1467367,5.7757000000000005
2021-09,Scolipede,0.001698,16761.0,0.0114225003015605,1467367,0.1698
2021-09,Scrafty,0.0001213,8106.0,0.005524180385684,1467367,0.01213
2021-09,Scyther,0.0002961,7172.0,0.0048876661394184,1467367,0.029609999999999997
2021-09,Seadra,0.0005428,306.0,0.0002085367873204,1467367,0.054279999999999995
2021-09,Seismitoad,0.0151661,58173.0,0.0396444788522571,1467367,1.51661
2021-09,Sharpedo,0.0024942,15683.0,0.0106878510965559,1467367,0.24941999999999998
2021-09,Shedinja,0.0192595,25943.0,0.0176799669067111,1467367,1.9259499999999998
2021-09,Shiftry,0.0003471,5006.0,0.0034115528017189,1467367,0.03471
2021-09,Shiinotic,0.0001573,4662.0,0.0031771192891757,1467367,0.01573
2021-09,Shuckle,0.0047951,52182.0,0.0355616556730524,1467367,0.47951
2021-09,Sigilyph,0.0001312,10439.0,0.0071141030158099,1467367,0.01312
2021-09,Silvally,0.000184,4466.0,0.0030435467064476,1467367,0.0184
2021-09,Sirfetch'd,0.0003519,10040.0,0.0068421874009705,1467367,0.03519
2021-09,Skarmory,0.0626972,126125.0,0.0859532754927703,1467367,6.2697199999999995
2021-09,Slowbro,0.0805296,180388.0,0.1229331176181555,1467367,8.05296
2021-09,Slowbro-Galar,0.0022813,27821.0,0.0189598103269325,1467367,0.22813
2021-09,Slowking,0.0442459,110451.0,0.0752715578311356,1467367,4.424589999999999
2021-09,Slowking-Galar,0.1103645,216319.0,0.1474198343018481,1467367,11.03645
2021-09,Slurpuff,0.0006716,28395.0,0.0193509871763505,1467367,0.06716
2021-09,Snorlax,0.0056067,42787.0,0.0291590311081004,1467367,0.56067
2021-09,Stakataka,0.0020972,19454.0,0.013257760328534,1467367,0.20972
2021-09,Starmie,0.0092514,23245.0,0.0158412994158925,1467367,0.92514
2021-09,Steelix,0.000328,13260.0,0.0090365941172181,1467367,0.0328
2021-09,Stunfisk,0.0012681,2825.0,0.0019252170724842,1467367,0.12681
2021-09,Suicune,0.0101436,17518.0,0.0119383903277094,1467367,1.01436
2021-09,Swampert,0.0389264,196015.0,0.1335828051196463,1467367,3.89264
2021-09,Sylveon,0.0006349,20070.0,0.0136775598742509,1467367,0.06349
2021-09,Talonflame,0.0003637,14986.0,0.0102128506365483,1467367,0.03637
2021-09,Tangrowth,0.0380211,56681.0,0.0386276916408778,1467367,3.8021100000000003
2021-09,Tapu Bulu,0.0114853,35168.0,0.0239667377009296,1467367,1.14853
2021-09,Tapu Fini,0.1881204,327488.0,0.2231807039411408,1467367,18.81204
2021-09,Tapu Koko,0.1202717,289555.0,0.1973296387338682,1467367,12.02717
2021-09,Tapu Lele,0.1448547,320146.0,0.2181771840309888,1467367,14.48547
2021-09,Tauros,0.0002649,8255.0,0.0056257228082681,1467367,0.02649
2021-09,Tentacruel,0.0009102,25135.0,0.0171293207493421,1467367,0.09102
2021-09,Terrakion,0.0040683,27034.0,0.018423475517713,1467367,0.40683
2021-09,Thievul,0.0004977,2049.0,0.0013963786837239,1467367,0.04977
2021-09,Thundurus,0.001521,18781.0,0.0127991156949829,1467367,0.1521
2021-09,Thundurus-Therian,0.0083079,44464.0,0.0303018944817486,1467367,0.83079
2021-09,Thwackey,0.0001583,391.0,0.0002664636726872,1467367,0.01583
2021-09,Togedemaru,0.0001421,11763.0,0.0080163994419937,1467367,0.01421
2021-09,Togekiss,0.0055494,65453.0,0.0446057462107298,1467367,0.55494
2021-09,Torkoal,0.0116885,87085.0,0.0593477977901915,1467367,1.16885
2021-09,Tornadus,0.0001417,3756.0,0.0025596868404427,1467367,0.01417
2021-09,Tornadus-Therian,0.1596479,185280.0,0.1262669802442061,1467367,15.96479
2021-09,Toxapex,0.2202164,326841.0,0.2227397781195842,1467367,22.02164
2021-09,Toxicroak,0.0004711,13789.0,0.0093971037920302,1467367,0.04711
2021-09,Toxtricity,0.0062235,31767.0,0.0216489807934892,1467367,0.62235
2021-09,Tsareena,0.0001048,8670.0,0.0059085423074118,1467367,0.01048
2021-09,Turtonator,0.0003098,5884.0,0.0040099034529194,1467367,0.03098
2021-09,Tyranitar,0.0742728,222851.0,0.1518713450690931,1467367,7.42728
2021-09,Tyrantrum,0.0014589,10105.0,0.0068864844309569,1467367,0.14589
2021-09,Umbreon,0.0103373,51899.0,0.0353687932194195,1467367,1.03373
2021-09,Unfezant,0.0001352,1611.0,0.0010978848508927,1467367,0.01352
2021-09,Urshifu-Rapid-Strike,0.1301103,405493.0,0.2763405473886219,1467367,13.011030000000002
2021-09,Uxie,0.0017399,7579.0,0.0051650336964099,1467367,0.17399
2021-09,Vanilluxe,0.0008515,6691.0,0.0045598681175193,1467367,0.08515
2021-09,Vaporeon,0.00149,14173.0,0.0096587970153342,1467367,0.149
2021-09,Venusaur,0.009202,78849.0,0.0537350233445348,1467367,0.9202
2021-09,Victini,0.0378961,108864.0,0.0741900288066993,1467367,3.78961
2021-09,Vikavolt,0.0005279,9071.0,0.0061818209077892,1467367,0.05279
2021-09,Vileplume,0.0005955,10386.0,0.0070779838990518,1467367,0.05955
2021-09,Virizion,0.0002539,3884.0,0.0026469179148774,1467367,0.02539
2021-09,Volcanion,0.0366685,75911.0,0.0517327975891511,1467367,3.66685
2021-09,Volcarona,0.0888733,310908.0,0.2118815538307731,1467367,8.88733
2021-09,Weavile,0.1874891,355710.0,0.2424137928684507,1467367,18.74891
2021-09,Weezing-Galar,0.0034499,20549.0,0.014003994910612,1467367,0.34499
2021-09,Whimsicott,0.0005172,24093.0,0.0164192052840223,1467367,0.05172
2021-09,Wigglytuff,0.0006859,3307.0,0.0022536965871523,1467367,0.06859
2021-09,Xatu,0.00174,14296.0,0.0097426206259238,1467367,0.174
2021-09,Xurkitree,0.0006137,19299.0,0.0131521289493357,1467367,0.06137
2021-09,Zapdos,0.0965529,298538.0,0.2034514882779836,1467367,9.655289999999999
2021-09,Zapdos-Galar,0.0293912,135818.0,0.0925589849028906,1467367,2.93912
2021-09,Zarude,0.0051363,28817.0,0.0196385771248774,1467367,0.51363
2021-09,Zeraora,0.0654743,264934.0,0.1805506052678028,1467367,6.54743
2021-09,Zoroark,0.0013023,26420.0,0.0180050389575341,1467367,0.13022999999999998
2021-09,Zweilous,0.0003514,814.0,0.000554735113983,1467367,0.03514
2021-09,Zygarde-10%,0.0007091,12254.0,0.008351012391583,1467367,0.07091
2021-09,aromatisse,0.0,0.0,0.0,1467367,0.0
2021-09,dialga,0.0,0.0,0.0,1467367,0.0
2021-09,dracovish,0.0,0.0,0.0,1467367,0.0
2021-09,eternatus,0.0,0.0,0.0,1467367,0.0
2021-09,garbodor,0.0,0.0,0.0,1467367,0.0
2021-09,genesect,0.0,0.0,0.0,1467367,0.0
2021-09,giratina,0.0,0.0,0.0,1467367,0.0
2021-09,glalie,0.0,0.0,0.0,1467367,0.0
2021-09,gourgeist,0.0,0.0,0.0,1467367,0.0
2021-09,groudon,0.0,0.0,0.0,1467367,0.0
2021-09,heatmor,0.0,0.0,0.0,1467367,0.0
2021-09,ho-oh,0.0,0.0,0.0,1467367,0.0
2021-09,kyogre,0.0,0.0,0.0,1467367,0.0
2021-09,landorus,0.0,0.0,0.0,1467367,0.0
2021-09,lugia,0.0,0.0,0.0,1467367,0.0
2021-09,lunala,0.0,0.0,0.0,1467367,0.0
2021-09,lunatone,0.0,0.0,0.0,1467367,0.0
2021-09,marshadow,0.0,0.0,0.0,1467367,0.0
2021-09,mewtwo,0.0,0.0,0.0,1467367,0.0
2021-09,mr-rime,0.0,0.0,0.0,1467367,0.0
2021-09,musharna,0.0,0.0,0.0,1467367,0.0
2021-09,naganadel,0.0,0.0,0.0,1467367,0.0
2021-09,oranguru,0.0,0.0,0.0,1467367,0.0
2021-09,palkia,0.0,0.0,0.0,1467367,0.0
2021-09,passimian,0.0,0.0,0.0,1467367,0.0
2021-09,pheromosa,0.0,0.0,0.0,1467367,0.0
2021-09,pinsir,0.0,0.0,0.0,1467367,0.0
2021-09,raichu,0.0,0.0,0.0,1467367,0.0
2021-09,rayquaza,0.0,0.0,0.0,1467367,0.0
2021-09,reshiram,0.0,0.0,0.0,1467367,0.0
2021-09,rotom,0.0,0.0,0.0,1467367,0.0
2021-09,seaking,0.0,0.0,0.0,1467367,0.0
2021-09,sirfetchd,0.0,0.0,0.0,1467367,0.0
2021-09,skuntank,0.0,0.0,0.0,1467367,0.0
2021-09,solgaleo,0.0,0.0,0.0,1467367,0.0
2021-09,solrock,0.0,0.0,0.0,1467367,0.0
2021-09,sudowoodo,0.0,0.0,0.0,1467367,0.0
2021-09,throh,0.0,0.0,0.0,1467367,0.0
2021-09,whiscash,0.0,0.0,0.0,1467367,0.0
2021-09,wobbuffet,0.0,0.0,0.0,1467367,0.0
2021-09,xerneas,0.0,0.0,0.0,1467367,0.0
2021-09,yveltal,0.0,0.0,0.0,1467367,0.0
2021-09,zacian,0.0,0.0,0.0,1467367,0.0
2021-09,zamazenta,0.0,0.0,0.0,1467367,0.0
2021-09,zekrom,0.0,0.0,0.0,1467367,0.0
2021-09,zygarde,0.0,0.0,0.0,1467367,0.0
2021-10,Abra,0.0003307,340.0,0.0002205914315799,1541311,0.03307
2021-10,Absol,0.0004801,7528.0,0.0048841538145124,1541311,0.048010000000000004
2021-10,Accelgor,0.0006596,11980.0,0.007772603971554,1541311,0.06596
2021-10,Aegislash,0.0291638,85901.0,0.0557324251886867,1541311,2.91638
2021-10,Aerodactyl,0.0003637,11189.0,0.0072594044939665,1541311,0.03637
2021-10,Alakazam,0.0032569,58989.0,0.0382719645808016,1541311,0.32569000000000004
2021-10,Altaria,0.0001192,4111.0,0.0026672099271334,1541311,0.01192
2021-10,Amoonguss,0.0130017,35767.0,0.0232055698038877,1541311,1.30017
2021-10,Araquanid,0.0014871,29345.0,0.0190389869403384,1541311,0.14871
2021-10,Arcanine,0.0005527,23198.0,0.0150508236170377,1541311,0.05527000000000001
2021-10,Archeops,0.0008935,6493.0,0.0042126475448498,1541311,0.08935
2021-10,Arctovish,0.0004979,12892.0,0.008364308046851,1541311,0.04979
2021-10,Arctozolt,0.02073,75588.0,0.0490413680302028,1541311,2.073
2021-10,Aron,0.0002408,5741.0,0.0037247512020611,1541311,0.02408
2021-10,Articuno,0.0001672,5621.0,0.0036468954026799,1541311,0.01672
2021-10,Articuno-Galar,0.0001404,6878.0,0.0044624349011977,1541311,0.01404
2021-10,Aurorus,0.0004844,6575.0,0.0042658490077602,1541311,0.048440000000000004
2021-10,Avalugg,0.0032133,9080.0,0.0058910888198423,1541311,0.32133
2021-10,Azelf,0.001054,24988.0,0.0162121726244735,1541311,0.10540000000000001
2021-10,Azumarill,0.0106155,61322.0,0.0397856110804373,1541311,1.06155
2021-10,Barbaracle,0.0002767,5305.0,0.0034418751309761,1541311,0.02767
2021-10,Barraskewda,0.0435799,178413.0,0.1157540561249481,1541311,4.35799
2021-10,Beartic,0.0001065,3303.0,0.0021429808779668,1541311,0.01065
2021-10,Beheeyem,0.0004641,2976.0,0.0019308238246531,1541311,0.04641
2021-10,Bewear,0.0002809,8989.0,0.0058320481719782,1541311,0.02809
2021-10,Bisharp,0.0404465,253221.0,0.1642893614591734,1541311,4.044650000000001
2021-10,Blacephalon,0.06601,250999.0,0.1628477315739653,1541311,6.601
2021-10,Blastoise,0.0019191,30663.0,0.019894103136875,1541311,0.19191
2021-10,Blaziken,0.0165259,135809.0,0.0881126521513179,1541311,1.65259
2021-10,Blissey,0.077748,279162.0,0.1811198388903991,1541311,7.7748
2021-10,Bouffalant,0.0001532,2595.0,0.0016836316616179,1541311,0.01532
2021-10,Bronzong,0.0006295,10920.0,0.007084877743687,1541311,0.06294999999999999
2021-10,Bulbasaur,0.0003273,337.0,0.0002186450365954,1541311,0.032729999999999995
2021-10,Butterfree,0.0013447,6899.0,0.0044760596660894,1541311,0.13447
2021-10,Buzzwole,0.0585598,181874.0,0.1179995471387669,1541311,5.855980000000001
2021-10,Celesteela,0.0175084,63455.0,0.0411694979144377,1541311,1.75084
2021-10,Chandelure,0.0005061,32747.0,0.0212461988527947,1541311,0.05061
2021-10,Chansey,0.0379214,73192.0,0.047486847235892,1541311,3.7921400000000003
2021-10,Charizard,0.0020073,47993.0,0.0311377781641732,1541311,0.20073000000000002
2021-10,Clawitzer,0.0001163,7417.0,0.0048121372000848,1541311,0.01163
2021-10,Claydol,0.0003954,6146.0,0.0039875145249725,1541311,0.03954
2021-10,Clefable,0.1640468,344854.0,0.2237406986649676,1541311,16.40468
2021-10,Cloyster,0.0058923,69949.0,0.0453827942576157,1541311,0.5892299999999999
2021-10,Cobalion,0.0002255,5199.0,0.0033731025081894,1541311,0.02255
2021-10,Comfey,0.000212,11643.0,0.0075539589349586,1541311,0.0212
2021-10,Conkeldurr,0.0158124,63837.0,0.0414173388758011,1541311,1.58124
2021-10,Copperajah,0.0002776,3637.0,0.0023596795195778,1541311,0.027760000000000003
2021-10,Corsola-Galar,0.0002507,17130.0,0.0111139153616628,1541311,0.025070000000000002
2021-10,Corviknight,0.2109612,536790.0,0.3482684545818462,1541311,21.09612
2021-10,Cradily,0.0001959,8235.0,0.0053428542325332,1541311,0.01959
2021-10,Crawdaunt,0.0286354,69771.0,0.0452673081552003,1541311,2.86354
2021-10,Cresselia,0.0079512,26821.0,0.017401419960021,1541311,0.79512
2021-10,Crobat,0.0003209,18038.0,0.0117030242436471,1541311,0.03209
2021-10,Crustle,0.0001994,4886.0,0.0031700286314702,1541311,0.01994
2021-10,Cursola,0.0001613,6354.0,0.0041224645772332,1541311,0.01613
2021-10,Darmanitan,0.0011814,33939.0,0.0220195664599811,1541311,0.11814
2021-10,Decidueye,0.0003529,10112.0,0.0065606486945204,1541311,0.03529
2021-10,Dhelmise,0.0006232,9376.0,0.0060831331249825,1541311,0.06232
2021-10,Diancie,0.0003355,8706.0,0.0056484382451043,1541311,0.03355
2021-10,Diggersby,0.0124862,26039.0,0.016894059667387,1541311,1.2486199999999998
2021-10,Ditto,0.0047556,63506.0,0.0412025866291747,1541311,0.47556
2021-10,Dracozolt,0.0083882,59978.0,0.0389136261273681,1541311,0.83882
2021-10,Dragalge,0.0002781,5628.0,0.0036514369909771,1541311,0.027809999999999998
2021-10,Dragapult,0.1819679,682430.0,0.442759443097467,1541311,18.19679
2021-10,Dragonite,0.111227,329527.0,0.2137965666890069,1541311,11.1227
2021-10,Drampa,0.000753,3958.0,0.0025679437829224,1541311,0.07529999999999999
2021-10,Drapion,0.0002283,11617.0,0.007537090178426,1541311,0.02283
2021-10,Druddigon,0.0002591,11514.0,0.0074702639506238,1541311,0.025910000000000002
2021-10,Durant,0.0010949,10902.0,0.0070731993737798,1541311,0.10949
2021-10,Dusknoir,0.0001859,6522.0,0.0042314626963669,1541311,0.01859
2021-10,Electivire,0.0001235,13631.0,0.0088437700113734,1541311,0.01235
2021-10,Entei,0.0055753,25964.0,0.0168453997927738,1541311,0.55753
2021-10,Escavalier,0.0001035,4836.0,0.0031375887150613,1541311,0.01035
2021-10,Espeon,0.0014179,28210.0,0.0183026008378581,1541311,0.14179
2021-10,Excadrill,0.0450518,163243.0,0.1059117854865111,1541311,4.50518
2021-10,Exeggutor,0.0002084,4343.0,0.0028177311392704,1541311,0.02084
2021-10,Exploud,0.000276,7779.0,0.0050470021948847,1541311,0.0276
2021-10,Ferrothorn,0.2024634,571754.0,0.3709530393282083,1541311,20.24634
2021-10,Flapple,0.0001164,3197.0,0.0020742082551801,1541311,0.01164
2021-10,Flareon,0.0001352,5366.0,0.0034814518289949,1541311,0.01352
2021-10,Flygon,0.000349,13741.0,0.0089151378274728,1541311,0.0349
2021-10,Froslass,0.0002254,12301.0,0.0079808682348987,1541311,0.02254
2021-10,Frosmoth,0.0002959,8058.0,0.0052280169284459,1541311,0.029589999999999998
2021-10,Gallade,0.0008079,8694.0,0.0056406526651662,1541311,0.08079
2021-10,Galvantula,0.0003227,37741.0,0.024486297703708,1541311,0.03227
2021-10,Garchomp,0.1828055,513471.0,0.3331391263670992,1541311,18.28055
2021-10,Gardevoir,0.0013777,26676.0,0.0173073442024354,1541311,0.13777
2021-10,Gastrodon,0.0431433,48251.0,0.0313051681328427,1541311,4.31433
2021-10,Gengar,0.0109129,142872.0,0.0926951147432283,1541311,1.0912899999999999
2021-10,Gigalith,0.0025868,9888.0,0.0064153178690089,1541311,0.25868
2021-10,Glastrier,0.0046628,20358.0,0.0132082363650165,1541311,0.46628
2021-10,Golisopod,0.0003638,15550.0,0.010088814003144,1541311,0.03638
2021-10,Golurk,0.000531,10190.0,0.0066112549641182,1541311,0.0531
2021-10,Goodra,0.0004805,25049.0,0.0162517493224923,1541311,0.04805
2021-10,Gourgeist-Super,0.0001102,3408.0,0.0022111047024254,1541311,0.01102
2021-10,Grimmsnarl,0.0094383,57059.0,0.037019783807421,1541311,0.9438300000000001
2021-10,Gyarados,0.0016932,60319.0,0.0391348663572763,1541311,0.16932
2021-10,Hatterene,0.0172144,88957.0,0.057715152879594,1541311,1.72144
2021-10,Hawlucha,0.0275614,151810.0,0.0984940742004696,1541311,2.75614
2021-10,Haxorus,0.0013474,26723.0,0.0173378377238597,1541311,0.13474
2021-10,Heatran,0.1721535,490221.0,0.3180545652369963,1541311,17.215349999999997
2021-10,Heliolisk,0.0008611,17147.0,0.0111249449332418,1541311,0.08610999999999999
2021-10,Heracross,0.0027151,14162.0,0.0091882819236351,1541311,0.27151
2021-10,Hippowdon,0.0808683,132097.0,0.0857043127571269,1541311,8.08683
2021-10,Hitmonlee,0.0001595,10799.0,0.0070063731459776,1541311,0.01595
2021-10,Hitmontop,0.0001253,8598.0,0.0055783680256612,1541311,0.012530000000000001
2021-10,Hydreigon,0.027603,101767.0,0.0660262594635346,1541311,2.7603
2021-10,Incineroar,0.0021088,45077.0,0.0292458822392106,1541311,0.21088
2021-10,Indeedee,0.0001589,9157.0,0.0059410462911119,1541311,0.01589
2021-10,Indeedee-F,0.0001348,2922.0,0.0018957887149316,1541311,0.013479999999999999
2021-10,Inteleon,0.0002887,22757.0,0.0147647035543118,1541311,0.028870000000000003
2021-10,Ivysaur,0.0003275,277.0,0.0001797171369048,1541311,0.03275
2021-10,Jellicent,0.0007726,11215.0,0.007276273250499,1541311,0.07726
2021-10,Jirachi,0.0174494,87411.0,0.0567121106642332,1541311,1.74494
2021-10,Jolteon,0.000521,16167.0,0.0104891225716289,1541311,0.0521
2021-10,Jynx,0.004893,2846.0,0.0018464800419902,1541311,0.48929999999999996
2021-10,Kabutops,0.0001006,6522.0,0.0042314626963669,1541311,0.010060000000000001
2021-10,Kadabra,0.0003273,264.0,0.0001712827586385,1541311,0.032729999999999995
2021-10,Kartana,0.1746458,421794.0,0.2736592420348651,1541311,17.464579999999998
2021-10,Keldeo,0.0189127,47513.0,0.0308263549666485,1541311,1.89127
2021-10,Kingdra,0.0100533,41626.0,0.0270068792086736,1541311,1.0053299999999998
2021-10,Klefki,0.0022806,25497.0,0.0165424109735154,1541311,0.22805999999999998
2021-10,Kommo-o,0.0130364,54811.0,0.0355612851656803,1541311,1.30364
2021-10,Krookodile,0.0017352,41416.0,0.0268706315597565,1541311,0.17351999999999998
2021-10,Kyurem,0.1431152,279262.0,0.1811847187232168,1541311,14.31152
2021-10,Landorus-Therian,0.470119,1045418.0,0.6782654506455867,1541311,47.011900000000004
2021-10,Lanturn,0.0004169,4832.0,0.0031349935217486,1541311,0.04169
2021-10,Latias,0.0046313,31684.0,0.0205565262299432,1541311,0.46313
2021-10,Latios,0.0216767,89835.0,0.058284797811733,1541311,2.16767
2021-10,Leafeon,0.0001075,7134.0,0.0046285272732109,1541311,0.01075
2021-10,Linoone,0.0001621,5675.0,0.0036819305124014,1541311,0.016210000000000002
2021-10,Lucario,0.0012811,35086.0,0.0227637381423995,1541311,0.12811
2021-10,Ludicolo,0.0001329,9740.0,0.0063192957164387,1541311,0.01329
2021-10,Lycanroc-Dusk,0.0024231,27229.0,0.017666129677917,1541311,0.24231
2021-10,Machamp,0.0005027,14876.0,0.0096515239299531,1541311,0.05027
2021-10,Magmortar,0.000235,4340.0,0.0028157847442858,1541311,0.0235
2021-10,Magneton,0.0001121,2388.0,0.0015493304076854,1541311,0.01121
2021-10,Magnezone,0.0782482,233840.0,0.1517150010607852,1541311,7.824820000000001
2021-10,Mamoswine,0.0158839,98601.0,0.0639721639565279,1541311,1.58839
2021-10,Mandibuzz,0.032105,112026.0,0.072682281512297,1541311,3.2105
2021-10,Mantine,0.0002873,8869.0,0.005754192372597,1541311,0.02873
2021-10,Marowak-Alola,0.0081635,48613.0,0.0315400331276426,1541311,0.81635
2021-10,Melmetal,0.1320392,324323.0,0.2104202201891766,1541311,13.20392
2021-10,Metagross,0.0007551,40918.0,0.0265475299923247,1541311,0.07551
2021-10,Mew,0.0647082,243280.0,0.1578396572787711,1541311,6.47082
2021-10,Mienshao,0.0010522,18012.0,0.0116861554871145,1541311,0.10522000000000001
2021-10,Milotic,0.0011519,33407.0,0.0216744057493912,1541311,0.11519
2021-10,Miltank,0.0002034,5056.0,0.0032803243472602,1541311,0.02034
2021-10,Mimikyu,0.0013322,44538.0,0.0288961799403235,1541311,0.13322
2021-10,Moltres,0.0075635,54643.0,0.0354522870465467,1541311,0.75635
2021-10,Moltres-Galar,0.0227265,42830.0,0.0277880323957981,1541311,2.27265
2021-10,Mudsdale,0.0006924,6699.0,0.0043463000004541,1541311,0.06924
2021-10,Necrozma,0.0066434,31452.0,0.0204060050178062,1541311,0.6643399999999999
2021-10,Nidoking,0.0289987,108356.0,0.0703011916478893,1541311,2.89987
2021-10,Nidoqueen,0.0018088,8646.0,0.0056095103454137,1541311,0.18087999999999999
2021-10,Nihilego,0.0179781,54636.0,0.0354477454582495,1541311,1.7978100000000001
2021-10,Ninetales,0.0003519,19862.0,0.012886432394241,1541311,0.03519
2021-10,Ninetales-Alola,0.0293299,158411.0,0.1027767919647624,1541311,2.9329899999999998
2021-10,Noctowl,0.0001884,1703.0,0.0011049035528845,1541311,0.01884
2021-10,Obstagoon,0.0032966,26000.0,0.0168687565325881,1541311,0.32965999999999995
2021-10,Omastar,0.0026293,14047.0,0.0091136701158948,1541311,0.26293
2021-10,Onix,0.0001068,1120.0,0.0007266541275576,1541311,0.010679999999999999
2021-10,Pangoro,0.0003555,6127.0,0.0039751873567372,1541311,0.035550000000000005
2021-10,Pelipper,0.0666063,206420.0,0.1339249509021865,1541311,6.660629999999999
2021-10,Pikachu,0.0002414,10488.0,0.0068045968659147,1541311,0.02414
2021-10,Piloswine,0.0001035,1587.0,0.001029642946816,1541311,0.01035
2021-10,Politoed,0.0014288,24797.0,0.0160882521437918,1541311,0.14288
2021-10,Poliwrath,0.0001228,9392.0,0.0060935138982333,1541311,0.012280000000000001
2021-10,Polteageist,0.003255,31805.0,0.0206350308276525,1541311,0.3255
2021-10,Porygon-Z,0.0009339,18920.0,0.0122752643690987,1541311,0.09339
2021-10,Porygon2,0.0064758,52021.0,0.033751137830068,1541311,0.64758
2021-10,Primarina,0.003937,39503.0,0.025629480357955,1541311,0.39370000000000005
2021-10,Pyukumuku,0.0019521,15222.0,0.0098760081515021,1541311,0.19521
2021-10,Quagsire,0.0461394,45555.0,0.0295560078400789,1541311,4.6139399999999995
2021-10,Qwilfish,0.0003413,2764.0,0.0017932785790797,1541311,0.03413
2021-10,Raichu-Alola,0.000814,17821.0,0.0115622350064328,1541311,0.0814
2021-10,Raikou,0.0031424,14125.0,0.0091642763854926,1541311,0.31424
2021-10,Regice,0.0002916,8349.0,0.0054168172419453,1541311,0.02916
2021-10,Regidrago,0.0018274,14877.0,0.0096521727282813,1541311,0.18274
2021-10,Regieleki,0.0527333,174270.0,0.113066084651313,1541311,5.27333
2021-10,Regigigas,0.0011252,7258.0,0.0047089782659048,1541311,0.11252000000000001
2021-10,Regirock,0.0006059,5781.0,0.0037507031351881,1541311,0.060590000000000005
2021-10,Registeel,0.0044716,10231.0,0.0066378556955734,1541311,0.44716
2021-10,Reuniclus,0.0134076,29278.0,0.0189955174523506,1541311,1.34076
2021-10,Rhyperior,0.0017111,29014.0,0.018824234693712,1541311,0.17110999999999998
2021-10,Ribombee,0.0010101,25625.0,0.0166254571595219,1541311,0.10101000000000002
2021-10,Rillaboom,0.0999461,325900.0,0.2114433751527109,1541311,9.99461
2021-10,Roserade,0.0007152,14226.0,0.0092298050166384,1541311,0.07152
2021-10,Rotom-Heat,0.0112793,50765.0,0.0329362471298783,1541311,1.12793
2021-10,Rotom-Mow,0.000208,6983.0,0.0045305587256562,1541311,0.0208
2021-10,Rotom-Wash,0.0254283,101430.0,0.0658076144269391,1541311,2.54283
2021-10,Runerigus,0.000308,7701.0,0.0049963959252869,1541311,0.0308
2021-10,Sableye,0.0005159,11905.0,0.0077239440969408,1541311,0.051590000000000004
2021-10,Salamence,0.0022333,50307.0,0.0326390974955735,1541311,0.22333
2021-10,Salazzle,0.0006855,29237.0,0.0189689167208953,1541311,0.06855
2021-10,Sandaconda,0.0001384,11050.0,0.0071692215263499,1541311,0.01384
2021-10,Sandslash-Alola,0.001332,10236.0,0.0066410996872143,1541311,0.1332
2021-10,Sceptile,0.00028,14804.0,0.0096048104503244,1541311,0.027999999999999997
2021-10,Scizor,0.0609995,240815.0,0.1562403693998161,1541311,6.09995
2021-10,Scolipede,0.0022254,16780.0,0.0108868359468011,1541311,0.22254000000000002
2021-10,Seismitoad,0.0180904,69235.0,0.0449195522512977,1541311,1.80904
2021-10,Sharpedo,0.0002267,12289.0,0.0079730826549606,1541311,0.02267
2021-10,Shedinja,0.0094183,33511.0,0.0217418807755216,1541311,0.94183
2021-10,Shiftry,0.0002138,5533.0,0.0035898011498003,1541311,0.02138
2021-10,Shuckle,0.004202,59158.0,0.0383816114982634,1541311,0.4202
2021-10,Sigilyph,0.0002391,10884.0,0.0070615210038726,1541311,0.02391
2021-10,Silvally-Electric,0.0006453,880.0,0.0005709425287952,1541311,0.06453
2021-10,Silvally-Ground,0.0001477,1905.0,0.0012359608151761,1541311,0.014770000000000002
2021-10,Silvally-Water,0.0001639,365.0,0.0002368113897844,1541311,0.01639
2021-10,Sirfetch'd,0.0005385,11053.0,0.0071711679213345,1541311,0.05385
2021-10,Skarmory,0.0758422,91478.0,0.0593507734649269,1541311,7.58422
2021-10,Slowbro,0.0648194,186062.0,0.1207167145371699,1541311,6.48194
2021-10,Slowbro-Galar,0.0012433,26280.0,0.0170504200644775,1541311,0.12433
2021-10,Slowking,0.0273281,86664.0,0.0562274583130854,1541311,2.73281
2021-10,Slowking-Galar,0.1421803,231383.0,0.1501209035684556,1541311,14.21803
2021-10,Slurpuff,0.0005648,28591.0,0.0185497930008933,1541311,0.056479999999999995
2021-10,Snorlax,0.0023718,43517.0,0.0282337568472553,1541311,0.23717999999999997
2021-10,Spiritomb,0.0004961,8333.0,0.0054064364686945,1541311,0.049609999999999994
2021-10,Stakataka,0.0015257,16880.0,0.0109517157796187,1541311,0.15257
2021-10,Starmie,0.0045134,21834.0,0.014165862697405,1541311,0.45133999999999996
2021-10,Steelix,0.000317,12191.0,0.0079095004187993,1541311,0.0317
2021-10,Stunfisk,0.0001784,2169.0,0.0014072435738147,1541311,0.01784
2021-10,Suicune,0.0182876,33497.0,0.0217327975989271,1541311,1.8287600000000002
2021-10,Swampert,0.0257281,120714.0,0.0783190413874941,1541311,2.57281
2021-10,Sylveon,0.000702,20675.0,0.0134139054350484,1541311,0.0702
2021-10,Talonflame,0.0007779,14590.0,0.0094659676080946,1541311,0.07779
2021-10,Tangrowth,0.0190528,51837.0,0.0336317589376835,1541311,1.90528
2021-10,Tapu Bulu,0.0043318,32224.0,0.0209068773271585,1541311,0.43318
2021-10,Tapu Fini,0.1760222,372175.0,0.2414665177890769,1541311,17.60222
2021-10,Tapu Koko,0.0953504,284838.0,0.1848024182011287,1541311,9.53504
2021-10,Tapu Lele,0.177923,353727.0,0.2294974862308774,1541311,17.7923
2021-10,Tauros,0.0001319,8270.0,0.0053655621740193,1541311,0.01319
2021-10,Tentacruel,0.000589,25261.0,0.0163892945680657,1541311,0.0589
2021-10,Terrakion,0.0051623,30552.0,0.0198220865224474,1541311,0.51623
2021-10,Thundurus,0.0012007,26553.0,0.0172275420080697,1541311,0.12007000000000001
2021-10,Thundurus-Therian,0.013413,44482.0,0.0288598472339456,1541311,1.3413
2021-10,Togedemaru,0.0003886,10421.0,0.0067611273779269,1541311,0.03886
2021-10,Togekiss,0.0025985,60013.0,0.0389363340688543,1541311,0.25985
2021-10,Torkoal,0.0124972,86474.0,0.0561041866307318,1541311,1.24972
2021-10,Tornadus,0.0030212,4933.0,0.0032005221528945,1541311,0.30212
2021-10,Tornadus-Therian,0.1444144,214158.0,0.138945352365616,1541311,14.44144
2021-10,Toxapex,0.1950903,357315.0,0.2318253746323746,1541311,19.50903
2021-10,Toxicroak,0.0004502,14179.0,0.0091993114952141,1541311,0.04502
2021-10,Toxtricity,0.0089217,28982.0,0.0188034731472103,1541311,0.8921699999999999
2021-10,Trevenant,0.0001489,6547.0,0.0042476826545713,1541311,0.014889999999999999
2021-10,Tsareena,0.0001662,7570.0,0.0049114033442958,1541311,0.01662
2021-10,Tyranitar,0.1031575,230935.0,0.1498302419174326,1541311,10.31575
2021-10,Tyrantrum,0.0006133,12106.0,0.0078543525609043,1541311,0.06133
2021-10,Umbreon,0.0083972,56034.0,0.0363547655210402,1541311,0.83972
2021-10,Urshifu-Rapid-Strike,0.1592866,404175.0,0.2622280642907239,1541311,15.92866
2021-10,Uxie,0.0004545,7785.0,0.0050508949848538,1541311,0.04545
2021-10,Vanilluxe,0.0004733,5685.0,0.0036884184956832,1541311,0.047330000000000004
2021-10,Vaporeon,0.0007357,13198.0,0.008562840335273,1541311,0.07357000000000001
2021-10,Venusaur,0.0108468,83232.0,0.0540007824507837,1541311,1.08468
2021-10,Victini,0.0567995,172102.0,0.1116594898758264,1541311,5.67995
2021-10,Vikavolt,0.0006032,10325.0,0.006698842738422,1541311,0.060320000000000006
2021-10,Volcanion,0.0296148,77046.0,0.0499873159926841,1541311,2.96148
2021-10,Volcarona,0.0914358,321682.0,0.2087067438044625,1541311,9.14358
2021-10,Wailord,0.0001505,2371.0,0.0015383008361064,1541311,0.01505
2021-10,Weavile,0.1635396,397183.0,0.2576916663801141,1541311,16.35396
2021-10,Weezing,0.0006491,5205.0,0.0033769952981585,1541311,0.06491
2021-10,Weezing-Galar,0.0020273,20493.0,0.0132958241393203,1541311,0.20273000000000002
2021-10,Whimsicott,0.0057514,23835.0,0.0154641081520861,1541311,0.57514
2021-10,Xatu,0.0019257,16945.0,0.0109938876709502,1541311,0.19257
2021-10,Xurkitree,0.0007281,17367.0,0.0112676805654407,1541311,0.07281
2021-10,Zapdos,0.1151548,328540.0,0.2131562027390967,1541311,11.51548
2021-10,Zapdos-Galar,0.0459027,167778.0,0.1088540859047914,1541311,4.590269999999999
2021-10,Zarude,0.0123205,28995.0,0.0188119075254766,1541311,1.23205
2021-10,Zeraora,0.0913429,277361.0,0.1799513531013533,1541311,9.13429
2021-10,Zoroark,0.0008735,30984.0,0.0201023674002196,1541311,0.08735
2021-10,Zygarde-10%,0.0010141,11852.0,0.0076895577855474,1541311,0.10141
2021-10,aromatisse,0.0,0.0,0.0,1541311,0.0
2021-10,dialga,0.0,0.0,0.0,1541311,0.0
2021-10,dracovish,0.0,0.0,0.0,1541311,0.0
2021-10,eternatus,0.0,0.0,0.0,1541311,0.0
2021-10,garbodor,0.0,0.0,0.0,1541311,0.0
2021-10,genesect,0.0,0.0,0.0,1541311,0.0
2021-10,giratina,0.0,0.0,0.0,1541311,0.0
2021-10,glalie,0.0,0.0,0.0,1541311,0.0
2021-10,gourgeist,0.0,0.0,0.0,1541311,0.0
2021-10,groudon,0.0,0.0,0.0,1541311,0.0
2021-10,heatmor,0.0,0.0,0.0,1541311,0.0
2021-10,ho-oh,0.0,0.0,0.0,1541311,0.0
2021-10,kyogre,0.0,0.0,0.0,1541311,0.0
2021-10,landorus,0.0,0.0,0.0,1541311,0.0
2021-10,lugia,0.0,0.0,0.0,1541311,0.0
2021-10,lunala,0.0,0.0,0.0,1541311,0.0
2021-10,lunatone,0.0,0.0,0.0,1541311,0.0
2021-10,marshadow,0.0,0.0,0.0,1541311,0.0
2021-10,mewtwo,0.0,0.0,0.0,1541311,0.0
2021-10,mr-rime,0.0,0.0,0.0,1541311,0.0
2021-10,musharna,0.0,0.0,0.0,1541311,0.0
2021-10,naganadel,0.0,0.0,0.0,1541311,0.0
2021-10,oranguru,0.0,0.0,0.0,1541311,0.0
2021-10,palkia,0.0,0.0,0.0,1541311,0.0
2021-10,passimian,0.0,0.0,0.0,1541311,0.0
2021-10,pheromosa,0.0,0.0,0.0,1541311,0.0
2021-10,pinsir,0.0,0.0,0.0,1541311,0.0
2021-10,raichu,0.0,0.0,0.0,1541311,0.0
2021-10,rayquaza,0.0,0.0,0.0,1541311,0.0
2021-10,reshiram,0.0,0.0,0.0,1541311,0.0
2021-10,rotom,0.0,0.0,0.0,1541311,0.0
2021-10,seaking,0.0,0.0,0.0,1541311,0.0
2021-10,sirfetchd,0.0,0.0,0.0,1541311,0.0
2021-10,skuntank,0.0,0.0,0.0,1541311,0.0
2021-10,solgaleo,0.0,0.0,0.0,1541311,0.0
2021-10,solrock,0.0,0.0,0.0,1541311,0.0
2021-10,sudowoodo,0.0,0.0,0.0,1541311,0.0
2021-10,throh,0.0,0.0,0.0,1541311,0.0
2021-10,whiscash,0.0,0.0,0.0,1541311,0.0
2021-10,wobbuffet,0.0,0.0,0.0,1541311,0.0
2021-10,xerneas,0.0,0.0,0.0,1541311,0.0
2021-10,yveltal,0.0,0.0,0.0,1541311,0.0
2021-10,zacian,0.0,0.0,0.0,1541311,0.0
2021-10,zamazenta,0.0,0.0,0.0,1541311,0.0
2021-10,zekrom,0.0,0.0,0.0,1541311,0.0
2021-10,zygarde,0.0,0.0,0.0,1541311,0.0
2021-11,Abomasnow,0.0001905,5326.0,0.0041280293658987,1290204,0.01905
2021-11,Accelgor,0.0005298,9730.0,0.007541443058617,1290204,0.05298
2021-11,Aegislash,0.0268887,83660.0,0.0648424590219841,1290204,2.68887
2021-11,Aerodactyl,0.0004893,9722.0,0.0075352424887847,1290204,0.04893
2021-11,Aggron,0.0001284,9426.0,0.0073058214049871,1290204,0.01284
2021-11,Alakazam,0.040304,53636.0,0.0415717204411085,1290204,4.0304
2021-11,Altaria,0.0004366,4252.0,0.0032956028659033,1290204,0.04366
2021-11,Amoonguss,0.006095,30840.0,0.023903196703777,1290204,0.6094999999999999
2021-11,Araquanid,0.0007602,22436.0,0.0173894980948749,1290204,0.07602
2021-11,Arcanine,0.0001825,20523.0,0.01590678683371,1290204,0.01825
2021-11,Archeops,0.0001489,8580.0,0.0066501111452142,1290204,0.014889999999999999
2021-11,Arctovish,0.0003856,9051.0,0.0070151696940948,1290204,0.03856
2021-11,Arctozolt,0.0119596,65772.0,0.0509779848768101,1290204,1.1959600000000001
2021-11,Articuno,0.0001047,5526.0,0.0042830436117079,1290204,0.01047
2021-11,Articuno-Galar,0.0018273,8497.0,0.0065857802332034,1290204,0.18273
2021-11,Audino,0.0006643,3009.0,0.0023321893281992,1290204,0.06643
2021-11,Aurorus,0.0004022,5470.0,0.0042396396228813,1290204,0.04022
2021-11,Avalugg,0.0080683,8624.0,0.0066842142792922,1290204,0.80683
2021-11,Azelf,0.0010328,19764.0,0.0153185077708641,1290204,0.10328
2021-11,Azumarill,0.0067217,51829.0,0.0401711667302225,1290204,0.6721699999999999
2021-11,Barbaracle,0.0001141,5152.0,0.0039931669720447,1290204,0.01141
2021-11,Barraskewda,0.0391117,151062.0,0.1170838100021392,1290204,3.91117
2021-11,Beheeyem,0.0001831,1117.0,0.0008657545628443,1290204,0.01831
2021-11,Bewear,0.0002782,7428.0,0.0057572290893533,1290204,0.027819999999999998
2021-11,Bisharp,0.0495351,201128.0,0.1558885261555537,1290204,4.95351
2021-11,Blacephalon,0.0788447,207517.0,0.1608404562379282,1290204,7.88447
2021-11,Blastoise,0.0007424,24009.0,0.0186086851381642,1290204,0.07424
2021-11,Blaziken,0.0146364,116213.0,0.0900733527411169,1290204,1.46364
2021-11,Blissey,0.0597992,230379.0,0.1785601346763767,1290204,5.97992
2021-11,Bronzong,0.0006433,11888.0,0.0092140467708982,1290204,0.06433
2021-11,Butterfree,0.0003814,5878.0,0.004555868684332,1290204,0.03814
2021-11,Buzzwole,0.0714045,142892.0,0.1107514780608338,1290204,7.1404499999999995
2021-11,Celebi,0.000116,6391.0,0.0049534802248326,1290204,0.0116
2021-11,Celesteela,0.0250781,54124.0,0.0419499552008829,1290204,2.50781
2021-11,Chandelure,0.000493,29137.0,0.0225832504007118,1290204,0.0493
2021-11,Chansey,0.0337902,56589.0,0.0438605057804812,1290204,3.37902
2021-11,Charizard,0.0018822,38132.0,0.0295550161059801,1290204,0.18822
2021-11,Claydol,0.0001951,6440.0,0.0049914587150559,1290204,0.01951
2021-11,Clefable,0.1608796,304557.0,0.2360533683045471,1290204,16.087960000000002
2021-11,Cloyster,0.012697,66147.0,0.0512686365877024,1290204,1.2697
2021-11,Cobalion,0.0003794,5485.0,0.004251265691317,1290204,0.03794
2021-11,Comfey,0.0001477,9519.0,0.0073779030292883,1290204,0.014770000000000002
2021-11,Conkeldurr,0.0055503,49332.0,0.0382358138712947,1290204,0.55503
2021-11,Copperajah,0.000397,3162.0,0.0024507752262432,1290204,0.0397
2021-11,Corsola-Galar,0.0003626,17123.0,0.0132715446549537,1290204,0.03626
2021-11,Corviknight,0.2184238,440239.0,0.3412165828039596,1290204,21.84238
2021-11,Cramorant,0.0001714,4260.0,0.0033018034357357,1290204,0.01714
2021-11,Crawdaunt,0.0273026,67918.0,0.0526412877343427,1290204,2.73026
2021-11,Cresselia,0.0127727,38780.0,0.0300572622624019,1290204,1.27727
2021-11,Crobat,0.0004076,15827.0,0.0122670523421102,1290204,0.04076
2021-11,Cryogonal,0.0001904,4693.0,0.0036374092779126,1290204,0.019039999999999998
2021-11,Cursola,0.000112,5016.0,0.0038877572848944,1290204,0.0112
2021-11,Darmanitan,0.0017318,29457.0,0.0228312731940065,1290204,0.17318
2021-11,Decidueye,0.0002505,9267.0,0.0071825850795688,1290204,0.025050000000000003
2021-11,Dedenne,0.0003307,2491.0,0.0019307024315534,1290204,0.03307
2021-11,Dhelmise,0.0012871,7474.0,0.0057928823658894,1290204,0.12871
2021-11,Diancie,0.0013477,8277.0,0.0064152645628133,1290204,0.13477
2021-11,Diggersby,0.0037527,18268.0,0.0141590012122114,1290204,0.37527
2021-11,Ditto,0.007761,47920.0,0.0371414132958818,1290204,0.7761
2021-11,Dracozolt,0.0082544,55547.0,0.0430528815598153,1290204,0.8254400000000001
2021-11,Dragalge,0.0002513,5396.0,0.0041822843519319,1290204,0.02513
2021-11,Dragapult,0.185737,562434.0,0.4359264116372294,1290204,18.573700000000002
2021-11,Dragonite,0.097984,262403.0,0.2033810157153442,1290204,9.7984
2021-11,Drampa,0.0007076,4151.0,0.0032173206717697,1290204,0.07075999999999999
2021-11,Drapion,0.0001263,9483.0,0.0073500004650427,1290204,0.01263
2021-11,Drednaw,0.0001341,2057.0,0.0015943215181475,1290204,0.01341
2021-11,Druddigon,0.0001712,8648.0,0.0067028159887893,1290204,0.01712
2021-11,Durant,0.0009782,9708.0,0.007524391491578,1290204,0.09782
2021-11,Dusclops,0.0002375,8703.0,0.0067454449063868,1290204,0.02375
2021-11,Eiscue,0.0009429,7811.0,0.0060540813700779,1290204,0.09429
2021-11,Entei,0.0015959,20470.0,0.0158657080585705,1290204,0.15958999999999998
2021-11,Espeon,0.0057909,27135.0,0.0210315578001618,1290204,0.57909
2021-11,Excadrill,0.0354982,135730.0,0.1052004179184067,1290204,3.54982
2021-11,Exeggutor-Alola,0.0001049,4740.0,0.0036738376256777,1290204,0.01049
2021-11,Exploud,0.0001289,6297.0,0.0048806235293023,1290204,0.012889999999999999
2021-11,Ferrothorn,0.2240192,501767.0,0.3889051653846989,1290204,22.40192
2021-11,Flapple,0.0001364,2755.0,0.0021353212360215,1290204,0.013640000000000001
2021-11,Flareon,0.0001018,3874.0,0.003002625941324,1290204,0.01018
2021-11,Flygon,0.0009605,15076.0,0.0116849738490967,1290204,0.09605
2021-11,Froslass,0.0004179,12781.0,0.0099061853784362,1290204,0.04179
2021-11,Frosmoth,0.0001342,6576.0,0.0050968684022061,1290204,0.013420000000000001
2021-11,Gallade,0.0006166,7456.0,0.0057789310837665,1290204,0.06166
2021-11,Galvantula,0.0006688,36032.0,0.0279273665249836,1290204,0.06688
2021-11,Garchomp,0.171075,431271.0,0.3342657440218756,1290204,17.1075
2021-11,Gardevoir,0.0008454,24535.0,0.0190163726046423,1290204,0.08453999999999999
2021-11,Gastrodon,0.0243466,41576.0,0.0322243614188143,1290204,2.43466
2021-11,Gengar,0.01145,119154.0,0.092352837225741,1290204,1.145
2021-11,Gigalith,0.0013771,10198.0,0.0079041763938105,1290204,0.13771
2021-11,Glastrier,0.0058294,13921.0,0.0107897665795486,1290204,0.58294
2021-11,Golduck,0.0001361,1607.0,0.0012455394650768,1290204,0.01361
2021-11,Golisopod,0.0004252,14104.0,0.010931604614464,1290204,0.042519999999999995
2021-11,Golurk,0.0011256,9290.0,0.0072004117178368,1290204,0.11256000000000001
2021-11,Goodra,0.0004466,20265.0,0.0157068184566161,1290204,0.04466
2021-11,Gourgeist-Super,0.000218,2667.0,0.0020671149678655,1290204,0.0218
2021-11,Grimmsnarl,0.0021061,55438.0,0.0429683987958493,1290204,0.21061000000000002
2021-11,Gyarados,0.00289,51204.0,0.0396867472120687,1290204,0.28900000000000003
2021-11,Hatterene,0.0186157,90321.0,0.0700052084786592,1290204,1.86157
2021-11,Hawlucha,0.0264625,118638.0,0.0919529004715533,1290204,2.64625
2021-11,Haxorus,0.0006776,21046.0,0.016312149086501,1290204,0.06776
2021-11,Heatran,0.1935855,396867.0,0.3076001934577788,1290204,19.35855
2021-11,Heliolisk,0.0001362,13778.0,0.010678931393795,1290204,0.01362
2021-11,Heracross,0.0005586,11953.0,0.0092644264007862,1290204,0.05586
2021-11,Hippowdon,0.1075172,123227.0,0.0955097023416452,1290204,10.751719999999999
2021-11,Hitmontop,0.0002691,12542.0,0.0097209433546942,1290204,0.026909999999999996
2021-11,Hydreigon,0.0258738,78012.0,0.0604648567203325,1290204,2.58738
2021-11,Incineroar,0.0135963,34904.0,0.0270530861786198,1290204,1.3596300000000001
2021-11,Indeedee,0.0003913,8071.0,0.0062555998896298,1290204,0.039130000000000005
2021-11,Inteleon,0.0002169,22522.0,0.0174561542205728,1290204,0.021689999999999997
2021-11,Jellicent,0.0002439,9548.0,0.0074003800949307,1290204,0.02439
2021-11,Jirachi,0.0120518,71135.0,0.0551346918781836,1290204,1.20518
2021-11,Jolteon,0.0001627,16466.0,0.0127623228574706,1290204,0.01627
2021-11,Jynx,0.0028172,2868.0,0.0022229042849037,1290204,0.28172
2021-11,Kartana,0.1181258,342048.0,0.2651115637527089,1290204,11.81258
2021-11,Keldeo,0.0117788,39874.0,0.0309051901869781,1290204,1.17788
2021-11,Kingdra,0.0057372,33845.0,0.0262322857470601,1290204,0.57372
2021-11,Kingler,0.0001353,3998.0,0.0030987347737257,1290204,0.01353
2021-11,Klefki,0.0009623,20927.0,0.0162199156102445,1290204,0.09623
2021-11,Kommo-o,0.0233208,50075.0,0.0388116917944759,1290204,2.33208
2021-11,Krookodile,0.0023332,37540.0,0.0290961739383849,1290204,0.23332
2021-11,Kyurem,0.137857,224137.0,0.1737221400646719,1290204,13.7857
2021-11,Landorus-Therian,0.5093025,851882.0,0.6602692287421214,1290204,50.93025
2021-11,Latias,0.0081224,31772.0,0.0246255630892479,1290204,0.81224
2021-11,Latios,0.0186221,71579.0,0.05547882350388,1290204,1.86221
2021-11,Linoone,0.0001047,5913.0,0.0045829961773486,1290204,0.01047
2021-11,Lucario,0.001115,35200.0,0.0272825072624174,1290204,0.11150000000000002
2021-11,Ludicolo,0.0001241,8556.0,0.0066315094357171,1290204,0.012410000000000001
2021-11,Lycanroc-Dusk,0.0059098,22642.0,0.0175491627680583,1290204,0.59098
2021-11,Machamp,0.0003806,14928.0,0.0115702633071979,1290204,0.03806
2021-11,Magmortar,0.0001553,4806.0,0.0037249923267948,1290204,0.01553
2021-11,Magnezone,0.1022661,201744.0,0.156365970032646,1290204,10.226609999999999
2021-11,Malamar,0.0001426,13268.0,0.0102836450669816,1290204,0.01426
2021-11,Mamoswine,0.019517,76633.0,0.0593960334954782,1290204,1.9517
2021-11,Mandibuzz,0.028728,87971.0,0.0681837910904012,1290204,2.8728
2021-11,Mantine,0.0013532,8075.0,0.006258700174546,1290204,0.13532
2021-11,Marowak,0.0001432,2005.0,0.0015540178142371,1290204,0.014320000000000001
2021-11,Marowak-Alola,0.0145896,57055.0,0.0442216889732166,1290204,1.45896
2021-11,Mawile,0.0001794,2072.0,0.0016059475865832,1290204,0.01794
2021-11,Melmetal,0.1975039,279389.0,0.2165463756119187,1290204,19.75039
2021-11,Mesprit,0.000132,1801.0,0.0013959032835117,1290204,0.013200000000000002
2021-11,Metagross,0.0009399,34714.0,0.026905822645101,1290204,0.09399
2021-11,Mew,0.0723041,203414.0,0.1576603389851527,1290204,7.23041
2021-11,Mienshao,0.0005097,14623.0,0.0113338665823389,1290204,0.050969999999999994
2021-11,Milotic,0.0008162,33103.0,0.025657182895108,1290204,0.08162
2021-11,Mimikyu,0.0023806,44110.0,0.0341883919132168,1290204,0.23806
2021-11,Moltres,0.0046664,43616.0,0.0338055067260681,1290204,0.46664
2021-11,Moltres-Galar,0.0546828,39549.0,0.0306532920375382,1290204,5.46828
2021-11,Necrozma,0.0080712,17697.0,0.0137164355404261,1290204,0.8071200000000001
2021-11,Nidoking,0.0399816,84114.0,0.0651943413599709,1290204,3.99816
2021-11,Nidoqueen,0.0008569,6439.0,0.0049906836438268,1290204,0.08569
2021-11,Nihilego,0.0232423,43137.0,0.0334342476073551,1290204,2.32423
2021-11,Ninetales,0.0004323,17115.0,0.0132653440851214,1290204,0.04323
2021-11,Ninetales-Alola,0.0211722,134593.0,0.1043191619309814,1290204,2.1172199999999997
2021-11,Obstagoon,0.00082,21645.0,0.0167764167526995,1290204,0.082
2021-11,Omastar,0.0096004,8561.0,0.0066353847918623,1290204,0.96004
2021-11,Pangoro,0.0003637,4671.0,0.0036203577108736,1290204,0.03637
2021-11,Pelipper,0.0577909,172715.0,0.1338664273246711,1290204,5.77909
2021-11,Pincurchin,0.0001071,4600.0,0.0035653276536113,1290204,0.01071
2021-11,Politoed,0.0007978,21146.0,0.0163896562094056,1290204,0.07978
2021-11,Poliwrath,0.0003612,7280.0,0.0056425185474545,1290204,0.03612
2021-11,Polteageist,0.0067839,27755.0,0.0215121019621703,1290204,0.6783899999999999
2021-11,Porygon-Z,0.0010242,16885.0,0.0130870777024408,1290204,0.10242000000000001
2021-11,Porygon2,0.0145064,58596.0,0.0454160737371764,1290204,1.45064
2021-11,Primarina,0.0048008,25604.0,0.0198449237484924,1290204,0.48008
2021-11,Pyukumuku,0.0010024,12288.0,0.0095240752625166,1290204,0.10024000000000001
2021-11,Quagsire,0.0169767,42204.0,0.0327111061506552,1290204,1.69767
2021-11,Qwilfish,0.0002645,2028.0,0.0015718444525051,1290204,0.026449999999999998
2021-11,Raichu-Alola,0.0028242,21205.0,0.0164353854119193,1290204,0.28242
2021-11,Raikou,0.0007601,12007.0,0.0093062802471547,1290204,0.07601
2021-11,Rapidash-Galar,0.0001113,2810.0,0.0021779501536191,1290204,0.01113
2021-11,Regice,0.0002454,6231.0,0.0048294688281853,1290204,0.02454
2021-11,Regidrago,0.0007744,14501.0,0.0112393078923953,1290204,0.07744
2021-11,Regieleki,0.0460704,146501.0,0.1135487101264606,1290204,4.60704
2021-11,Regigigas,0.0001014,5759.0,0.0044636352080756,1290204,0.01014
2021-11,Regirock,0.0001671,5168.0,0.0040055681117094,1290204,0.01671
2021-11,Registeel,0.0010288,9667.0,0.0074926135711871,1290204,0.10288000000000001
2021-11,Reuniclus,0.0085814,23533.0,0.0182397512331383,1290204,0.8581399999999999
2021-11,Rhydon,0.000104,3167.0,0.0024546505823885,1290204,0.0104
2021-11,Rhyperior,0.0015732,20361.0,0.0157812252946045,1290204,0.15732000000000002
2021-11,Ribombee,0.001043,21446.0,0.0166221775781194,1290204,0.1043
2021-11,Rillaboom,0.0695409,255157.0,0.1977648495896773,1290204,6.95409
2021-11,Roserade,0.0002592,15915.0,0.0123352586102662,1290204,0.025920000000000002
2021-11,Rotom-Heat,0.0127629,44195.0,0.0342542729676857,1290204,1.2762900000000001
2021-11,Rotom-Wash,0.0631101,97370.0,0.075468685572204,1290204,6.3110100000000005
2021-11,Runerigus,0.0008158,6622.0,0.0051325216787422,1290204,0.08158
2021-11,Sableye,0.0002773,10831.0,0.0083947964817966,1290204,0.02773
2021-11,Salamence,0.001592,46163.0,0.0357796131464481,1290204,0.1592
2021-11,Salazzle,0.0003748,27811.0,0.0215555059509968,1290204,0.03748
2021-11,Sandaconda,0.0001065,8520.0,0.0066036068714714,1290204,0.01065
2021-11,Sandslash-Alola,0.0001983,7400.0,0.00573552709494,1290204,0.01983
2021-11,Sceptile,0.0002787,12202.0,0.0094574191368186,1290204,0.02787
2021-11,Scizor,0.0542033,193073.0,0.1496453274055885,1290204,5.42033
2021-11,Scolipede,0.0011007,15577.0,0.0120732845348487,1290204,0.11007
2021-11,Scyther,0.0105565,8012.0,0.0062098706871161,1290204,1.05565
2021-11,Seismitoad,0.0182501,61489.0,0.0476583548028063,1290204,1.8250099999999998
2021-11,Sharpedo,0.0004823,11656.0,0.0090342302457595,1290204,0.04823
2021-11,Shedinja,0.0060358,21588.0,0.0167322376926439,1290204,0.60358
2021-11,Shiftry,0.0002164,4342.0,0.0033653592765175,1290204,0.02164
2021-11,Shuckle,0.0041993,49129.0,0.0380784744117984,1290204,0.41993
2021-11,Sigilyph,0.0002128,7234.0,0.0056068652709183,1290204,0.02128
2021-11,Silvally,0.0003421,2311.0,0.0017911896103251,1290204,0.034210000000000004
2021-11,Silvally-Electric,0.0002273,1082.0,0.0008386270698277,1290204,0.02273
2021-11,Silvally-Ghost,0.0005233,670.0,0.0005192977234607,1290204,0.05233
2021-11,Sirfetch'd,0.0001865,8372.0,0.0064888963295726,1290204,0.01865
2021-11,Skarmory,0.0641189,73616.0,0.0570576435974466,1290204,6.4118900000000005
2021-11,Slowbro,0.0905782,163383.0,0.1266334626152143,1290204,9.05782
2021-11,Slowbro-Galar,0.0006076,19448.0,0.0150735852624856,1290204,0.06076
2021-11,Slowking,0.0259468,60645.0,0.0470041946854916,1290204,2.59468
2021-11,Slowking-Galar,0.1614988,202496.0,0.1569488235968885,1290204,16.14988
2021-11,Slurpuff,0.0005202,27843.0,0.0215803082303263,1290204,0.05202
2021-11,Snorlax,0.0040952,37803.0,0.029300017671624,1290204,0.40952
2021-11,Spiritomb,0.0001315,9678.0,0.0075011393547066,1290204,0.01315
2021-11,Stakataka,0.0007083,14690.0,0.0113857963546849,1290204,0.07083
2021-11,Starmie,0.0026665,17654.0,0.0136831074775771,1290204,0.26665
2021-11,Steelix,0.0008033,11774.0,0.009125688650787,1290204,0.08033
2021-11,Suicune,0.0127201,27625.0,0.0214113427023943,1290204,1.27201
2021-11,Swampert,0.0148633,88890.0,0.0688960815498944,1290204,1.48633
2021-11,Sylveon,0.0004346,18714.0,0.0145046829803658,1290204,0.04346
2021-11,Talonflame,0.0002698,12528.0,0.0097100923574876,1290204,0.02698
2021-11,Tangrowth,0.0215502,46461.0,0.0360105843727038,1290204,2.15502
2021-11,Tapu Bulu,0.0186917,25993.0,0.0201464264565913,1290204,1.8691699999999998
2021-11,Tapu Fini,0.1333025,287268.0,0.2226531618255717,1290204,13.33025
2021-11,Tapu Koko,0.0762466,244755.0,0.1897025586651413,1290204,7.6246599999999995
2021-11,Tapu Lele,0.1689846,266071.0,0.2062239769834847,1290204,16.89846
2021-11,Tentacruel,0.0007094,25817.0,0.0200100139202792,1290204,0.07094
2021-11,Terrakion,0.0062378,26595.0,0.020613019336477,1290204,0.62378
2021-11,Thievul,0.0007659,1748.0,0.0013548245083723,1290204,0.07659
2021-11,Thundurus,0.0012172,18230.0,0.0141295485055076,1290204,0.12172000000000001
2021-11,Thundurus-Therian,0.0051085,35645.0,0.0276274139593428,1290204,0.51085
2021-11,Togedemaru,0.0006484,10677.0,0.0082754355125236,1290204,0.06484000000000001
2021-11,Togekiss,0.0028374,57832.0,0.0448239193181853,1290204,0.28374
2021-11,Torkoal,0.0217784,69950.0,0.0542162324717641,1290204,2.1778399999999998
2021-11,Tornadus-Therian,0.1863061,162145.0,0.1256739244336554,1290204,18.63061
2021-11,Toxapex,0.1712736,304494.0,0.2360045388171173,1290204,17.12736
2021-11,Toxicroak,0.0002478,13175.0,0.0102115634426803,1290204,0.02478
2021-11,Toxtricity,0.0022556,21984.0,0.0170391658993461,1290204,0.22555999999999998
2021-11,Tsareena,0.0003316,6933.0,0.0053735688309755,1290204,0.033159999999999995
2021-11,Turtonator,0.0023679,3906.0,0.0030274282206534,1290204,0.23679
2021-11,Tyranitar,0.0818498,207608.0,0.1609109877197714,1290204,8.18498
2021-11,Tyrantrum,0.0007664,8330.0,0.0064563433379527,1290204,0.07664
2021-11,Umbreon,0.0045666,45489.0,0.0352572151380711,1290204,0.45665999999999995
2021-11,Urshifu-Rapid-Strike,0.1460502,341185.0,0.2644426772820422,1290204,14.60502
2021-11,Uxie,0.0001205,7724.0,0.0059866501731509,1290204,0.01205
2021-11,Vanilluxe,0.0003748,5800.0,0.0044954131284665,1290204,0.03748
2021-11,Vaporeon,0.0006697,12089.0,0.0093698360879364,1290204,0.06697
2021-11,Venusaur,0.0130899,69132.0,0.0535822242064045,1290204,1.3089899999999999
2021-11,Victini,0.0384283,141665.0,0.1098004656627944,1290204,3.8428299999999997
2021-11,Vikavolt,0.0002028,7786.0,0.0060347045893517,1290204,0.02028
2021-11,Volcanion,0.0279375,63942.0,0.049559604527656,1290204,2.79375
2021-11,Volcarona,0.0674731,277595.0,0.2151558978270103,1290204,6.74731
2021-11,Weavile,0.1691761,287564.0,0.2228825829093693,1290204,16.91761
2021-11,Weezing,0.0001691,6427.0,0.0049813827890783,1290204,0.016909999999999998
2021-11,Weezing-Galar,0.0019615,16868.0,0.013073901491547,1290204,0.19615000000000002
2021-11,Whimsicott,0.0003571,22223.0,0.0172244079230881,1290204,0.03571
2021-11,Xatu,0.0010051,14567.0,0.0112904625935123,1290204,0.10051000000000002
2021-11,Xurkitree,0.0006539,16173.0,0.0125352269873601,1290204,0.06539
2021-11,Zapdos,0.0882133,258241.0,0.200155169260055,1290204,8.82133
2021-11,Zapdos-Galar,0.0469766,147821.0,0.1145718041488012,1290204,4.69766
2021-11,Zarude,0.0069346,28052.0,0.0217422981171969,1290204,0.69346
2021-11,Zeraora,0.0982537,225611.0,0.1748645950562856,1290204,9.82537
2021-11,Zoroark,0.0003671,27407.0,0.0212423771744623,1290204,0.03671
2021-11,Zygarde-10%,0.0033909,13045.0,0.0101108041829044,1290204,0.33909
2021-11,aromatisse,0.0,0.0,0.0,1290204,0.0
2021-11,dialga,0.0,0.0,0.0,1290204,0.0
2021-11,dracovish,0.0,0.0,0.0,1290204,0.0
2021-11,eternatus,0.0,0.0,0.0,1290204,0.0
2021-11,garbodor,0.0,0.0,0.0,1290204,0.0
2021-11,genesect,0.0,0.0,0.0,1290204,0.0
2021-11,giratina,0.0,0.0,0.0,1290204,0.0
2021-11,glalie,0.0,0.0,0.0,1290204,0.0
2021-11,gourgeist,0.0,0.0,0.0,1290204,0.0
2021-11,groudon,0.0,0.0,0.0,1290204,0.0
2021-11,heatmor,0.0,0.0,0.0,1290204,0.0
2021-11,ho-oh,0.0,0.0,0.0,1290204,0.0
2021-11,kyogre,0.0,0.0,0.0,1290204,0.0
2021-11,landorus,0.0,0.0,0.0,1290204,0.0
2021-11,lugia,0.0,0.0,0.0,1290204,0.0
2021-11,lunala,0.0,0.0,0.0,1290204,0.0
2021-11,lunatone,0.0,0.0,0.0,1290204,0.0
2021-11,marshadow,0.0,0.0,0.0,1290204,0.0
2021-11,mewtwo,0.0,0.0,0.0,1290204,0.0
2021-11,mr-rime,0.0,0.0,0.0,1290204,0.0
2021-11,musharna,0.0,0.0,0.0,1290204,0.0
2021-11,naganadel,0.0,0.0,0.0,1290204,0.0
2021-11,oranguru,0.0,0.0,0.0,1290204,0.0
2021-11,palkia,0.0,0.0,0.0,1290204,0.0
2021-11,passimian,0.0,0.0,0.0,1290204,0.0
2021-11,pheromosa,0.0,0.0,0.0,1290204,0.0
2021-11,pinsir,0.0,0.0,0.0,1290204,0.0
2021-11,raichu,0.0,0.0,0.0,1290204,0.0
2021-11,rayquaza,0.0,0.0,0.0,1290204,0.0
2021-11,reshiram,0.0,0.0,0.0,1290204,0.0
2021-11,rotom,0.0,0.0,0.0,1290204,0.0
2021-11,seaking,0.0,0.0,0.0,1290204,0.0
2021-11,sirfetchd,0.0,0.0,0.0,1290204,0.0
2021-11,skuntank,0.0,0.0,0.0,1290204,0.0
2021-11,solgaleo,0.0,0.0,0.0,1290204,0.0
2021-11,solrock,0.0,0.0,0.0,1290204,0.0
2021-11,sudowoodo,0.0,0.0,0.0,1290204,0.0
2021-11,throh,0.0,0.0,0.0,1290204,0.0
2021-11,whiscash,0.0,0.0,0.0,1290204,0.0
2021-11,wobbuffet,0.0,0.0,0.0,1290204,0.0
2021-11,xerneas,0.0,0.0,0.0,1290204,0.0
2021-11,yveltal,0.0,0.0,0.0,1290204,0.0
2021-11,zacian,0.0,0.0,0.0,1290204,0.0
2021-11,zamazenta,0.0,0.0,0.0,1290204,0.0
2021-11,zekrom,0.0,0.0,0.0,1290204,0.0
2021-11,zygarde,0.0,0.0,0.0,1290204,0.0
2021-12,Absol,0.0002498,7696.0,0.0073812063131565,1042648,0.02498
2021-12,Accelgor,0.0003296,7359.0,0.0070579908080195,1042648,0.032959999999999996
2021-12,Aegislash,0.0261613,66015.0,0.0633147524380231,1042648,2.61613
2021-12,Aerodactyl,0.0005943,9188.0,0.0088121782231395,1042648,0.05943
2021-12,Aggron,0.0001029,9935.0,0.0095286232745854,1042648,0.010289999999999999
2021-12,Alakazam,0.0073179,64651.0,0.0620065448742049,1042648,0.7317899999999999
2021-12,Amoonguss,0.0077645,28520.0,0.0273534308798367,1042648,0.77645
2021-12,Araquanid,0.0004364,18714.0,0.0179485310478704,1042648,0.04364
2021-12,Arcanine,0.0006947,21526.0,0.0206455102776776,1042648,0.06947
2021-12,Archeops,0.000366,5600.0,0.0053709401447084,1042648,0.0366
2021-12,Arctovish,0.0005273,8776.0,0.0084170304839217,1042648,0.05273
2021-12,Arctozolt,0.0151845,44086.0,0.0422827262892174,1042648,1.51845
2021-12,Articuno-Galar,0.0008091,5763.0,0.0055272728667776,1042648,0.08091
2021-12,Audino,0.0011521,4024.0,0.0038594041325548,1042648,0.11521
2021-12,Aurorus,0.0037744,4028.0,0.0038632405183724,1042648,0.37744
2021-12,Avalugg,0.0016606,8102.0,0.0077705994736478,1042648,0.16605999999999999
2021-12,Azelf,0.0011557,17804.0,0.0170757532743552,1042648,0.11556999999999999
2021-12,Azumarill,0.0083031,54009.0,0.0517998404063499,1042648,0.8303100000000001
2021-12,Barbaracle,0.0003213,4486.0,0.0043025066944932,1042648,0.03213
2021-12,Barraskewda,0.0401313,126763.0,0.1215779438506571,1042648,4.01313
2021-12,Bewear,0.0002325,6100.0,0.0058504883719145,1042648,0.02325
2021-12,Bisharp,0.0279106,147312.0,0.141286416892374,1042648,2.79106
2021-12,Blacephalon,0.056728,145270.0,0.1393279419324642,1042648,5.6728000000000005
2021-12,Blastoise,0.0005972,26020.0,0.0249556897438061,1042648,0.059719999999999995
2021-12,Blaziken,0.0593299,106492.0,0.1021360996232669,1042648,5.93299
2021-12,Blissey,0.0573488,185072.0,0.1775018990109797,1042648,5.7348799999999995
2021-12,Braviary,0.0001617,4909.0,0.0047082044947096,1042648,0.01617
2021-12,Bronzong,0.0005469,9359.0,0.008976183716844,1042648,0.05469
2021-12,Butterfree,0.0001342,5942.0,0.0056989511321174,1042648,0.013420000000000001
2021-12,Buzzwole,0.0703089,104921.0,0.1006293590933853,1042648,7.030889999999999
2021-12,Carracosta,0.0002395,2441.0,0.0023411544452202,1042648,0.02395
2021-12,Celebi,0.0001122,6939.0,0.0066551702971664,1042648,0.01122
2021-12,Celesteela,0.0536063,41860.0,0.0401477775816958,1042648,5.3606300000000005
2021-12,Centiskorch,0.0002979,7324.0,0.0070244224321151,1042648,0.029789999999999997
2021-12,Chandelure,0.0001497,27933.0,0.0267904412610967,1042648,0.01497
2021-12,Chansey,0.0497765,43810.0,0.0420180156677996,1042648,4.977650000000001
2021-12,Charizard,0.0007953,36379.0,0.0348909699150624,1042648,0.07953
2021-12,Clefable,0.1528333,259059.0,0.2484625683835772,1042648,15.283330000000001
2021-12,Cloyster,0.0135697,63956.0,0.0613399728383884,1042648,1.35697
2021-12,Cobalion,0.0001716,5056.0,0.0048491916735082,1042648,0.017159999999999998
2021-12,Cofagrigus,0.0002064,5803.0,0.0055656367249541,1042648,0.02064
2021-12,Comfey,0.000218,7279.0,0.0069812630916666,1042648,0.0218
2021-12,Conkeldurr,0.0045503,46079.0,0.044194205522861,1042648,0.45503000000000005
2021-12,Copperajah,0.0001925,3007.0,0.0028840030384175,1042648,0.01925
2021-12,Corsola-Galar,0.000371,16006.0,0.0153512978493221,1042648,0.0371
2021-12,Corviknight,0.192251,313038.0,0.3002336358962948,1042648,19.2251
2021-12,Cradily,0.0001435,5980.0,0.0057353967973851,1042648,0.01435
2021-12,Cramorant,0.0001249,3335.0,0.0031985866754647,1042648,0.01249
2021-12,Crawdaunt,0.0297631,48951.0,0.0469487305399329,1042648,2.9763100000000002
2021-12,Cresselia,0.0117335,25344.0,0.0243073405406234,1042648,1.17335
2021-12,Crobat,0.0001532,16117.0,0.0154577575557618,1042648,0.01532
2021-12,Crustle,0.0001065,4084.0,0.0039169499198195,1042648,0.01065
2021-12,Cursola,0.0001591,4136.0,0.0039668229354489,1042648,0.01591
2021-12,Darmanitan,0.0055627,28109.0,0.0269592422370732,1042648,0.55627
2021-12,Decidueye,0.0003545,8891.0,0.0085273265761791,1042648,0.03545
2021-12,Dhelmise,0.0014556,5854.0,0.0056145506441291,1042648,0.14556
2021-12,Diancie,0.0001756,6472.0,0.0062072722529559,1042648,0.017560000000000003
2021-12,Diggersby,0.003679,13280.0,0.0127368009145943,1042648,0.3679
2021-12,Ditto,0.0039375,42651.0,0.0409064228771359,1042648,0.39375
2021-12,Dracozolt,0.0064706,45846.0,0.0439707360489829,1042648,0.64706
2021-12,Dragalge,0.000409,4988.0,0.0047839731146081,1042648,0.0409
2021-12,Dragapult,0.1938359,439777.0,0.421788561432046,1042648,19.38359
2021-12,Dragonite,0.1057616,218923.0,0.209968273089288,1042648,10.57616
2021-12,Drampa,0.0005111,2874.0,0.0027564432099807,1042648,0.05111
2021-12,Drapion,0.0008847,11563.0,0.0110900323023685,1042648,0.08847
2021-12,Drednaw,0.0001752,1756.0,0.0016841733739478,1042648,0.01752
2021-12,Druddigon,0.0003128,9211.0,0.008834237441591,1042648,0.03128
2021-12,Durant,0.000824,9764.0,0.0093646177808809,1042648,0.0824
2021-12,Eldegoss,0.0001236,3506.0,0.0033625921691692,1042648,0.01236
2021-12,Entei,0.001275,13440.0,0.0128902563473003,1042648,0.1275
2021-12,Espeon,0.0058546,30944.0,0.0296782806853319,1042648,0.58546
2021-12,Excadrill,0.0176768,113328.0,0.1086924829856289,1042648,1.76768
2021-12,Exploud,0.0003426,6123.0,0.005872547590366,1042648,0.03426
2021-12,Ferrothorn,0.2680834,411018.0,0.3942059064996048,1042648,26.80834
2021-12,Flapple,0.0001678,2058.0,0.0019738205031803,1042648,0.01678
2021-12,Flygon,0.0009262,13801.0,0.0132364901673431,1042648,0.09262
2021-12,Froslass,0.0001154,10231.0,0.0098125158250914,1042648,0.01154
2021-12,Gallade,0.0012162,7277.0,0.0069793448987577,1042648,0.12161999999999999
2021-12,Galvantula,0.0004776,40950.0,0.0392749998081807,1042648,0.047760000000000004
2021-12,Garchomp,0.1534979,362826.0,0.3479851301685708,1042648,15.349789999999999
2021-12,Gardevoir,0.0007134,25305.0,0.0242699357789014,1042648,0.07134
2021-12,Gastrodon,0.0135001,39156.0,0.0375543807689651,1042648,1.35001
2021-12,Gengar,0.006645,104747.0,0.1004624763103175,1042648,0.6645
2021-12,Gigalith,0.0006163,8551.0,0.0082012337816789,1042648,0.06163
2021-12,Glastrier,0.0019109,7904.0,0.0075806983756742,1042648,0.19109
2021-12,Golisopod,0.0004805,12872.0,0.0123454895611941,1042648,0.04805
2021-12,Golurk,0.0005249,7284.0,0.0069860585739386,1042648,0.05249
2021-12,Goodra,0.0004911,19871.0,0.0190582056456253,1042648,0.049109999999999994
2021-12,Grimmsnarl,0.0016051,43370.0,0.0415960132278582,1042648,0.16050999999999999
2021-12,Gyarados,0.0015573,51323.0,0.0492237073297987,1042648,0.15573
2021-12,Hatterene,0.0229369,69683.0,0.0668327182328072,1042648,2.29369
2021-12,Hawlucha,0.0298184,95384.0,0.0914824562076559,1042648,2.98184
2021-12,Haxorus,0.0006337,19664.0,0.018859672679562,1042648,0.06337
2021-12,Heatran,0.21859,316051.0,0.3031233935134388,1042648,21.859
2021-12,Heliolisk,0.0004311,11710.0,0.0112310194811671,1042648,0.04311
2021-12,Heracross,0.0005222,12285.0,0.0117824999424542,1042648,0.05222
2021-12,Hippowdon,0.1064673,100137.0,0.0960410416554772,1042648,10.64673
2021-12,Hitmontop,0.0002005,8074.0,0.0077437447729243,1042648,0.02005
2021-12,Hydreigon,0.0373471,65453.0,0.0627757402306435,1042648,3.73471
2021-12,Incineroar,0.0023231,32370.0,0.0310459522293237,1042648,0.23231
2021-12,Inteleon,0.0004567,17766.0,0.0170393076090876,1042648,0.04567
2021-12,Jellicent,0.0004128,8077.0,0.0077466220622875,1042648,0.04128
2021-12,Jirachi,0.010233,57493.0,0.0551413324535221,1042648,1.0233
2021-12,Jolteon,0.0002979,14204.0,0.0136230060384712,1042648,0.029789999999999997
2021-12,Jynx,0.0002771,2009.0,0.0019268247769141,1042648,0.027710000000000002
2021-12,Kabutops,0.0001966,5177.0,0.0049652423444921,1042648,0.01966
2021-12,Kartana,0.1275396,267140.0,0.2562130268316824,1042648,12.753960000000001
2021-12,Keldeo,0.0164413,26230.0,0.0251570999992327,1042648,1.6441299999999999
2021-12,Kingdra,0.0051651,31776.0,0.0304762489354029,1042648,0.51651
2021-12,Klefki,0.0015388,17789.0,0.0170613668275391,1042648,0.15388000000000002
2021-12,Kommo-o,0.0236031,58927.0,0.0565166767691493,1042648,2.3603099999999997
2021-12,Krookodile,0.0018561,33741.0,0.0323608734683229,1042648,0.18561
2021-12,Kyurem,0.0571471,78754.0,0.0755326821707805,1042648,5.71471
2021-12,Landorus-Therian,0.5275248,625380.0,0.5997997406603187,1042648,52.75248
2021-12,Latias,0.0090664,26362.0,0.0252837007312151,1042648,0.90664
2021-12,Latios,0.01676,58891.0,0.0564821492967904,1042648,1.6760000000000002
2021-12,Leafeon,0.0001355,6579.0,0.006309895573578,1042648,0.01355
2021-12,Lopunny,0.0009028,3690.0,0.0035390659167811,1042648,0.09028
2021-12,Lucario,0.0014927,41552.0,0.0398523758737368,1042648,0.14927
2021-12,Ludicolo,0.0004106,9986.0,0.0095775371937605,1042648,0.04106
2021-12,Lycanroc-Dusk,0.0013495,17074.0,0.0163756128626343,1042648,0.13495000000000001
2021-12,Machamp,0.0001784,12216.0,0.0117163222870997,1042648,0.01784
2021-12,Magneton,0.0001043,2068.0,0.0019834114677244,1042648,0.01043
2021-12,Magnezone,0.0889052,160601.0,0.1540318496750581,1042648,8.89052
2021-12,Malamar,0.0001879,10815.0,0.0103726281544682,1042648,0.018789999999999998
2021-12,Mamoswine,0.0197008,69001.0,0.0661786144508981,1042648,1.97008
2021-12,Mandibuzz,0.0275388,60170.0,0.0577088336619837,1042648,2.7538799999999997
2021-12,Manectric,0.0002151,3283.0,0.0031487136598353,1042648,0.02151
2021-12,Mantine,0.0001593,7831.0,0.0075106843345021,1042648,0.01593
2021-12,Marowak-Alola,0.0133012,39640.0,0.0380185834529006,1042648,1.33012
2021-12,Melmetal,0.1332919,208074.0,0.1995630356553697,1042648,13.329189999999999
2021-12,Mesprit,0.0002036,1747.0,0.0016755415058581,1042648,0.02036
2021-12,Metagross,0.0008445,32858.0,0.0315139912990769,1042648,0.08445
2021-12,Mew,0.0549203,152570.0,0.1463293460496735,1042648,5.49203
2021-12,Mienshao,0.0012965,18876.0,0.0181039046734852,1042648,0.12965
2021-12,Milotic,0.0013148,43055.0,0.0412938978447184,1042648,0.13148
2021-12,Mimikyu,0.0021241,38424.0,0.0368523221643354,1042648,0.21241
2021-12,Moltres,0.0041353,29863.0,0.0286414974181123,1042648,0.41352999999999995
2021-12,Moltres-Galar,0.0572255,38496.0,0.0369213771090531,1042648,5.72255
2021-12,Morpeko,0.0001304,4370.0,0.0041912515057814,1042648,0.01304
2021-12,Mr. Mime,0.0002222,2096.0,0.002010266168448,1042648,0.02222
2021-12,Necrozma,0.0091336,13269.0,0.0127262508535958,1042648,0.9133600000000001
2021-12,Nidoking,0.0407739,65470.0,0.0627920448703685,1042648,4.07739
2021-12,Nidoqueen,0.0019576,6254.0,0.005998189225894,1042648,0.19576
2021-12,Nihilego,0.0694353,37306.0,0.0357800523283025,1042648,6.943530000000001
2021-12,Ninetales,0.0002926,16161.0,0.015499957799756,1042648,0.02926
2021-12,Ninetales-Alola,0.0274165,111474.0,0.1069143181591486,1042648,2.74165
2021-12,Obstagoon,0.0007957,18616.0,0.017854539595338,1042648,0.07957
2021-12,Omastar,0.0099777,6868.0,0.0065870744489031,1042648,0.99777
2021-12,Pangoro,0.0002292,4140.0,0.0039706593212666,1042648,0.02292
2021-12,Pelipper,0.0514911,141783.0,0.1359835725959288,1042648,5.149109999999999
2021-12,Pikachu,0.0001969,9207.0,0.0088304010557733,1042648,0.01969
2021-12,Politoed,0.0002629,18819.0,0.0180492361755837,1042648,0.02629
2021-12,Poliwrath,0.0001138,6619.0,0.0063482594317545,1042648,0.01138
2021-12,Polteageist,0.0062024,26632.0,0.0255426567739064,1042648,0.62024
2021-12,Porygon-Z,0.0040315,17701.0,0.0169769663395508,1042648,0.40315
2021-12,Porygon2,0.012245,40200.0,0.0385556774673715,1042648,1.2245000000000001
2021-12,Primarina,0.0025005,21561.0,0.020679078653582,1042648,0.25005
2021-12,Pyukumuku,0.000681,11995.0,0.0115043619706746,1042648,0.0681
2021-12,Quagsire,0.0115755,32780.0,0.0314391817756328,1042648,1.15755
2021-12,Raichu-Alola,0.0117882,14603.0,0.0140056855237817,1042648,1.17882
2021-12,Raikou,0.0015409,7734.0,0.0074176519784241,1042648,0.15409
2021-12,Regidrago,0.0003809,8775.0,0.0084160713874672,1042648,0.03809
2021-12,Regieleki,0.026502,110109.0,0.1056051514988759,1042648,2.6502000000000003
2021-12,Regigigas,0.000249,5048.0,0.0048415189018729,1042648,0.0249
2021-12,Registeel,0.0003741,8801.0,0.008441007895282,1042648,0.03741
2021-12,Reuniclus,0.0072775,22809.0,0.0218760310286884,1042648,0.72775
2021-12,Rhyperior,0.0011787,17864.0,0.01713329906162,1042648,0.11787
2021-12,Ribombee,0.0007384,15594.0,0.0149561501101042,1042648,0.07383999999999999
2021-12,Rillaboom,0.0884478,205793.0,0.1973753366428555,1042648,8.84478
2021-12,Roserade,0.0002854,18173.0,0.0174296598660334,1042648,0.02854
2021-12,Rotom-Heat,0.0033237,37676.0,0.036134918016435,1042648,0.33237
2021-12,Rotom-Mow,0.0002303,5796.0,0.0055589230497732,1042648,0.02303
2021-12,Rotom-Wash,0.0438649,94398.0,0.0905367871036054,1042648,4.38649
2021-12,Runerigus,0.0001087,5841.0,0.0056020823902218,1042648,0.01087
2021-12,Sableye,0.0002643,10188.0,0.0097712746775517,1042648,0.02643
2021-12,Salamence,0.0009518,40722.0,0.0390563258165747,1042648,0.09518
2021-12,Salazzle,0.0006198,24375.0,0.023377976076298,1042648,0.06198
2021-12,Sandaconda,0.0001744,8228.0,0.0078914456269038,1042648,0.01744
2021-12,Sandslash-Alola,0.0003256,8034.0,0.0077053809147478,1042648,0.03256
2021-12,Sceptile,0.0001223,12633.0,0.0121162655085896,1042648,0.01223
2021-12,Scizor,0.0387775,175704.0,0.168517083426046,1042648,3.87775
2021-12,Scolipede,0.0038996,14290.0,0.0137054883335507,1042648,0.38996000000000003
2021-12,Scyther,0.0028929,7843.0,0.007522193491955,1042648,0.28929
2021-12,Seismitoad,0.0153821,49225.0,0.0472115229684418,1042648,1.5382099999999999
2021-12,Sharpedo,0.0006774,9111.0,0.0087383277961498,1042648,0.06774
2021-12,Shedinja,0.0031331,18808.0,0.0180386861145851,1042648,0.31331000000000003
2021-12,Shiftry,0.0004393,3997.0,0.0038335085282856,1042648,0.04393
2021-12,Shuckle,0.003046,50753.0,0.0486770223507837,1042648,0.3046
2021-12,Sigilyph,0.000181,6487.0,0.0062216586997721,1042648,0.0181
2021-12,Silvally-Electric,0.000417,1196.0,0.001147079359477,1042648,0.0417
2021-12,Sirfetch'd,0.0005272,7125.0,0.0068335622376871,1042648,0.05272
2021-12,Skarmory,0.0566967,64859.0,0.0622060369367226,1042648,5.66967
2021-12,Slowbro,0.1005917,129420.0,0.1241262631300304,1042648,10.05917
2021-12,Slowbro-Galar,0.0020442,17467.0,0.0167525377692183,1042648,0.20442
2021-12,Slowking,0.040154,39671.0,0.0380483154429874,1042648,4.0154000000000005
2021-12,Slowking-Galar,0.1216916,140323.0,0.1345832917724869,1042648,12.16916
2021-12,Slurpuff,0.0004806,21195.0,0.0203280493512671,1042648,0.048060000000000005
2021-12,Snorlax,0.0036234,35900.0,0.0344315627133989,1042648,0.36234
2021-12,Spiritomb,0.0002729,11687.0,0.0112089602627157,1042648,0.027290000000000002
2021-12,Stakataka,0.0008816,14461.0,0.0138694938272552,1042648,0.08816
2021-12,Starmie,0.0060101,17598.0,0.0168781794047463,1042648,0.60101
2021-12,Steelix,0.0031512,9931.0,0.0095247868887678,1042648,0.31511999999999996
2021-12,Suicune,0.0205831,20296.0,0.0194658216387505,1042648,2.05831
2021-12,Swampert,0.0218153,72445.0,0.0694817426398938,1042648,2.18153
2021-12,Sylveon,0.0004093,15825.0,0.0151777013910734,1042648,0.040929999999999994
2021-12,Talonflame,0.0007309,11596.0,0.0111216824853641,1042648,0.07309
2021-12,Tangrowth,0.0210901,41188.0,0.0395032647643308,1042648,2.10901
2021-12,Tapu Bulu,0.0163506,22582.0,0.0216583161335369,1042648,1.63506
2021-12,Tapu Fini,0.1527644,198110.0,0.1900065985836063,1042648,15.27644
2021-12,Tapu Koko,0.14831,186971.0,0.1793232231779085,1042648,14.831
2021-12,Tapu Lele,0.1627401,196614.0,0.1885717902878056,1042648,16.27401
2021-12,Tentacruel,0.0007009,23282.0,0.0223296836516254,1042648,0.07009
2021-12,Terrakion,0.0067686,18528.0,0.0177701391073497,1042648,0.67686
2021-12,Thundurus,0.0007792,14319.0,0.0137333021307286,1042648,0.07792
2021-12,Thundurus-Therian,0.0091236,27658.0,0.0265266897361333,1042648,0.9123600000000001
2021-12,Togedemaru,0.000315,10013.0,0.0096034327980296,1042648,0.0315
2021-12,Togekiss,0.003941,68215.0,0.06542476463773,1042648,0.3941
2021-12,Torkoal,0.0120739,56646.0,0.054328977756635,1042648,1.20739
2021-12,Tornadus,0.0001841,2143.0,0.0020553437018054,1042648,0.01841
2021-12,Tornadus-Therian,0.1499289,122272.0,0.1172706416738918,1042648,14.992890000000001
2021-12,Toxapex,0.1658921,279583.0,0.2681470640139337,1042648,16.589209999999998
2021-12,Toxicroak,0.0003419,13227.0,0.0126859688025105,1042648,0.03419
2021-12,Toxtricity,0.0043717,19233.0,0.0184463021077103,1042648,0.43717
2021-12,Tsareena,0.0001485,7521.0,0.0072133644336343,1042648,0.01485
2021-12,Turtonator,0.0001221,3952.0,0.0037903491878371,1042648,0.012210000000000002
2021-12,Tyranitar,0.0744624,176666.0,0.1694397342151905,1042648,7.4462399999999995
2021-12,Tyrantrum,0.0003606,6709.0,0.0064345781126516,1042648,0.036059999999999995
2021-12,Umbreon,0.0026532,38757.0,0.0371717012836546,1042648,0.26532
2021-12,Urshifu-Rapid-Strike,0.130907,255049.0,0.2446165916013841,1042648,13.0907
2021-12,Uxie,0.0005306,13351.0,0.0128048967628576,1042648,0.053059999999999996
2021-12,Vanilluxe,0.0002833,4861.0,0.0046621678648978,1042648,0.02833
2021-12,Vaporeon,0.0002745,11895.0,0.0114084523252334,1042648,0.027450000000000002
2021-12,Venusaur,0.0102287,60205.0,0.0577424020378881,1042648,1.02287
2021-12,Victini,0.0739346,102139.0,0.0979611527572104,1042648,7.39346
2021-12,Vikavolt,0.0001345,7712.0,0.007396551856427,1042648,0.013449999999999998
2021-12,Volcanion,0.0320117,47603.0,0.0456558685193852,1042648,3.20117
2021-12,Volcarona,0.0642948,237846.0,0.2281172552961306,1042648,6.42948
2021-12,Walrein,0.0001036,2619.0,0.0025118736141056,1042648,0.01036
2021-12,Weavile,0.2376422,225863.0,0.2166244024829089,1042648,23.764219999999998
2021-12,Weezing,0.0001478,4546.0,0.0043600524817579,1042648,0.014779999999999998
2021-12,Weezing-Galar,0.0013741,13440.0,0.0128902563473003,1042648,0.13741
2021-12,Whimsicott,0.0008618,19869.0,0.0190562874527165,1042648,0.08618
2021-12,Xatu,0.0017858,10592.0,0.0101587496451343,1042648,0.17858
2021-12,Xurkitree,0.0003734,11372.0,0.0109068448795758,1042648,0.037340000000000005
2021-12,Zapdos,0.0948963,213951.0,0.2051996455179504,1042648,9.48963
2021-12,Zapdos-Galar,0.0777389,88711.0,0.0850824055673631,1042648,7.77389
2021-12,Zarude,0.0066069,16383.0,0.0157128772126355,1042648,0.66069
2021-12,Zeraora,0.1077433,175686.0,0.1684998196898665,1042648,10.77433
2021-12,Zoroark,0.0006102,27100.0,0.0259915139145713,1042648,0.06102
2021-12,Zygarde-10%,0.0011839,9709.0,0.0093118674758883,1042648,0.11839000000000001
2021-12,aromatisse,0.0,0.0,0.0,1042648,0.0
2021-12,dialga,0.0,0.0,0.0,1042648,0.0
2021-12,dracovish,0.0,0.0,0.0,1042648,0.0
2021-12,eternatus,0.0,0.0,0.0,1042648,0.0
2021-12,garbodor,0.0,0.0,0.0,1042648,0.0
2021-12,genesect,0.0,0.0,0.0,1042648,0.0
2021-12,giratina,0.0,0.0,0.0,1042648,0.0
2021-12,glalie,0.0,0.0,0.0,1042648,0.0
2021-12,gourgeist,0.0,0.0,0.0,1042648,0.0
2021-12,groudon,0.0,0.0,0.0,1042648,0.0
2021-12,heatmor,0.0,0.0,0.0,1042648,0.0
2021-12,ho-oh,0.0,0.0,0.0,1042648,0.0
2021-12,kyogre,0.0,0.0,0.0,1042648,0.0
2021-12,landorus,0.0,0.0,0.0,1042648,0.0
2021-12,lugia,0.0,0.0,0.0,1042648,0.0
2021-12,lunala,0.0,0.0,0.0,1042648,0.0
2021-12,lunatone,0.0,0.0,0.0,1042648,0.0
2021-12,marshadow,0.0,0.0,0.0,1042648,0.0
2021-12,mewtwo,0.0,0.0,0.0,1042648,0.0
2021-12,mr-rime,0.0,0.0,0.0,1042648,0.0
2021-12,musharna,0.0,0.0,0.0,1042648,0.0
2021-12,naganadel,0.0,0.0,0.0,1042648,0.0
2021-12,oranguru,0.0,0.0,0.0,1042648,0.0
2021-12,palkia,0.0,0.0,0.0,1042648,0.0
2021-12,passimian,0.0,0.0,0.0,1042648,0.0
2021-12,pheromosa,0.0,0.0,0.0,1042648,0.0
2021-12,pinsir,0.0,0.0,0.0,1042648,0.0
2021-12,raichu,0.0,0.0,0.0,1042648,0.0
2021-12,rayquaza,0.0,0.0,0.0,1042648,0.0
2021-12,reshiram,0.0,0.0,0.0,1042648,0.0
2021-12,rotom,0.0,0.0,0.0,1042648,0.0
2021-12,seaking,0.0,0.0,0.0,1042648,0.0
2021-12,sirfetchd,0.0,0.0,0.0,1042648,0.0
2021-12,skuntank,0.0,0.0,0.0,1042648,0.0
2021-12,solgaleo,0.0,0.0,0.0,1042648,0.0
2021-12,solrock,0.0,0.0,0.0,1042648,0.0
2021-12,sudowoodo,0.0,0.0,0.0,1042648,0.0
2021-12,throh,0.0,0.0,0.0,1042648,0.0
2021-12,whiscash,0.0,0.0,0.0,1042648,0.0
2021-12,wobbuffet,0.0,0.0,0.0,1042648,0.0
2021-12,xerneas,0.0,0.0,0.0,1042648,0.0
2021-12,yveltal,0.0,0.0,0.0,1042648,0.0
2021-12,zacian,0.0,0.0,0.0,1042648,0.0
2021-12,zamazenta,0.0,0.0,0.0,1042648,0.0
2021-12,zekrom,0.0,0.0,0.0,1042648,0.0
2021-12,zygarde,0.0,0.0,0.0,1042648,0.0
2022-01,Abomasnow,0.0001374,4206.0,0.0041047481767247,1024667,0.01374
2022-01,Accelgor,0.0001391,7368.0,0.007190628760368,1024667,0.013909999999999999
2022-01,Aegislash,0.0419569,64001.0,0.062460291977784,1024667,4.19569
2022-01,Aerodactyl,0.0002334,8622.0,0.0084144409842417,1024667,0.02334
2022-01,Aggron,0.0003518,9012.0,0.0087950524414273,1024667,0.035179999999999996
2022-01,Alakazam,0.0048887,57496.0,0.0561118880572908,1024667,0.48887
2022-01,Amoonguss,0.0047897,25785.0,0.0251642728808481,1024667,0.47897
2022-01,Araquanid,0.0008838,18887.0,0.0184323297227294,1024667,0.08838
2022-01,Arcanine,0.0002152,20417.0,0.0199254977470729,1024667,0.02152
2022-01,Archeops,0.0002164,4833.0,0.0047166542886615,1024667,0.02164
2022-01,Arctovish,0.0076161,6900.0,0.0067338950117452,1024667,0.76161
2022-01,Arctozolt,0.0236003,33413.0,0.0326086426126731,1024667,2.36003
2022-01,Articuno-Galar,0.0005671,6119.0,0.0059716961705607,1024667,0.056709999999999997
2022-01,Audino,0.0017664,4406.0,0.004299933539384,1024667,0.17664
2022-01,Aurorus,0.0002938,3348.0,0.0032674029709164,1024667,0.02938
2022-01,Avalugg,0.0008009,7283.0,0.0071076749812378,1024667,0.08009
2022-01,Azelf,0.0007479,18976.0,0.0185191872091128,1024667,0.07479
2022-01,Azumarill,0.0287322,51347.0,0.0501109140823311,1024667,2.87322
2022-01,Barbaracle,0.0002259,3949.0,0.0038539349857075,1024667,0.02259
2022-01,Barraskewda,0.0378706,145572.0,0.142067618065186,1024667,3.78706
2022-01,Bisharp,0.0520226,141091.0,0.1376944900148048,1024667,5.20226
2022-01,Blacephalon,0.0825746,153619.0,0.1499209011317823,1024667,8.25746
2022-01,Blastoise,0.0012067,25938.0,0.0253135896832824,1024667,0.12067
2022-01,Blaziken,0.0206542,104324.0,0.1018125888703354,1024667,2.06542
2022-01,Blissey,0.0480653,181652.0,0.1772790574889207,1024667,4.8065299999999995
2022-01,Bronzong,0.0001909,10075.0,0.0098324626439614,1024667,0.01909
2022-01,Butterfree,0.0001863,6496.0,0.0063396205791735,1024667,0.01863
2022-01,Buzzwole,0.0665228,101041.0,0.0986086211422833,1024667,6.652280000000001
2022-01,Celesteela,0.0245414,45691.0,0.0445910720263266,1024667,2.45414
2022-01,Chandelure,0.0002746,25234.0,0.0246265372067217,1024667,0.027460000000000002
2022-01,Chansey,0.0406884,40999.0,0.0400120234183398,1024667,4.06884
2022-01,Charizard,0.0006242,32820.0,0.0320299180123884,1024667,0.062419999999999996
2022-01,Clefable,0.1755684,248890.0,0.2428984245613453,1024667,17.55684
2022-01,Cloyster,0.0071357,57999.0,0.0566027792443789,1024667,0.71357
2022-01,Coalossal,0.0001429,4032.0,0.0039349369112111,1024667,0.01429
2022-01,Cobalion,0.0001598,4328.0,0.0042238112479468,1024667,0.01598
2022-01,Comfey,0.0001933,7546.0,0.0073643437331347,1024667,0.01933
2022-01,Conkeldurr,0.0027507,45861.0,0.0447569795845869,1024667,0.27507
2022-01,Corsola-Galar,0.0002288,16823.0,0.0164180167800856,1024667,0.02288
2022-01,Corviknight,0.1378097,277027.0,0.2703580773070665,1024667,13.78097
2022-01,Crawdaunt,0.0154778,51394.0,0.050156782642556,1024667,1.54778
2022-01,Cresselia,0.0073711,21080.0,0.0205725372242884,1024667,0.73711
2022-01,Crobat,0.000384,14454.0,0.0141060461593864,1024667,0.038400000000000004
2022-01,Crustle,0.0001568,4480.0,0.0043721521235679,1024667,0.01568
2022-01,Cursola,0.0005814,3807.0,0.0037153533782194,1024667,0.058140000000000004
2022-01,Darmanitan,0.0013869,24804.0,0.0242068886770043,1024667,0.13868999999999998
2022-01,Decidueye,0.0024869,9181.0,0.0089599840728744,1024667,0.24868999999999997
2022-01,Dhelmise,0.0002134,5332.0,0.0052036417684964,1024667,0.02134
2022-01,Diggersby,0.0013497,10871.0,0.0106093003873453,1024667,0.13496999999999998
2022-01,Ditto,0.0033097,38029.0,0.0371135207828494,1024667,0.33097
2022-01,Dracozolt,0.0067269,36976.0,0.0360858698484483,1024667,0.67269
2022-01,Dragalge,0.0002673,4201.0,0.0040998685426582,1024667,0.02673
2022-01,Dragapult,0.2127328,429068.0,0.4187389659274672,1024667,21.27328
2022-01,Dragonite,0.0873745,192877.0,0.188233835968173,1024667,8.737449999999999
2022-01,Drampa,0.0030124,3636.0,0.0035484698931457,1024667,0.30124
2022-01,Drapion,0.0005539,9308.0,0.009083926778163,1024667,0.055389999999999995
2022-01,Druddigon,0.0005552,9253.0,0.0090302508034317,1024667,0.05552000000000001
2022-01,Durant,0.0001096,7816.0,0.0076278439727247,1024667,0.01096
2022-01,Dusclops,0.0001439,8103.0,0.0079079349681408,1024667,0.01439
2022-01,Eldegoss,0.0001062,3597.0,0.0035104087474272,1024667,0.010620000000000001
2022-01,Entei,0.0011613,12340.0,0.0120429368760777,1024667,0.11613000000000001
2022-01,Espeon,0.0017444,24310.0,0.0237247808312359,1024667,0.17443999999999998
2022-01,Excadrill,0.046752,111341.0,0.1086606673192363,1024667,4.6752
2022-01,Exploud,0.000152,6893.0,0.0067270635240522,1024667,0.015200000000000002
2022-01,Ferrothorn,0.2884932,430504.0,0.4201403968313608,1024667,28.84932
2022-01,Flygon,0.000268,13786.0,0.0134541270481044,1024667,0.0268
2022-01,Galvantula,0.0003836,37820.0,0.0369095520788705,1024667,0.03836
2022-01,Garchomp,0.1573639,356211.0,0.3476358660911301,1024667,15.73639
2022-01,Gardevoir,0.0014271,23313.0,0.0227517817983793,1024667,0.14271
2022-01,Gastrodon,0.0240869,32946.0,0.0321528847908637,1024667,2.40869
2022-01,Gengar,0.0107001,98561.0,0.0961883226453081,1024667,1.0700100000000001
2022-01,Gigalith,0.0074163,5822.0,0.0056818459070117,1024667,0.74163
2022-01,Glaceon,0.0003148,3314.0,0.0032342214592643,1024667,0.03148
2022-01,Glastrier,0.0070292,7988.0,0.0077957033846117,1024667,0.70292
2022-01,Golisopod,0.000507,13016.0,0.0127026634018661,1024667,0.050699999999999995
2022-01,Golurk,0.0015748,7204.0,0.0070305767629873,1024667,0.15747999999999998
2022-01,Goodra,0.0003351,22063.0,0.0215318732817588,1024667,0.03351
2022-01,Grapploct,0.0001209,1987.0,0.0019391665780199,1024667,0.01209
2022-01,Grimmsnarl,0.0024098,38189.0,0.0372696690729768,1024667,0.24098000000000003
2022-01,Gyarados,0.0015228,47948.0,0.0467937388439366,1024667,0.15228
2022-01,Hatterene,0.0124364,61998.0,0.0605055105707512,1024667,1.24364
2022-01,Hawlucha,0.0248961,86645.0,0.084559178738068,1024667,2.48961
2022-01,Haxorus,0.0008604,18150.0,0.0177130716613299,1024667,0.08604
2022-01,Heatran,0.2915118,327085.0,0.3192110217270586,1024667,29.15118
2022-01,Heliolisk,0.0002347,12509.0,0.0122078685075248,1024667,0.02347
2022-01,Heracross,0.0001851,12457.0,0.0121571203132334,1024667,0.01851
2022-01,Hippowdon,0.0600536,85923.0,0.083854559578868,1024667,6.00536
2022-01,Hitmontop,0.0002117,6859.0,0.0066938820124001,1024667,0.02117
2022-01,Hydreigon,0.0462776,65298.0,0.0637260690546294,1024667,4.62776
2022-01,Incineroar,0.0006975,27156.0,0.0265022685418775,1024667,0.06974999999999999
2022-01,Indeedee,0.0002973,5915.0,0.0057726071006483,1024667,0.029730000000000003
2022-01,Inteleon,0.0002674,16135.0,0.0157465791325376,1024667,0.02674
2022-01,Jellicent,0.000927,10229.0,0.009982755373209,1024667,0.0927
2022-01,Jirachi,0.0116955,45953.0,0.0448467648514102,1024667,1.1695499999999999
2022-01,Jolteon,0.0002005,13542.0,0.01321600090566,1024667,0.02005
2022-01,Kartana,0.2312177,290659.0,0.2836619116259233,1024667,23.12177
2022-01,Keldeo,0.0149693,25780.0,0.0251593932467816,1024667,1.4969299999999999
2022-01,Kingdra,0.0041342,31333.0,0.0305787148410166,1024667,0.41342
2022-01,Kingler,0.000146,2634.0,0.0025705912262227,1024667,0.0146
2022-01,Klefki,0.001295,15772.0,0.015392317699311,1024667,0.1295
2022-01,Kommo-o,0.0173657,63889.0,0.0623509881746948,1024667,1.7365700000000002
2022-01,Krookodile,0.0010827,28927.0,0.0282306349282254,1024667,0.10827
2022-01,Landorus-Therian,0.6004071,662176.0,0.6462353135213684,1024667,60.04071
2022-01,Lapras,0.0003212,8150.0,0.0079538035283658,1024667,0.03212
2022-01,Latias,0.0035912,21972.0,0.0214430639417488,1024667,0.35912
2022-01,Latios,0.0143892,61087.0,0.0596164412438382,1024667,1.43892
2022-01,Lopunny,0.0001275,3561.0,0.0034752753821485,1024667,0.012750000000000001
2022-01,Lucario,0.0006744,30492.0,0.0297579603910343,1024667,0.06744
2022-01,Lycanroc-Dusk,0.0045149,20169.0,0.0196834678973754,1024667,0.45148999999999995
2022-01,Machamp,0.0001679,10106.0,0.0098627163751735,1024667,0.01679
2022-01,Magnezone,0.0779398,163882.0,0.1599368380166434,1024667,7.79398
2022-01,Malamar,0.0001165,9620.0,0.0093884159439115,1024667,0.01165
2022-01,Mamoswine,0.0157838,66126.0,0.0645341364560388,1024667,1.5783800000000001
2022-01,Mandibuzz,0.0300458,67747.0,0.0661161138203923,1024667,3.0045800000000003
2022-01,Mantine,0.0003381,7729.0,0.007542938339968,1024667,0.03381
2022-01,Marowak-Alola,0.0104672,36055.0,0.0351870412534023,1024667,1.0467199999999999
2022-01,Melmetal,0.1033833,214898.0,0.2097247203237734,1024667,10.33833
2022-01,Metagross,0.0012791,30574.0,0.0298379863897246,1024667,0.12791
2022-01,Mew,0.0480041,127372.0,0.1243057500631912,1024667,4.80041
2022-01,Mienshao,0.0007709,22041.0,0.0215104028918663,1024667,0.07709
2022-01,Milotic,0.0008883,33035.0,0.0322397422772471,1024667,0.08882999999999999
2022-01,Mimikyu,0.0025628,35304.0,0.0344541202166167,1024667,0.25628
2022-01,Moltres,0.0091835,23709.0,0.0231382488164447,1024667,0.9183500000000001
2022-01,Moltres-Galar,0.0531992,47169.0,0.0460334918563787,1024667,5.31992
2022-01,Mudsdale,0.0001315,5716.0,0.0055783976648023,1024667,0.01315
2022-01,Necrozma,0.0064479,14025.0,0.0136873735564822,1024667,0.6447900000000001
2022-01,Nidoking,0.0456795,77824.0,0.0759505283179803,1024667,4.56795
2022-01,Nidoqueen,0.0007725,5294.0,0.0051665565495912,1024667,0.07725
2022-01,Nihilego,0.0520863,48165.0,0.0470055149624219,1024667,5.20863
2022-01,Ninetales,0.0002621,14903.0,0.0145442372985565,1024667,0.026209999999999997
2022-01,Ninetales-Alola,0.0357775,106068.0,0.1035146052327243,1024667,3.5777499999999995
2022-01,Obstagoon,0.0011756,17501.0,0.0170796951595006,1024667,0.11756
2022-01,Omastar,0.0006813,6485.0,0.0063288853842272,1024667,0.06813
2022-01,Pelipper,0.0512163,159341.0,0.1555051543574644,1024667,5.12163
2022-01,Politoed,0.0002748,16974.0,0.0165653817288933,1024667,0.02748
2022-01,Poliwrath,0.0002792,6104.0,0.0059570572683613,1024667,0.02792
2022-01,Polteageist,0.0024516,26779.0,0.0261343441332647,1024667,0.24516
2022-01,Porygon-Z,0.0038719,23391.0,0.0228279040898164,1024667,0.38719000000000003
2022-01,Porygon2,0.0076478,34619.0,0.0337856103495086,1024667,0.76478
2022-01,Primarina,0.0017606,21632.0,0.021111248825228,1024667,0.17606
2022-01,Pyukumuku,0.0004376,10051.0,0.0098090404004422,1024667,0.04376
2022-01,Quagsire,0.0195444,31680.0,0.0309173614452305,1024667,1.95444
2022-01,Raboot,0.0002532,882.0,0.0008607674493274,1024667,0.02532
2022-01,Raichu-Alola,0.0004206,12608.0,0.0123044852620412,1024667,0.04206
2022-01,Raikou,0.0005912,9000.0,0.0087833413196677,1024667,0.05911999999999999
2022-01,Regidrago,0.0021119,8976.0,0.0087599190761486,1024667,0.21119
2022-01,Regieleki,0.0367729,168789.0,0.1647257108894889,1024667,3.6772899999999997
2022-01,Regigigas,0.0002994,4676.0,0.004563433778974,1024667,0.02994
2022-01,Registeel,0.000195,8047.0,0.0078532830665962,1024667,0.0195
2022-01,Reuniclus,0.0127857,22506.0,0.0219642088600491,1024667,1.27857
2022-01,Rhydon,0.0002318,2482.0,0.0024222503506017,1024667,0.02318
2022-01,Rhyperior,0.0016545,13569.0,0.013242350929619,1024667,0.16544999999999999
2022-01,Ribombee,0.0010418,16657.0,0.0162560129290784,1024667,0.10418000000000001
2022-01,Rillaboom,0.0630432,217927.0,0.2126808026412483,1024667,6.30432
2022-01,Rotom-Heat,0.0029948,36464.0,0.0355861953200405,1024667,0.29948
2022-01,Rotom-Wash,0.0569205,98380.0,0.0960116798921015,1024667,5.69205
2022-01,Sableye,0.0005944,9497.0,0.009268376945876,1024667,0.05944
2022-01,Salamence,0.0027919,35675.0,0.0348161890643496,1024667,0.27919
2022-01,Salazzle,0.0017415,23836.0,0.0232621915217334,1024667,0.17415
2022-01,Sandaconda,0.0001658,7054.0,0.0068841877409929,1024667,0.016579999999999998
2022-01,Sandslash-Alola,0.0014702,6076.0,0.005929731317589,1024667,0.14702
2022-01,Scizor,0.0266128,167280.0,0.1632530373282247,1024667,2.66128
2022-01,Scolipede,0.002873,16041.0,0.0156548420120878,1024667,0.2873
2022-01,Scyther,0.0014622,6328.0,0.0061756648745397,1024667,0.14622000000000002
2022-01,Seismitoad,0.0220119,57574.0,0.0561880103487279,1024667,2.20119
2022-01,Sharpedo,0.0002109,8263.0,0.0080640832582682,1024667,0.02109
2022-01,Shedinja,0.008491,17428.0,0.0170084525021299,1024667,0.8491000000000001
2022-01,Shiftry,0.0005654,4413.0,0.004306765027077,1024667,0.05654
2022-01,Shuckle,0.0056121,39548.0,0.0385959536122467,1024667,0.56121
2022-01,Sigilyph,0.000186,6278.0,0.0061268685338749,1024667,0.0186
2022-01,Silvally-Electric,0.0001593,1754.0,0.0017117756305219,1024667,0.01593
2022-01,Silvally-Ghost,0.0002213,846.0,0.0008256340840487,1024667,0.02213
2022-01,Sirfetch'd,0.0001291,7492.0,0.0073116436852167,1024667,0.01291
2022-01,Skarmory,0.0593337,63967.0,0.0624271104661319,1024667,5.93337
2022-01,Slowbro,0.084687,145934.0,0.1424209035715993,1024667,8.4687
2022-01,Slowbro-Galar,0.0017519,16067.0,0.0156802161092335,1024667,0.17519
2022-01,Slowking,0.0349847,42040.0,0.0410279632309813,1024667,3.49847
2022-01,Slowking-Galar,0.0728662,129169.0,0.1260594905466849,1024667,7.286620000000001
2022-01,Slurpuff,0.0003338,21063.0,0.0205559464684624,1024667,0.03338
2022-01,Snorlax,0.0007446,29649.0,0.0289352540874254,1024667,0.07446
2022-01,Stakataka,0.0025108,13459.0,0.0131349989801564,1024667,0.25108
2022-01,Starmie,0.0016676,17274.0,0.0168581597728823,1024667,0.16676
2022-01,Steelix,0.0002075,8869.0,0.0086554949071259,1024667,0.02075
2022-01,Stunfisk,0.0001414,1195.0,0.0011662325418892,1024667,0.01414
2022-01,Suicune,0.0206693,20300.0,0.0198113143099172,1024667,2.06693
2022-01,Swampert,0.0132155,67756.0,0.066124897161712,1024667,1.32155
2022-01,Sylveon,0.0004517,15684.0,0.015306436139741,1024667,0.045169999999999995
2022-01,Talonflame,0.0004884,11785.0,0.0115012974946982,1024667,0.04884000000000001
2022-01,Tangrowth,0.0299129,39205.0,0.038261210715286,1024667,2.99129
2022-01,Tapu Bulu,0.0324101,24861.0,0.0242625165053622,1024667,3.2410099999999997
2022-01,Tapu Fini,0.1668357,211060.0,0.2059791132143418,1024667,16.68357
2022-01,Tapu Koko,0.1009831,163856.0,0.1599114639194977,1024667,10.098310000000001
2022-01,Tapu Lele,0.1342801,235263.0,0.229599469876555,1024667,13.42801
2022-01,Tentacruel,0.0006431,20300.0,0.0198113143099172,1024667,0.06430999999999999
2022-01,Terrakion,0.0063982,16965.0,0.0165565983875737,1024667,0.6398199999999999
2022-01,Thundurus,0.0023164,14543.0,0.0141929036457697,1024667,0.23164
2022-01,Thundurus-Therian,0.0123326,27366.0,0.0267072131726697,1024667,1.23326
2022-01,Togekiss,0.0028421,57679.0,0.056290482664124,1024667,0.28421
2022-01,Torkoal,0.0133821,55546.0,0.0542088307713627,1024667,1.33821
2022-01,Tornadus,0.0001171,2387.0,0.0023295373033385,1024667,0.01171
2022-01,Tornadus-Therian,0.1791694,132629.0,0.1294361973206905,1024667,17.91694
2022-01,Toxapex,0.1816941,268776.0,0.2623057051705578,1024667,18.16941
2022-01,Toxicroak,0.0004179,11107.0,0.0108396191152833,1024667,0.04179
2022-01,Toxtricity,0.0031884,19938.0,0.0194580288035039,1024667,0.31884
2022-01,Tsareena,0.0001694,6780.0,0.0066167837941497,1024667,0.01694
2022-01,Turtonator,0.0001607,3657.0,0.0035689643562249,1024667,0.01607
2022-01,Tyranitar,0.06522,172278.0,0.1681307195410801,1024667,6.522
2022-01,Tyrantrum,0.0004163,6682.0,0.0065211429664466,1024667,0.04163
2022-01,Umbreon,0.0022639,36469.0,0.035591074954107,1024667,0.22639
2022-01,Urshifu-Rapid-Strike,0.1348627,256606.0,0.2504286758527405,1024667,13.486270000000001
2022-01,Uxie,0.0002412,9830.0,0.0095933605747037,1024667,0.024120000000000003
2022-01,Vanilluxe,0.0022301,4131.0,0.0040315536657274,1024667,0.22301
2022-01,Vaporeon,0.0002092,11431.0,0.0111558194027913,1024667,0.020919999999999998
2022-01,Venusaur,0.008498,59072.0,0.0576499487150459,1024667,0.8498
2022-01,Victini,0.0450813,98174.0,0.0958106389685624,1024667,4.5081299999999995
2022-01,Vikavolt,0.0004035,7099.0,0.0069281044475912,1024667,0.04035
2022-01,Vileplume,0.0001015,5271.0,0.0051441102328854,1024667,0.01015
2022-01,Volcanion,0.0525249,46519.0,0.045399139427736,1024667,5.25249
2022-01,Volcarona,0.0412794,220910.0,0.2155919923253115,1024667,4.12794
2022-01,Weavile,0.2773283,251126.0,0.245080596915876,1024667,27.732830000000003
2022-01,Weezing-Galar,0.0007611,12222.0,0.0119277775121088,1024667,0.07611
2022-01,Whimsicott,0.0002374,18002.0,0.0175686344929621,1024667,0.02374
2022-01,Xatu,0.0009054,10225.0,0.0099788516659558,1024667,0.09054
2022-01,Xurkitree,0.0003824,12161.0,0.0118682459764977,1024667,0.03824
2022-01,Zapdos,0.1678921,230786.0,0.2252302455334269,1024667,16.789209999999997
2022-01,Zapdos-Galar,0.0550479,129867.0,0.1267406874623658,1024667,5.50479
2022-01,Zarude,0.0098444,14513.0,0.0141636258413709,1024667,0.98444
2022-01,Zeraora,0.0666168,165884.0,0.1618906434968628,1024667,6.6616800000000005
2022-01,Zoroark,0.0010252,21875.0,0.0213483990408591,1024667,0.10252
2022-01,Zygarde-10%,0.0004075,8599.0,0.0083919946675358,1024667,0.04075
2022-01,aromatisse,0.0,0.0,0.0,1024667,0.0
2022-01,dialga,0.0,0.0,0.0,1024667,0.0
2022-01,dracovish,0.0,0.0,0.0,1024667,0.0
2022-01,eternatus,0.0,0.0,0.0,1024667,0.0
2022-01,garbodor,0.0,0.0,0.0,1024667,0.0
2022-01,genesect,0.0,0.0,0.0,1024667,0.0
2022-01,giratina,0.0,0.0,0.0,1024667,0.0
2022-01,glalie,0.0,0.0,0.0,1024667,0.0
2022-01,gourgeist,0.0,0.0,0.0,1024667,0.0
2022-01,groudon,0.0,0.0,0.0,1024667,0.0
2022-01,heatmor,0.0,0.0,0.0,1024667,0.0
2022-01,ho-oh,0.0,0.0,0.0,1024667,0.0
2022-01,kyogre,0.0,0.0,0.0,1024667,0.0
2022-01,landorus,0.0,0.0,0.0,1024667,0.0
2022-01,lugia,0.0,0.0,0.0,1024667,0.0
2022-01,lunala,0.0,0.0,0.0,1024667,0.0
2022-01,lunatone,0.0,0.0,0.0,1024667,0.0
2022-01,marshadow,0.0,0.0,0.0,1024667,0.0
2022-01,mewtwo,0.0,0.0,0.0,1024667,0.0
2022-01,mr-rime,0.0,0.0,0.0,1024667,0.0
2022-01,musharna,0.0,0.0,0.0,1024667,0.0
2022-01,naganadel,0.0,0.0,0.0,1024667,0.0
2022-01,oranguru,0.0,0.0,0.0,1024667,0.0
2022-01,palkia,0.0,0.0,0.0,1024667,0.0
2022-01,passimian,0.0,0.0,0.0,1024667,0.0
2022-01,pheromosa,0.0,0.0,0.0,1024667,0.0
2022-01,pinsir,0.0,0.0,0.0,1024667,0.0
2022-01,raichu,0.0,0.0,0.0,1024667,0.0
2022-01,rayquaza,0.0,0.0,0.0,1024667,0.0
2022-01,reshiram,0.0,0.0,0.0,1024667,0.0
2022-01,rotom,0.0,0.0,0.0,1024667,0.0
2022-01,seaking,0.0,0.0,0.0,1024667,0.0
2022-01,sirfetchd,0.0,0.0,0.0,1024667,0.0
2022-01,skuntank,0.0,0.0,0.0,1024667,0.0
2022-01,solgaleo,0.0,0.0,0.0,1024667,0.0
2022-01,solrock,0.0,0.0,0.0,1024667,0.0
2022-01,sudowoodo,0.0,0.0,0.0,1024667,0.0
2022-01,throh,0.0,0.0,0.0,1024667,0.0
2022-01,whiscash,0.0,0.0,0.0,1024667,0.0
2022-01,wobbuffet,0.0,0.0,0.0,1024667,0.0
2022-01,xerneas,0.0,0.0,0.0,1024667,0.0
2022-01,yveltal,0.0,0.0,0.0,1024667,0.0
2022-01,zacian,0.0,0.0,0.0,1024667,0.0
2022-01,zamazenta,0.0,0.0,0.0,1024667,0.0
2022-01,zekrom,0.0,0.0,0.0,1024667,0.0
2022-01,zygarde,0.0,0.0,0.0,1024667,0.0
2022-02,Absol,0.0001488,5463.0,0.0050024220036975,1092071,0.01488
2022-02,Accelgor,0.0001418,8390.0,0.0076826506701487,1092071,0.01418
2022-02,Aegislash,0.0301663,70707.0,0.0647457903378077,1092071,3.01663
2022-02,Aerodactyl,0.0001547,9597.0,0.0087878901646504,1092071,0.01547
2022-02,Aggron,0.0008085,9069.0,0.0083044051165171,1092071,0.08084999999999999
2022-02,Alakazam,0.0043464,49229.0,0.0450785708987785,1092071,0.43464
2022-02,Altaria,0.0001667,2761.0,0.0025282238975304,1092071,0.01667
2022-02,Amoonguss,0.0116582,26831.0,0.0245689153910322,1092071,1.16582
2022-02,Araquanid,0.0006791,17123.0,0.0156793834833083,1092071,0.06791
2022-02,Arcanine,0.0003871,19975.0,0.0182909352963314,1092071,0.038709999999999994
2022-02,Arctovish,0.0003986,4943.0,0.0045262624865965,1092071,0.03986
2022-02,Arctozolt,0.0195361,36797.0,0.0336946956745486,1092071,1.95361
2022-02,Articuno-Galar,0.0019424,4864.0,0.0044539228676523,1092071,0.19424
2022-02,Audino,0.0007371,2895.0,0.0026509265423218,1092071,0.07371
2022-02,Avalugg,0.0005194,8215.0,0.0075224046788166,1092071,0.05194000000000001
2022-02,Azelf,0.000482,19035.0,0.0174301854000335,1092071,0.0482
2022-02,Azumarill,0.0042446,55068.0,0.0504252928609953,1092071,0.42446
2022-02,Barbaracle,0.0003864,5018.0,0.0045949393400245,1092071,0.03864
2022-02,Barraskewda,0.0463574,153246.0,0.1403260410724211,1092071,4.63574
2022-02,Bewear,0.0001143,5968.0,0.0054648461501129,1092071,0.01143
2022-02,Bisharp,0.0587384,146427.0,0.1340819415587448,1092071,5.87384
2022-02,Blacephalon,0.0930296,164156.0,0.1503162340177516,1092071,9.30296
2022-02,Blastoise,0.0019337,25182.0,0.0230589403069946,1092071,0.19337
2022-02,Blaziken,0.039164,115547.0,0.105805391773978,1092071,3.9164
2022-02,Blissey,0.0762362,205237.0,0.1879337515601092,1092071,7.623620000000001
2022-02,Boltund,0.0008862,2623.0,0.0024018584872229,1092071,0.08861999999999999
2022-02,Bronzong,0.0025438,9493.0,0.0086926582612302,1092071,0.25438
2022-02,Butterfree,0.0010381,6287.0,0.0057569517000268,1092071,0.10380999999999999
2022-02,Buzzwole,0.10733,133070.0,0.1218510518089025,1092071,10.732999999999999
2022-02,Celesteela,0.0313098,44411.0,0.040666769834562,1092071,3.13098
2022-02,Chandelure,0.0004828,25307.0,0.0231734017293747,1092071,0.04828
2022-02,Chansey,0.0354321,42916.0,0.0392978112228966,1092071,3.54321
2022-02,Charizard,0.0007785,34089.0,0.0312150034201073,1092071,0.07785
2022-02,Cinccino,0.0002812,6922.0,0.0063384157257174,1092071,0.02812
2022-02,Claydol,0.0004056,5701.0,0.0052203565519091,1092071,0.04056
2022-02,Clefable,0.1619986,253027.0,0.2316946425644486,1092071,16.19986
2022-02,Cloyster,0.0115147,64606.0,0.0591591572342823,1092071,1.15147
2022-02,Cobalion,0.0001106,4259.0,0.0038999295833329,1092071,0.01106
2022-02,Comfey,0.0001596,8054.0,0.0073749783667911,1092071,0.015960000000000002
2022-02,Conkeldurr,0.002768,40614.0,0.0371898896683457,1092071,0.2768
2022-02,Corsola-Galar,0.0012563,17753.0,0.0162562690521037,1092071,0.12563
2022-02,Corviknight,0.1264613,295379.0,0.2704760038495665,1092071,12.64613
2022-02,Crawdaunt,0.0157709,45685.0,0.0418333606514594,1092071,1.57709
2022-02,Cresselia,0.0057759,17756.0,0.0162590161262408,1092071,0.5775899999999999
2022-02,Cursola,0.000884,3713.0,0.0033999620903769,1092071,0.0884
2022-02,Darmanitan,0.0007787,23252.0,0.0212916559454467,1092071,0.07787
2022-02,Decidueye,0.0004551,11753.0,0.0107621207778615,1092071,0.04551
2022-02,Dhelmise,0.000118,5316.0,0.0048678153709786,1092071,0.0118
2022-02,Diggersby,0.0017591,10887.0,0.0099691320436125,1092071,0.17591
2022-02,Ditto,0.0025745,39461.0,0.0361340975083121,1092071,0.25745
2022-02,Dracozolt,0.0103416,38255.0,0.0350297737051895,1092071,1.03416
2022-02,Dragapult,0.17518,444193.0,0.4067437007300807,1092071,17.518
2022-02,Dragonite,0.1167026,202041.0,0.1850072019126961,1092071,11.67026
2022-02,Drampa,0.001054,3418.0,0.0031298331335599,1092071,0.10540000000000001
2022-02,Drifblim,0.000139,4307.0,0.0039438827695268,1092071,0.0139
2022-02,Druddigon,0.0002554,11054.0,0.0101220525039122,1092071,0.025539999999999997
2022-02,Dusclops,0.0001569,8492.0,0.0077760511908108,1092071,0.01569
2022-02,Eldegoss,0.0008547,3617.0,0.003312055717989,1092071,0.08547
2022-02,Electivire,0.0001126,8933.0,0.0081798710889676,1092071,0.01126
2022-02,Entei,0.0007101,12080.0,0.0110615518588077,1092071,0.07100999999999999
2022-02,Espeon,0.0008615,29421.0,0.0269405560627468,1092071,0.08614999999999999
2022-02,Excadrill,0.0341775,110500.0,0.1011838973839613,1092071,3.41775
2022-02,Exploud,0.0005118,4281.0,0.0039200747936718,1092071,0.051179999999999996
2022-02,Ferroseed,0.0008379,816.0,0.0007472041652969,1092071,0.08379
2022-02,Ferrothorn,0.3242211,483068.0,0.4423412030902752,1092071,32.422109999999996
2022-02,Flapple,0.0002679,2273.0,0.0020813665045587,1092071,0.02679
2022-02,Flygon,0.0001927,15487.0,0.0141813123871982,1092071,0.01927
2022-02,Froslass,0.0006755,8463.0,0.0077494961408186,1092071,0.06755
2022-02,Frosmoth,0.0001101,5366.0,0.0049135999399306,1092071,0.01101
2022-02,Galvantula,0.0034247,38757.0,0.0354894507774677,1092071,0.34247
2022-02,Garchomp,0.1877198,377459.0,0.3456359522412004,1092071,18.77198
2022-02,Gardevoir,0.0004472,24436.0,0.0223758345382305,1092071,0.044719999999999996
2022-02,Gastrodon,0.0238633,33973.0,0.0311087832201386,1092071,2.38633
2022-02,Gengar,0.009723,103242.0,0.0945378093548862,1092071,0.9723
2022-02,Gigalith,0.0022185,6377.0,0.0058393639241404,1092071,0.22185
2022-02,Glaceon,0.000219,4181.0,0.0038285056557678,1092071,0.021900000000000003
2022-02,Glastrier,0.0012943,7402.0,0.0067779475876568,1092071,0.12943
2022-02,Golisopod,0.0001611,13318.0,0.0121951777860596,1092071,0.016110000000000003
2022-02,Golurk,0.0004516,7721.0,0.0070700531375707,1092071,0.045160000000000006
2022-02,Goodra,0.0002855,24445.0,0.0223840757606419,1092071,0.02855
2022-02,Grimmsnarl,0.0029283,41437.0,0.0379435036732959,1092071,0.29283
2022-02,Gyarados,0.0018823,48254.0,0.0441857718042141,1092071,0.18823
2022-02,Hatterene,0.0146815,64729.0,0.0592717872739043,1092071,1.46815
2022-02,Hawlucha,0.0228544,98313.0,0.0900243665475962,1092071,2.28544
2022-02,Haxorus,0.0055155,17247.0,0.0157929292143093,1092071,0.55155
2022-02,Heatran,0.2388496,336358.0,0.308000120871262,1092071,23.88496
2022-02,Heliolisk,0.0001236,11722.0,0.0107337343451112,1092071,0.01236
2022-02,Heracross,0.000182,13858.0,0.0126896511307414,1092071,0.0182
2022-02,Hippowdon,0.0656297,86225.0,0.0789554891577562,1092071,6.56297
2022-02,Hydreigon,0.0296674,62834.0,0.0575365521106228,1092071,2.96674
2022-02,Incineroar,0.0006346,36105.0,0.0330610372402526,1092071,0.06346
2022-02,Indeedee,0.00025,7148.0,0.0065453619773805,1092071,0.025
2022-02,Indeedee-F,0.0001514,2392.0,0.0021903337786645,1092071,0.015139999999999999
2022-02,Inteleon,0.0012409,17073.0,0.0156335989143563,1092071,0.12409
2022-02,Jellicent,0.0012541,9321.0,0.0085351593440353,1092071,0.12541
2022-02,Jirachi,0.0210146,57533.0,0.0526824721103298,1092071,2.1014600000000003
2022-02,Jolteon,0.0003324,16785.0,0.0153698797971926,1092071,0.03324
2022-02,Kartana,0.1877453,339284.0,0.3106794338463342,1092071,18.77453
2022-02,Keldeo,0.0233053,26953.0,0.0246806297392751,1092071,2.33053
2022-02,Kingdra,0.0024567,27191.0,0.0248985642874868,1092071,0.24567
2022-02,Klefki,0.0012871,16103.0,0.0147453782766871,1092071,0.12871
2022-02,Kommo-o,0.0137918,63867.0,0.0584824613051715,1092071,1.37918
2022-02,Krookodile,0.003906,32515.0,0.0297737051894977,1092071,0.3906
2022-02,Landorus-Therian,0.5394059,723050.0,0.6620906516151422,1092071,53.94059
2022-02,Latias,0.003052,23693.0,0.0216954758436035,1092071,0.3052
2022-02,Latios,0.0170589,61737.0,0.0565320386678155,1092071,1.70589
2022-02,Lucario,0.0007235,33408.0,0.0305914175909808,1092071,0.07235
2022-02,Ludicolo,0.0002015,9150.0,0.0083785761182194,1092071,0.020149999999999998
2022-02,Lurantis,0.0001411,6221.0,0.0056965160690101,1092071,0.01411
2022-02,Lycanroc-Dusk,0.0008215,20408.0,0.0186874296634559,1092071,0.08215
2022-02,Magnezone,0.0551371,153908.0,0.1409322287653458,1092071,5.5137100000000006
2022-02,Mamoswine,0.0158869,65319.0,0.0598120451875381,1092071,1.58869
2022-02,Mandibuzz,0.0377885,59141.0,0.0541549038478267,1092071,3.7788500000000003
2022-02,Mantine,0.0002569,7708.0,0.0070581491496432,1092071,0.02569
2022-02,Marowak-Alola,0.0078523,27725.0,0.0253875434838943,1092071,0.78523
2022-02,Melmetal,0.1320344,223154.0,0.2043401939983755,1092071,13.20344
2022-02,Mesprit,0.0005525,1509.0,0.0013817782909719,1092071,0.05525000000000001
2022-02,Metagross,0.0003808,30063.0,0.0275284299280907,1092071,0.038079999999999996
2022-02,Mew,0.0458024,133948.0,0.1226550288396999,1092071,4.58024
2022-02,Mienshao,0.0012828,23482.0,0.021502264962626,1092071,0.12828
2022-02,Milotic,0.0019398,29847.0,0.027330640590218,1092071,0.19397999999999999
2022-02,Miltank,0.0004644,3560.0,0.0032598613093837,1092071,0.04644
2022-02,Mimikyu,0.0011403,39038.0,0.0357467600549781,1092071,0.11402999999999999
2022-02,Moltres,0.0043545,24714.0,0.0226303967416037,1092071,0.43545
2022-02,Moltres-Galar,0.0799751,51292.0,0.0469676422137388,1092071,7.997509999999999
2022-02,Necrozma,0.0047572,17903.0,0.0163936227589598,1092071,0.47572
2022-02,Nidoking,0.0327415,90155.0,0.0825541562773849,1092071,3.27415
2022-02,Nidoqueen,0.0001293,6475.0,0.0059291016792864,1092071,0.01293
2022-02,Nihilego,0.0276141,42660.0,0.0390633942298623,1092071,2.7614099999999997
2022-02,Ninetales,0.0001264,14864.0,0.0136108366580561,1092071,0.01264
2022-02,Ninetales-Alola,0.0588102,120788.0,0.1106045302915286,1092071,5.88102
2022-02,Ninjask,0.0001078,7488.0,0.0068566970462543,1092071,0.01078
2022-02,Obstagoon,0.001187,17592.0,0.0161088427400782,1092071,0.11869999999999999
2022-02,Omastar,0.0028365,8334.0,0.0076313719529224,1092071,0.28365
2022-02,Pangoro,0.0002741,3313.0,0.0030336855387607,1092071,0.02741
2022-02,Pelipper,0.0582324,165434.0,0.1514864876001652,1092071,5.823239999999999
2022-02,Pikachu,0.0001168,8353.0,0.0076487700891242,1092071,0.011680000000000001
2022-02,Politoed,0.000341,14883.0,0.0136282347942578,1092071,0.0341
2022-02,Polteageist,0.0076395,31581.0,0.028918449441474,1092071,0.7639499999999999
2022-02,Porygon-Z,0.0036245,30446.0,0.0278791397262632,1092071,0.36245
2022-02,Porygon2,0.0067399,31744.0,0.0290677071362576,1092071,0.67399
2022-02,Primarina,0.0041805,21971.0,0.020118655288896,1092071,0.41805000000000003
2022-02,Pyukumuku,0.0002444,8871.0,0.0081230982234671,1092071,0.024439999999999996
2022-02,Quagsire,0.0304869,30834.0,0.0282344279813308,1092071,3.04869
2022-02,Raichu-Alola,0.0006178,13040.0,0.0119406155826864,1092071,0.061779999999999995
2022-02,Raikou,0.0021753,8357.0,0.0076524328546404,1092071,0.21752999999999997
2022-02,Regidrago,0.0001695,10496.0,0.0096110967144077,1092071,0.01695
2022-02,Regieleki,0.0322703,181474.0,0.1661741773199727,1092071,3.22703
2022-02,Regigigas,0.0001771,5238.0,0.0047963914434134,1092071,0.01771
2022-02,Reuniclus,0.0139577,30701.0,0.0281126410279185,1092071,1.39577
2022-02,Rhyperior,0.0006562,13741.0,0.0125825152393937,1092071,0.06562
2022-02,Ribombee,0.0029294,15082.0,0.0138104573786869,1092071,0.29294
2022-02,Rillaboom,0.0665812,225333.0,0.2063354855133045,1092071,6.658119999999999
2022-02,Roserade,0.0002813,12853.0,0.0117693812948059,1092071,0.028130000000000002
2022-02,Rotom-Frost,0.002056,3809.0,0.0034878684627647,1092071,0.2056
2022-02,Rotom-Heat,0.003791,35601.0,0.0325995287852163,1092071,0.3791
2022-02,Rotom-Mow,0.0002136,5823.0,0.005332070900152,1092071,0.021359999999999997
2022-02,Rotom-Wash,0.05735,99440.0,0.0910563507317747,1092071,5.734999999999999
2022-02,Sableye,0.0001472,9991.0,0.0091486725679923,1092071,0.01472
2022-02,Salamence,0.0016291,39208.0,0.0359024275894149,1092071,0.16291
2022-02,Salazzle,0.0002982,25667.0,0.0235030506258292,1092071,0.02982
2022-02,Sandslash,0.0007686,1306.0,0.0011958929410267,1092071,0.07686
2022-02,Sandslash-Alola,0.0002235,8929.0,0.0081762083234514,1092071,0.022350000000000002
2022-02,Scizor,0.0335325,158477.0,0.1451160226761813,1092071,3.35325
2022-02,Scolipede,0.0003402,18135.0,0.0166060631588971,1092071,0.034019999999999995
2022-02,Scrafty,0.0001688,6893.0,0.0063118606757252,1092071,0.016880000000000003
2022-02,Scyther,0.0040659,5887.0,0.0053906751484106,1092071,0.40659
2022-02,Seismitoad,0.0275387,66051.0,0.0604823312769957,1092071,2.75387
2022-02,Sharpedo,0.0006201,11151.0,0.0102108745676792,1092071,0.062009999999999996
2022-02,Shedinja,0.0141856,17399.0,0.0159321143039234,1092071,1.41856
2022-02,Shiftry,0.000168,4834.0,0.0044264521262811,1092071,0.0168
2022-02,Shuckle,0.004691,41725.0,0.0382072227904595,1092071,0.46909999999999996
2022-02,Skarmory,0.0592677,62034.0,0.0568039990073905,1092071,5.92677
2022-02,Slowbro,0.0789468,164819.0,0.1509233374020553,1092071,7.89468
2022-02,Slowbro-Galar,0.0018664,20991.0,0.0192212777374364,1092071,0.18664
2022-02,Slowking,0.0349612,56420.0,0.0516633076054578,1092071,3.49612
2022-02,Slowking-Galar,0.070359,128188.0,0.1173806464964274,1092071,7.035900000000001
2022-02,Slurpuff,0.0005445,21336.0,0.0195371912632054,1092071,0.05445
2022-02,Snorlax,0.000564,30054.0,0.0275201887056793,1092071,0.056400000000000006
2022-02,Stakataka,0.001072,16187.0,0.0148222963525265,1092071,0.1072
2022-02,Starmie,0.0005908,14977.0,0.0137143097838876,1092071,0.05908000000000001
2022-02,Steelix,0.0002161,8952.0,0.0081972692251694,1092071,0.02161
2022-02,Suicune,0.0120599,19387.0,0.0177525087654557,1092071,1.2059900000000001
2022-02,Swampert,0.0136359,66196.0,0.0606151065269565,1092071,1.3635899999999999
2022-02,Sylveon,0.0003602,19007.0,0.0174045460414203,1092071,0.036019999999999996
2022-02,Talonflame,0.000366,11170.0,0.0102282727038809,1092071,0.0366
2022-02,Tangrowth,0.0096252,43743.0,0.040055087993363,1092071,0.96252
2022-02,Tapu Bulu,0.0189002,22422.0,0.0205316321008432,1092071,1.8900199999999998
2022-02,Tapu Fini,0.1321591,230100.0,0.21070058631719,1092071,13.215910000000001
2022-02,Tapu Koko,0.0969544,176207.0,0.1613512308265671,1092071,9.69544
2022-02,Tapu Lele,0.1623935,264496.0,0.2421967069906627,1092071,16.239349999999998
2022-02,Tentacruel,0.000293,21868.0,0.0200243390768548,1092071,0.029300000000000003
2022-02,Terrakion,0.0029321,19345.0,0.017714049727536,1092071,0.29320999999999997
2022-02,Thundurus,0.0013301,15635.0,0.0143168347112962,1092071,0.13301000000000002
2022-02,Thundurus-Therian,0.004385,27940.0,0.025584417130388,1092071,0.4385
2022-02,Togekiss,0.0023712,60120.0,0.0550513657079072,1092071,0.23712
2022-02,Torkoal,0.010106,48554.0,0.0444604792179263,1092071,1.0106
2022-02,Tornadus,0.0002479,2748.0,0.0025163199096029,1092071,0.02479
2022-02,Tornadus-Therian,0.1704503,164259.0,0.1504105502297927,1092071,17.04503
2022-02,Toxapex,0.1790191,281723.0,0.2579713223773912,1092071,17.901909999999997
2022-02,Toxicroak,0.0001261,13387.0,0.0122583604912134,1092071,0.01261
2022-02,Toxtricity,0.0023422,20436.0,0.018713069022069,1092071,0.23422
2022-02,Turtonator,0.0003584,5948.0,0.0054465323225321,1092071,0.03584
2022-02,Tyranitar,0.0778854,179772.0,0.164615670592846,1092071,7.788539999999999
2022-02,Tyrantrum,0.0026163,7131.0,0.0065297952239369,1092071,0.26163
2022-02,Umbreon,0.0046935,35975.0,0.0329419973609774,1092071,0.46935
2022-02,Urshifu-Rapid-Strike,0.115353,276107.0,0.2528287995927005,1092071,11.5353
2022-02,Uxie,0.0001083,12173.0,0.0111467111570584,1092071,0.010830000000000001
2022-02,Vanilluxe,0.0004235,5935.0,0.0054346283346046,1092071,0.04235
2022-02,Vaporeon,0.0001639,12323.0,0.0112840648639145,1092071,0.01639
2022-02,Venusaur,0.0095252,51344.0,0.0470152581654489,1092071,0.9525199999999999
2022-02,Victini,0.0277293,100583.0,0.0921029859780179,1092071,2.7729299999999997
2022-02,Vikavolt,0.0041804,6869.0,0.0062898840826283,1092071,0.41803999999999997
2022-02,Volcanion,0.1114536,66000.0,0.0604356310166646,1092071,11.14536
2022-02,Volcarona,0.0672184,225097.0,0.206119382347851,1092071,6.721839999999999
2022-02,Weavile,0.2860748,281689.0,0.2579401888705038,1092071,28.607480000000002
2022-02,Weezing,0.0004333,3857.0,0.0035318216489587,1092071,0.04333
2022-02,Weezing-Galar,0.0026705,11731.0,0.0107419755675226,1092071,0.26705
2022-02,Whimsicott,0.0005364,20594.0,0.0188577482599574,1092071,0.05364
2022-02,Xatu,0.0010576,11279.0,0.0103280830641963,1092071,0.10575999999999999
2022-02,Xurkitree,0.0006641,14826.0,0.0135760403856525,1092071,0.06641000000000001
2022-02,Zapdos,0.1817931,263437.0,0.2412269898202589,1092071,18.17931
2022-02,Zapdos-Galar,0.0465963,132057.0,0.1209234564419346,1092071,4.65963
2022-02,Zarude,0.0024738,14706.0,0.0134661574201677,1092071,0.24738
2022-02,Zeraora,0.0801293,180592.0,0.1653665375236591,1092071,8.01293
2022-02,Zoroark,0.0011536,29526.0,0.027036703657546,1092071,0.11536
2022-02,Zygarde-10%,0.0008916,8674.0,0.0079427070217962,1092071,0.08916
2022-02,aromatisse,0.0,0.0,0.0,1092071,0.0
2022-02,dialga,0.0,0.0,0.0,1092071,0.0
2022-02,dracovish,0.0,0.0,0.0,1092071,0.0
2022-02,eternatus,0.0,0.0,0.0,1092071,0.0
2022-02,garbodor,0.0,0.0,0.0,1092071,0.0
2022-02,genesect,0.0,0.0,0.0,1092071,0.0
2022-02,giratina,0.0,0.0,0.0,1092071,0.0
2022-02,glalie,0.0,0.0,0.0,1092071,0.0
2022-02,gourgeist,0.0,0.0,0.0,1092071,0.0
2022-02,groudon,0.0,0.0,0.0,1092071,0.0
2022-02,heatmor,0.0,0.0,0.0,1092071,0.0
2022-02,ho-oh,0.0,0.0,0.0,1092071,0.0
2022-02,kyogre,0.0,0.0,0.0,1092071,0.0
2022-02,landorus,0.0,0.0,0.0,1092071,0.0
2022-02,lugia,0.0,0.0,0.0,1092071,0.0
2022-02,lunala,0.0,0.0,0.0,1092071,0.0
2022-02,lunatone,0.0,0.0,0.0,1092071,0.0
2022-02,marshadow,0.0,0.0,0.0,1092071,0.0
2022-02,mewtwo,0.0,0.0,0.0,1092071,0.0
2022-02,mr-rime,0.0,0.0,0.0,1092071,0.0
2022-02,musharna,0.0,0.0,0.0,1092071,0.0
2022-02,naganadel,0.0,0.0,0.0,1092071,0.0
2022-02,oranguru,0.0,0.0,0.0,1092071,0.0
2022-02,palkia,0.0,0.0,0.0,1092071,0.0
2022-02,passimian,0.0,0.0,0.0,1092071,0.0
2022-02,pheromosa,0.0,0.0,0.0,1092071,0.0
2022-02,pinsir,0.0,0.0,0.0,1092071,0.0
2022-02,raichu,0.0,0.0,0.0,1092071,0.0
2022-02,rayquaza,0.0,0.0,0.0,1092071,0.0
2022-02,reshiram,0.0,0.0,0.0,1092071,0.0
2022-02,rotom,0.0,0.0,0.0,1092071,0.0
2022-02,seaking,0.0,0.0,0.0,1092071,0.0
2022-02,sirfetchd,0.0,0.0,0.0,1092071,0.0
2022-02,skuntank,0.0,0.0,0.0,1092071,0.0
2022-02,solgaleo,0.0,0.0,0.0,1092071,0.0
2022-02,solrock,0.0,0.0,0.0,1092071,0.0
2022-02,sudowoodo,0.0,0.0,0.0,1092071,0.0
2022-02,throh,0.0,0.0,0.0,1092071,0.0
2022-02,whiscash,0.0,0.0,0.0,1092071,0.0
2022-02,wobbuffet,0.0,0.0,0.0,1092071,0.0
2022-02,xerneas,0.0,0.0,0.0,1092071,0.0
2022-02,yveltal,0.0,0.0,0.0,1092071,0.0
2022-02,zacian,0.0,0.0,0.0,1092071,0.0
2022-02,zamazenta,0.0,0.0,0.0,1092071,0.0
2022-02,zekrom,0.0,0.0,0.0,1092071,0.0
2022-02,zygarde,0.0,0.0,0.0,1092071,0.0
2022-03,Aegislash,0.0228385,90244.0,0.0637646014747736,1415268,2.28385
2022-03,Aerodactyl,0.0001881,10841.0,0.0076600332940474,1415268,0.01881
2022-03,Aggron,0.0002278,10948.0,0.0077356373492511,1415268,0.02278
2022-03,Alakazam,0.0091461,53476.0,0.0377850696829151,1415268,0.91461
2022-03,Amoonguss,0.0110738,31633.0,0.022351243722037,1415268,1.10738
2022-03,Araquanid,0.0030069,21399.0,0.0151201044607805,1415268,0.30069
2022-03,Arcanine,0.00021,20632.0,0.0145781576351616,1415268,0.021
2022-03,Archeops,0.0001652,6943.0,0.004905784628777,1415268,0.01652
2022-03,Arctovish,0.0026313,8202.0,0.0057953687923418,1415268,0.26313000000000003
2022-03,Arctozolt,0.0195787,64770.0,0.0457651836966567,1415268,1.95787
2022-03,Aron,0.000195,5697.0,0.0040253860046295,1415268,0.0195
2022-03,Articuno-Galar,0.0004533,6083.0,0.0042981258673268,1415268,0.04533
2022-03,Audino,0.0035682,2825.0,0.0019960883733681,1415268,0.35682
2022-03,Aurorus,0.0028328,10314.0,0.0072876656576704,1415268,0.28328
2022-03,Avalugg,0.0047239,9704.0,0.006856651885014,1415268,0.47239
2022-03,Azelf,0.0004819,19614.0,0.0138588592407939,1415268,0.048190000000000004
2022-03,Azumarill,0.0050866,61824.0,0.0436835991487124,1415268,0.50866
2022-03,Barraskewda,0.0730649,201736.0,0.1425426138370965,1415268,7.30649
2022-03,Bisharp,0.0298719,188987.0,0.133534425988576,1415268,2.98719
2022-03,Blacephalon,0.0736233,229959.0,0.1624844199119884,1415268,7.36233
2022-03,Blastoise,0.0009972,27808.0,0.0196485753934943,1415268,0.09971999999999999
2022-03,Blaziken,0.0287866,148400.0,0.1048564653479058,1415268,2.87866
2022-03,Blissey,0.0809247,248007.0,0.1752367749429789,1415268,8.09247
2022-03,Bronzong,0.0002995,11109.0,0.0078493967220342,1415268,0.02995
2022-03,Buzzwole,0.0856772,193531.0,0.1367451253048892,1415268,8.56772
2022-03,Celesteela,0.0388472,80268.0,0.0567157598419521,1415268,3.8847199999999997
2022-03,Chandelure,0.000298,28511.0,0.020145301101982,1415268,0.029799999999999997
2022-03,Chansey,0.0185257,46531.0,0.0328778718942278,1415268,1.8525699999999998
2022-03,Charizard,0.0073469,39393.0,0.0278343041741917,1415268,0.73469
2022-03,Clawitzer,0.0005979,6745.0,0.0047658817976524,1415268,0.059789999999999996
2022-03,Claydol,0.0002288,7099.0,0.0050160111017842,1415268,0.02288
2022-03,Clefable,0.1500699,314631.0,0.2223119578765293,1415268,15.00699
2022-03,Cloyster,0.0151095,80990.0,0.0572259105695882,1415268,1.51095
2022-03,Cobalion,0.0002777,5974.0,0.0042211086522128,1415268,0.027769999999999996
2022-03,Comfey,0.0002212,7603.0,0.0053721273991922,1415268,0.02212
2022-03,Conkeldurr,0.0014931,45171.0,0.0319169231551903,1415268,0.14931
2022-03,Corsola-Galar,0.0003043,20742.0,0.0146558814302308,1415268,0.030430000000000002
2022-03,Corviknight,0.13383,387854.0,0.2740498619342768,1415268,13.383000000000001
2022-03,Crawdaunt,0.0367678,67131.0,0.0474334189708239,1415268,3.6767800000000004
2022-03,Cresselia,0.005826,25147.0,0.0177683661327748,1415268,0.5826
2022-03,Darmanitan,0.0022607,29576.0,0.020897808754243,1415268,0.22607
2022-03,Delibird,0.0022719,971.0,0.0006860891364745,1415268,0.22718999999999998
2022-03,Dhelmise,0.0002185,7516.0,0.005310654943092,1415268,0.02185
2022-03,Diancie,0.0006873,14127.0,0.0099818550267511,1415268,0.06873
2022-03,Diggersby,0.0028207,14106.0,0.0099670168476924,1415268,0.28207000000000004
2022-03,Ditto,0.0159609,43861.0,0.0309913034139117,1415268,1.59609
2022-03,Dracozolt,0.0057477,53011.0,0.037456510003759,1415268,0.57477
2022-03,Dragapult,0.1542806,549145.0,0.3880148494843379,1415268,15.428059999999999
2022-03,Dragonite,0.0779595,256897.0,0.1815182707444809,1415268,7.79595
2022-03,Drampa,0.0004505,4150.0,0.0029323068139744,1415268,0.04505
2022-03,Drapion,0.0001888,11313.0,0.0079935390328898,1415268,0.01888
2022-03,Drednaw,0.0001281,2487.0,0.0017572643485191,1415268,0.01281
2022-03,Druddigon,0.0032843,10081.0,0.0071230325281148,1415268,0.32843
2022-03,Dugtrio-Alola,0.000143,1348.0,0.0009524697795753,1415268,0.0143
2022-03,Eiscue,0.0001495,11670.0,0.0082457880768872,1415268,0.01495
2022-03,Entei,0.0006514,13440.0,0.0094964345975461,1415268,0.06514
2022-03,Espeon,0.0046045,33124.0,0.0234047544352023,1415268,0.46045
2022-03,Excadrill,0.0187325,138917.0,0.0981559676329854,1415268,1.8732499999999999
2022-03,Exploud,0.0003332,6048.0,0.0042733955688957,1415268,0.03332
2022-03,Falinks,0.0002146,3658.0,0.0025846694760285,1415268,0.02146
2022-03,Ferrothorn,0.2917899,637592.0,0.4505097267796629,1415268,29.17899
2022-03,Flygon,0.0005704,15230.0,0.0107612127173086,1415268,0.05704
2022-03,Gallade,0.0002135,7788.0,0.0055028446908995,1415268,0.02135
2022-03,Galvantula,0.0002293,45930.0,0.0324532173411678,1415268,0.02293
2022-03,Garchomp,0.1262134,483518.0,0.3416441267660966,1415268,12.62134
2022-03,Gardevoir,0.0005004,25446.0,0.017979633539372,1415268,0.05004
2022-03,Gastrodon,0.0362808,50076.0,0.0353826978353216,1415268,3.62808
2022-03,Gengar,0.0043038,113604.0,0.0802703092276515,1415268,0.43038
2022-03,Gigalith,0.0007466,7859.0,0.0055530118677169,1415268,0.07466
2022-03,Glaceon,0.0001723,4912.0,0.0034707207398174,1415268,0.01723
2022-03,Glastrier,0.0078043,8277.0,0.0058483622889798,1415268,0.78043
2022-03,Golisopod,0.0002028,14294.0,0.0100998538792652,1415268,0.02028
2022-03,Golurk,0.0003062,8322.0,0.0058801583869627,1415268,0.03062
2022-03,Goodra,0.0004054,28378.0,0.0200513259679438,1415268,0.04054
2022-03,Grimmsnarl,0.0014579,50340.0,0.0355692349434877,1415268,0.14579
2022-03,Gyarados,0.0012998,54352.0,0.0384040337236481,1415268,0.12998
2022-03,Hatterene,0.006794,78779.0,0.0556636622886972,1415268,0.6794
2022-03,Hawlucha,0.0303058,128370.0,0.0907036688457592,1415268,3.03058
2022-03,Haxorus,0.0005427,19015.0,0.0134356178476444,1415268,0.05427
2022-03,Heatran,0.2580573,465953.0,0.3292330498534553,1415268,25.80573
2022-03,Heliolisk,0.0112517,21328.0,0.0150699372839631,1415268,1.12517
2022-03,Heracross,0.0003029,12782.0,0.0090315049870413,1415268,0.030289999999999997
2022-03,Hippowdon,0.0550794,114916.0,0.0811973421288406,1415268,5.50794
2022-03,Hitmontop,0.0001768,9015.0,0.0063698182958987,1415268,0.017679999999999998
2022-03,Hydreigon,0.0365969,89269.0,0.0630756860184784,1415268,3.6596900000000003
2022-03,Incineroar,0.0012591,44438.0,0.0313990000480474,1415268,0.12591
2022-03,Indeedee,0.000118,8431.0,0.0059571756020767,1415268,0.0118
2022-03,Indeedee-F,0.0001297,3370.0,0.0023811744489382,1415268,0.01297
2022-03,Jellicent,0.0011347,11977.0,0.0084627081231257,1415268,0.11347
2022-03,Jirachi,0.021346,68444.0,0.0483611584519681,1415268,2.1346
2022-03,Jolteon,0.0002761,18864.0,0.013328924274413,1415268,0.02761
2022-03,Kangaskhan,0.0001739,1752.0,0.0012379280814658,1415268,0.01739
2022-03,Kartana,0.2273877,467494.0,0.3303218895643793,1415268,22.73877
2022-03,Keldeo,0.0090252,32576.0,0.0230175486197667,1415268,0.9025200000000001
2022-03,Kingdra,0.001511,34967.0,0.0247069812925891,1415268,0.15109999999999998
2022-03,Klefki,0.0008032,20841.0,0.0147258328457931,1415268,0.08032
2022-03,Kommo-o,0.0091356,86014.0,0.0607757682643852,1415268,0.91356
2022-03,Krookodile,0.0024643,37966.0,0.0268260145781576,1415268,0.24643
2022-03,Landorus-Therian,0.5895405,986335.0,0.6969245400871071,1415268,58.95405
2022-03,Latias,0.0019387,29824.0,0.0210730405831263,1415268,0.19387000000000001
2022-03,Latios,0.0091733,73473.0,0.051914549046541,1415268,0.9173300000000001
2022-03,Linoone,0.0001768,8722.0,0.0061627903690325,1415268,0.017679999999999998
2022-03,Lucario,0.0002808,34951.0,0.0246956760133063,1415268,0.02808
2022-03,Ludicolo,0.0003474,12728.0,0.0089933496694618,1415268,0.03474
2022-03,Lycanroc,0.0001079,3569.0,0.002521783860018,1415268,0.01079
2022-03,Lycanroc-Dusk,0.0014923,26150.0,0.0184770658278149,1415268,0.14923
2022-03,Machamp,0.0007264,12571.0,0.0088824166164994,1415268,0.07264
2022-03,Magnezone,0.0547898,181761.0,0.1284286792324845,1415268,5.47898
2022-03,Mamoswine,0.0082243,76826.0,0.0542837116362413,1415268,0.82243
2022-03,Mandibuzz,0.0266336,76952.0,0.0543727407105933,1415268,2.66336
2022-03,Marowak,0.0077035,2001.0,0.0014138664903043,1415268,0.77035
2022-03,Marowak-Alola,0.0047934,37438.0,0.0264529403618254,1415268,0.47934
2022-03,Melmetal,0.1358814,308328.0,0.2178583844190641,1415268,13.588140000000001
2022-03,Metagross,0.0006294,32408.0,0.0228988431872973,1415268,0.06294
2022-03,Mew,0.0483793,160728.0,0.1135671830352979,1415268,4.83793
2022-03,Mienshao,0.0013497,28653.0,0.0202456354556168,1415268,0.13496999999999998
2022-03,Milotic,0.00095,34159.0,0.024136064688808,1415268,0.095
2022-03,Mimikyu,0.0008934,44685.0,0.0315735252969755,1415268,0.08934
2022-03,Moltres,0.0049033,34204.0,0.0241678607867909,1415268,0.49033000000000004
2022-03,Moltres-Galar,0.0375423,66028.0,0.0466540612802663,1415268,3.75423
2022-03,Mudsdale,0.0001162,6339.0,0.0044790103358515,1415268,0.01162
2022-03,Necrozma,0.0069273,26331.0,0.0186049567997015,1415268,0.69273
2022-03,Nidoking,0.0309267,125752.0,0.0888538425231122,1415268,3.09267
2022-03,Nidoqueen,0.0002626,6111.0,0.0043179101060717,1415268,0.02626
2022-03,Nihilego,0.0347883,67098.0,0.0474101018323031,1415268,3.4788300000000003
2022-03,Ninetales,0.0002694,18388.0,0.0129925922157499,1415268,0.02694
2022-03,Ninetales-Alola,0.0640268,169112.0,0.1194911493794814,1415268,6.402679999999999
2022-03,Ninjask,0.0003063,6832.0,0.0048273542537526,1415268,0.03063
2022-03,Obstagoon,0.002067,24014.0,0.016967811043562,1415268,0.2067
2022-03,Omastar,0.011933,10835.0,0.0076557938143164,1415268,1.1932999999999998
2022-03,Pangoro,0.0001435,4450.0,0.0031442808005268,1415268,0.01435
2022-03,Pelipper,0.080715,229654.0,0.1622689130256601,1415268,8.0715
2022-03,Pikachu,0.0002751,9853.0,0.006961932298335,1415268,0.027510000000000003
2022-03,Politoed,0.0002092,18743.0,0.0132434280998369,1415268,0.020919999999999998
2022-03,Poliwrath,0.0002033,5891.0,0.0041624625159333,1415268,0.02033
2022-03,Polteageist,0.0067469,38203.0,0.026993474027534,1415268,0.67469
2022-03,Porygon-Z,0.0018916,34603.0,0.0244497861889055,1415268,0.18916
2022-03,Porygon2,0.0043007,42207.0,0.0298226201680529,1415268,0.43007
2022-03,Primarina,0.0022145,27068.0,0.0191257062266651,1415268,0.22144999999999998
2022-03,Pyukumuku,0.0005238,11204.0,0.0079165218177758,1415268,0.05238
2022-03,Quagsire,0.0254005,36776.0,0.0259851844314999,1415268,2.54005
2022-03,Raboot,0.0003016,1654.0,0.0011686832458587,1415268,0.030160000000000003
2022-03,Raichu-Alola,0.0020636,14985.0,0.0105881006282908,1415268,0.20636000000000002
2022-03,Raikou,0.0149225,10171.0,0.0071866247240805,1415268,1.49225
2022-03,Regidrago,0.0016522,13316.0,0.0094088186831045,1415268,0.16522
2022-03,Regieleki,0.0567876,249955.0,0.176613192695659,1415268,5.6787600000000005
2022-03,Regirock,0.0001798,6581.0,0.0046500026850038,1415268,0.01798
2022-03,Registeel,0.0002279,9177.0,0.006484284248637,1415268,0.02279
2022-03,Reuniclus,0.0191308,38221.0,0.0270061924667271,1415268,1.91308
2022-03,Rhydon,0.0001588,3730.0,0.0026355432328011,1415268,0.015880000000000002
2022-03,Rhyperior,0.0008041,17817.0,0.0125891350613452,1415268,0.08041
2022-03,Ribombee,0.0003134,18866.0,0.0133303374343233,1415268,0.03134
2022-03,Rillaboom,0.0883443,309663.0,0.2188016686592221,1415268,8.83443
2022-03,Rotom-Heat,0.002269,42040.0,0.0297046213155388,1415268,0.22690000000000002
2022-03,Rotom-Wash,0.0454276,127733.0,0.090253577414313,1415268,4.5427599999999995
2022-03,Salamence,0.0011487,39981.0,0.0282497731878343,1415268,0.11486999999999999
2022-03,Salazzle,0.0023243,30096.0,0.0212652303309337,1415268,0.23243
2022-03,Sandslash-Alola,0.0037089,9531.0,0.0067344135527688,1415268,0.37089
2022-03,Sceptile,0.000272,13558.0,0.0095798110322567,1415268,0.0272
2022-03,Scizor,0.0149523,191938.0,0.1356195434362961,1415268,1.49523
2022-03,Scolipede,0.0003419,20216.0,0.014284220373809,1415268,0.03419
2022-03,Scyther,0.0006039,6642.0,0.0046931040622694,1415268,0.06039
2022-03,Seismitoad,0.0387899,95335.0,0.0673618000265674,1415268,3.8789900000000004
2022-03,Sharpedo,0.0002283,12178.0,0.0086047306941158,1415268,0.02283
2022-03,Shedinja,0.0097413,20727.0,0.0146452827309032,1415268,0.9741299999999999
2022-03,Shiftry,0.0001464,4911.0,0.0034700141598623,1415268,0.01464
2022-03,Shuckle,0.0024959,47030.0,0.0332304552918599,1415268,0.24959
2022-03,Skarmory,0.0389388,64061.0,0.0452642185084379,1415268,3.8938800000000002
2022-03,Slowbro,0.0965703,215484.0,0.1522566750608365,1415268,9.657029999999999
2022-03,Slowbro-Galar,0.0079115,30342.0,0.0214390489999067,1415268,0.79115
2022-03,Slowking,0.0430132,81163.0,0.0573481489018334,1415268,4.3013200000000005
2022-03,Slowking-Galar,0.0764218,191722.0,0.1354669221659784,1415268,7.64218
2022-03,Slurpuff,0.0138503,25713.0,0.0181682903874036,1415268,1.38503
2022-03,Snorlax,0.0005387,33387.0,0.0235905849634132,1415268,0.05387
2022-03,Stakataka,0.0142399,18746.0,0.0132455478397024,1415268,1.4239899999999999
2022-03,Starmie,0.0050756,24783.0,0.0175111710290913,1415268,0.50756
2022-03,Steelix,0.0001358,9735.0,0.0068785558636244,1415268,0.01358
2022-03,Suicune,0.0131779,20912.0,0.0147760000226105,1415268,1.31779
2022-03,Swampert,0.0163903,101478.0,0.0717023206912047,1415268,1.63903
2022-03,Swoobat,0.0001319,4603.0,0.0032523875336685,1415268,0.01319
2022-03,Sylveon,0.0004054,19932.0,0.0140835516665394,1415268,0.04054
2022-03,Talonflame,0.0003646,12182.0,0.0086075570139365,1415268,0.03646
2022-03,Tangrowth,0.0104236,48486.0,0.034259235706594,1415268,1.04236
2022-03,Tapu Bulu,0.0257785,33082.0,0.023375078077085,1415268,2.5778499999999998
2022-03,Tapu Fini,0.1332507,335956.0,0.237379775420627,1415268,13.32507
2022-03,Tapu Koko,0.1862998,251307.0,0.177568488795055,1415268,18.62998
2022-03,Tapu Lele,0.1497762,341108.0,0.2410200753496864,1415268,14.97762
2022-03,Tentacruel,0.0007532,25449.0,0.0179817532792375,1415268,0.07532
2022-03,Terrakion,0.0024729,21838.0,0.0154302930611022,1415268,0.24729
2022-03,Thundurus,0.0004681,21330.0,0.0150713504438735,1415268,0.04681
2022-03,Thundurus-Therian,0.0088803,40362.0,0.0285189801507559,1415268,0.8880300000000001
2022-03,Togedemaru,0.0004788,12236.0,0.008645712331516,1415268,0.04788
2022-03,Togekiss,0.0059627,62661.0,0.0442750065711935,1415268,0.59627
2022-03,Torkoal,0.0197227,62585.0,0.0442213064946003,1415268,1.97227
2022-03,Tornadus,0.0001589,3353.0,0.0023691625897003,1415268,0.01589
2022-03,Tornadus-Therian,0.1906491,292657.0,0.2067855699415234,1415268,19.064909999999998
2022-03,Toxapex,0.1678799,357742.0,0.2527733263240602,1415268,16.78799
2022-03,Toxicroak,0.0003313,14866.0,0.0105040176136251,1415268,0.03313
2022-03,Toxtricity,0.0060046,34835.0,0.024613712738506,1415268,0.60046
2022-03,Tsareena,0.000131,10008.0,0.007071452191387,1415268,0.0131
2022-03,Tyranitar,0.0529598,223990.0,0.1582668441595514,1415268,5.29598
2022-03,Tyrantrum,0.0011912,8945.0,0.0063203576990365,1415268,0.11911999999999999
2022-03,Umbreon,0.0068613,42311.0,0.0298961044833911,1415268,0.68613
2022-03,Urshifu-Rapid-Strike,0.1663514,364893.0,0.2578260795835135,1415268,16.63514
2022-03,Vanilluxe,0.0007177,6845.0,0.0048365397931699,1415268,0.07177
2022-03,Vaporeon,0.0006421,15272.0,0.0107908890754259,1415268,0.06421
2022-03,Venusaur,0.0146801,61035.0,0.0431261075640797,1415268,1.46801
2022-03,Victini,0.0436804,139641.0,0.0986675315205318,1415268,4.36804
2022-03,Vikavolt,0.000856,7266.0,0.0051340099542984,1415268,0.0856
2022-03,Vileplume,0.0001902,6001.0,0.0042401863110025,1415268,0.01902
2022-03,Volcanion,0.0494316,86475.0,0.0611015016237207,1415268,4.94316
2022-03,Volcarona,0.0526241,279477.0,0.1974728461323226,1415268,5.26241
2022-03,Weavile,0.2345047,417078.0,0.2946989545442983,1415268,23.450470000000003
2022-03,Weezing-Galar,0.0009,15871.0,0.0112141304685755,1415268,0.09
2022-03,Whimsicott,0.0004816,22506.0,0.0159022884711588,1415268,0.04816
2022-03,Xatu,0.0012548,14277.0,0.0100878420200273,1415268,0.12547999999999998
2022-03,Xurkitree,0.0516819,18423.0,0.013017322514181,1415268,5.16819
2022-03,Zapdos,0.11937,327560.0,0.2314473301169813,1415268,11.937000000000001
2022-03,Zapdos-Galar,0.0309632,177821.0,0.1256447542090968,1415268,3.09632
2022-03,Zarude,0.0021689,19492.0,0.0137726564862626,1415268,0.21689
2022-03,Zeraora,0.0998887,216069.0,0.1526700243346136,1415268,9.98887
2022-03,Zoroark,0.0012637,32398.0,0.0228917773877456,1415268,0.12637
2022-03,Zygarde-10%,0.0012504,12550.0,0.0088675784374408,1415268,0.12504
2022-03,aromatisse,0.0,0.0,0.0,1415268,0.0
2022-03,dialga,0.0,0.0,0.0,1415268,0.0
2022-03,dracovish,0.0,0.0,0.0,1415268,0.0
2022-03,eternatus,0.0,0.0,0.0,1415268,0.0
2022-03,garbodor,0.0,0.0,0.0,1415268,0.0
2022-03,genesect,0.0,0.0,0.0,1415268,0.0
2022-03,giratina,0.0,0.0,0.0,1415268,0.0
2022-03,glalie,0.0,0.0,0.0,1415268,0.0
2022-03,gourgeist,0.0,0.0,0.0,1415268,0.0
2022-03,groudon,0.0,0.0,0.0,1415268,0.0
2022-03,heatmor,0.0,0.0,0.0,1415268,0.0
2022-03,ho-oh,0.0,0.0,0.0,1415268,0.0
2022-03,kyogre,0.0,0.0,0.0,1415268,0.0
2022-03,landorus,0.0,0.0,0.0,1415268,0.0
2022-03,lugia,0.0,0.0,0.0,1415268,0.0
2022-03,lunala,0.0,0.0,0.0,1415268,0.0
2022-03,lunatone,0.0,0.0,0.0,1415268,0.0
2022-03,marshadow,0.0,0.0,0.0,1415268,0.0
2022-03,mewtwo,0.0,0.0,0.0,1415268,0.0
2022-03,mr-rime,0.0,0.0,0.0,1415268,0.0
2022-03,musharna,0.0,0.0,0.0,1415268,0.0
2022-03,naganadel,0.0,0.0,0.0,1415268,0.0
2022-03,oranguru,0.0,0.0,0.0,1415268,0.0
2022-03,palkia,0.0,0.0,0.0,1415268,0.0
2022-03,passimian,0.0,0.0,0.0,1415268,0.0
2022-03,pheromosa,0.0,0.0,0.0,1415268,0.0
2022-03,pinsir,0.0,0.0,0.0,1415268,0.0
2022-03,raichu,0.0,0.0,0.0,1415268,0.0
2022-03,rayquaza,0.0,0.0,0.0,1415268,0.0
2022-03,reshiram,0.0,0.0,0.0,1415268,0.0
2022-03,rotom,0.0,0.0,0.0,1415268,0.0
2022-03,seaking,0.0,0.0,0.0,1415268,0.0
2022-03,sirfetchd,0.0,0.0,0.0,1415268,0.0
2022-03,skuntank,0.0,0.0,0.0,1415268,0.0
2022-03,solgaleo,0.0,0.0,0.0,1415268,0.0
2022-03,solrock,0.0,0.0,0.0,1415268,0.0
2022-03,sudowoodo,0.0,0.0,0.0,1415268,0.0
2022-03,throh,0.0,0.0,0.0,1415268,0.0
2022-03,whiscash,0.0,0.0,0.0,1415268,0.0
2022-03,wobbuffet,0.0,0.0,0.0,1415268,0.0
2022-03,xerneas,0.0,0.0,0.0,1415268,0.0
2022-03,yveltal,0.0,0.0,0.0,1415268,0.0
2022-03,zacian,0.0,0.0,0.0,1415268,0.0
2022-03,zamazenta,0.0,0.0,0.0,1415268,0.0
2022-03,zekrom,0.0,0.0,0.0,1415268,0.0
2022-03,zygarde,0.0,0.0,0.0,1415268,0.0
2022-04,Accelgor,0.0001264,8561.0,0.0061810935503202,1385030,0.01264
2022-04,Aegislash,0.0385058,85916.0,0.0620318693457903,1385030,3.85058
2022-04,Aerodactyl,0.000449,10009.0,0.0072265582694959,1385030,0.0449
2022-04,Aggron,0.000311,10944.0,0.0079016338996267,1385030,0.031100000000000003
2022-04,Alakazam,0.0075186,54847.0,0.0395998642628679,1385030,0.75186
2022-04,Amoonguss,0.0018628,27637.0,0.0199540804170306,1385030,0.18628
2022-04,Araquanid,0.0005496,19393.0,0.0140018627755355,1385030,0.05496
2022-04,Arcanine,0.0002071,21071.0,0.0152133888796632,1385030,0.02071
2022-04,Archeops,0.0002432,6163.0,0.0044497231106907,1385030,0.02432
2022-04,Arctovish,0.0006661,6906.0,0.0049861735846876,1385030,0.06661
2022-04,Arctozolt,0.0225643,54809.0,0.0395724280340498,1385030,2.25643
2022-04,Articuno-Galar,0.000426,5599.0,0.0040425117145476,1385030,0.0426
2022-04,Audino,0.0015352,2616.0,0.001888767752323,1385030,0.15352
2022-04,Aurorus,0.0008275,6507.0,0.0046980931820971,1385030,0.08275
2022-04,Avalugg,0.0017738,8496.0,0.0061341631589207,1385030,0.17738
2022-04,Azelf,0.0004126,19963.0,0.0144134062078077,1385030,0.04126
2022-04,Azumarill,0.0184626,62239.0,0.0449369327740193,1385030,1.84626
2022-04,Barbaracle,0.001183,10306.0,0.0074409940578904,1385030,0.1183
2022-04,Barraskewda,0.0428137,190853.0,0.137797015227107,1385030,4.28137
2022-04,Bewear,0.0013894,7595.0,0.005483635733522,1385030,0.13894
2022-04,Bisharp,0.0460857,182324.0,0.1316390258694757,1385030,4.60857
2022-04,Blacephalon,0.0669804,217412.0,0.1569727731529281,1385030,6.69804
2022-04,Blastoise,0.0006442,26254.0,0.0189555460892543,1385030,0.06442
2022-04,Blaziken,0.0343806,140262.0,0.1012700085918716,1385030,3.4380599999999997
2022-04,Blissey,0.0977291,226686.0,0.1636686569965993,1385030,9.77291
2022-04,Boltund,0.0058575,4022.0,0.0029039082185945,1385030,0.58575
2022-04,Braviary,0.0003346,5675.0,0.0040973841721839,1385030,0.033460000000000004
2022-04,Bronzong,0.0008932,12167.0,0.0087846472639581,1385030,0.08932
2022-04,Buzzwole,0.1086327,211017.0,0.1523555446452423,1385030,10.86327
2022-04,Celebi,0.0001054,7214.0,0.005208551439319,1385030,0.01054
2022-04,Celesteela,0.0326092,73068.0,0.05275553598117,1385030,3.2609199999999996
2022-04,Centiskorch,0.000526,7935.0,0.0057291177808422,1385030,0.0526
2022-04,Chandelure,0.0002734,26725.0,0.0192956109253951,1385030,0.027339999999999996
2022-04,Chansey,0.0187991,45749.0,0.033031053478986,1385030,1.87991
2022-04,Charizard,0.0014735,38607.0,0.0278744864732171,1385030,0.14735
2022-04,Cinccino,0.0028094,8223.0,0.0059370555150429,1385030,0.28094
2022-04,Clawitzer,0.0006086,10783.0,0.0077853909301603,1385030,0.060860000000000004
2022-04,Clefable,0.2278754,303638.0,0.2192284643653928,1385030,22.78754
2022-04,Cloyster,0.0144608,72043.0,0.0520154798091016,1385030,1.44608
2022-04,Cobalion,0.0005024,9395.0,0.0067832465722764,1385030,0.05023999999999999
2022-04,Comfey,0.0002234,7725.0,0.0055774965163209,1385030,0.022340000000000002
2022-04,Conkeldurr,0.0022656,46642.0,0.0336758048562125,1385030,0.22656
2022-04,Corsola-Galar,0.0002896,17280.0,0.0124762640520421,1385030,0.02896
2022-04,Corviknight,0.1341748,368984.0,0.2664086698483065,1385030,13.417480000000001
2022-04,Crawdaunt,0.0335671,70747.0,0.0510797600051984,1385030,3.35671
2022-04,Cresselia,0.0087336,27988.0,0.0202075045305877,1385030,0.8733599999999999
2022-04,Crobat,0.0010182,16664.0,0.0120315083427795,1385030,0.10182
2022-04,Crustle,0.00011,4170.0,0.003010765109781,1385030,0.011000000000000001
2022-04,Cursola,0.0018697,4926.0,0.0035566016620578,1385030,0.18697
2022-04,Darmanitan,0.0012887,32787.0,0.0236724114279113,1385030,0.12887
2022-04,Decidueye,0.000499,11479.0,0.0082879071211453,1385030,0.0499
2022-04,Dhelmise,0.0001241,6485.0,0.0046822090496234,1385030,0.012410000000000001
2022-04,Diancie,0.0003429,10914.0,0.0078799737189808,1385030,0.03429
2022-04,Diggersby,0.0009,14150.0,0.0102163852046526,1385030,0.09
2022-04,Ditto,0.0051537,41678.0,0.0300917669653364,1385030,0.51537
2022-04,Dracozolt,0.0097197,51400.0,0.0371111095066532,1385030,0.97197
2022-04,Dragalge,0.0002106,6411.0,0.0046287806040302,1385030,0.02106
2022-04,Dragapult,0.1717389,534778.0,0.3861129361818877,1385030,17.17389
2022-04,Dragonite,0.0891669,237095.0,0.1711840176747074,1385030,8.91669
2022-04,Drampa,0.0017077,5687.0,0.0041060482444423,1385030,0.17077
2022-04,Drapion,0.0004311,10014.0,0.0072301682996036,1385030,0.04311
2022-04,Drifblim,0.0001139,4222.0,0.0030483094229005,1385030,0.01139
2022-04,Druddigon,0.0035706,23881.0,0.0172422258001631,1385030,0.35706000000000004
2022-04,Durant,0.0001779,11039.0,0.007970224471672,1385030,0.01779
2022-04,Dusclops,0.0001172,8325.0,0.006010700129239,1385030,0.01172
2022-04,Eldegoss,0.0010941,3243.0,0.0023414655278225,1385030,0.10941
2022-04,Electivire,0.0001657,9860.0,0.0071189793722879,1385030,0.016569999999999998
2022-04,Entei,0.0008005,13064.0,0.0094322866652707,1385030,0.08005
2022-04,Espeon,0.0024401,34565.0,0.024956138134192,1385030,0.24401
2022-04,Excadrill,0.061724,142539.0,0.1029140163028959,1385030,6.1724
2022-04,Exeggutor,0.0001184,3368.0,0.0024317162805137,1385030,0.01184
2022-04,Exploud,0.0015572,6831.0,0.0049320231330729,1385030,0.15572
2022-04,Ferrothorn,0.3274334,621848.0,0.448978000476524,1385030,32.743339999999996
2022-04,Flareon,0.0001805,5144.0,0.0037139989747514,1385030,0.01805
2022-04,Flygon,0.0001672,14017.0,0.010120358403789,1385030,0.01672
2022-04,Froslass,0.0001896,9272.0,0.0066944398316281,1385030,0.01896
2022-04,Gallade,0.0003074,12740.0,0.0091983567142949,1385030,0.03074
2022-04,Galvantula,0.0002215,39865.0,0.0287827700483022,1385030,0.02215
2022-04,Garchomp,0.1736026,468047.0,0.3379327523591546,1385030,17.36026
2022-04,Gardevoir,0.0003193,26149.0,0.0188797354569937,1385030,0.03193
2022-04,Gastrodon,0.0595397,49929.0,0.0360490386489823,1385030,5.95397
2022-04,Gengar,0.0121924,104525.0,0.0754676794004462,1385030,1.21924
2022-04,Gigalith,0.0013082,7790.0,0.0056244269077204,1385030,0.13082
2022-04,Glaceon,0.0001779,4763.0,0.0034389146805484,1385030,0.01779
2022-04,Glastrier,0.001346,14958.0,0.010799766070049,1385030,0.1346
2022-04,Golisopod,0.0001495,14080.0,0.0101658447831454,1385030,0.01495
2022-04,Goodra,0.0001488,24231.0,0.0174949279076987,1385030,0.01488
2022-04,Greedent,0.0003089,3697.0,0.0026692562615972,1385030,0.030889999999999997
2022-04,Grimmsnarl,0.0042428,44392.0,0.0320512913077695,1385030,0.42428
2022-04,Guzzlord,0.0002133,2868.0,0.0020707132697486,1385030,0.021330000000000002
2022-04,Gyarados,0.0007236,51607.0,0.03726056475311,1385030,0.07236000000000001
2022-04,Hatterene,0.0122162,83043.0,0.059957546045934,1385030,1.22162
2022-04,Hawlucha,0.0100103,120453.0,0.0869677913113795,1385030,1.00103
2022-04,Haxorus,0.0042641,21514.0,0.0155332375472011,1385030,0.42640999999999996
2022-04,Heatran,0.2265971,446107.0,0.3220919402467816,1385030,22.65971
2022-04,Heliolisk,0.0017925,25343.0,0.0182977986036403,1385030,0.17925
2022-04,Heracross,0.0001264,13189.0,0.009522537417962,1385030,0.01264
2022-04,Hippowdon,0.0371095,94983.0,0.0685782979430048,1385030,3.7109499999999995
2022-04,Hitmontop,0.0008467,9670.0,0.0069817982281972,1385030,0.08467000000000001
2022-04,Hydreigon,0.033134,100390.0,0.0724821845014187,1385030,3.3133999999999997
2022-04,Incineroar,0.002396,41868.0,0.0302289481094272,1385030,0.2396
2022-04,Indeedee,0.0002924,8796.0,0.0063507649653798,1385030,0.029240000000000002
2022-04,Inteleon,0.0007048,18778.0,0.0135578290722944,1385030,0.07048
2022-04,Jellicent,0.0006892,13076.0,0.0094409507375291,1385030,0.06892
2022-04,Jirachi,0.0115243,58299.0,0.0420922290491902,1385030,1.1524299999999998
2022-04,Jolteon,0.0005442,17174.0,0.0123997314137599,1385030,0.05442
2022-04,Kartana,0.1652298,463092.0,0.3343552125224724,1385030,16.52298
2022-04,Keldeo,0.004406,31570.0,0.022793730099709,1385030,0.4406
2022-04,Kingdra,0.0019741,35299.0,0.0254860905539952,1385030,0.19741
2022-04,Klefki,0.0015303,19563.0,0.0141246037991956,1385030,0.15303
2022-04,Kommo-o,0.011327,82085.0,0.059265864277308,1385030,1.1327
2022-04,Krookodile,0.0022936,45002.0,0.0324917149809029,1385030,0.22935999999999998
2022-04,Landorus-Therian,0.5259131,999696.0,0.7217865316996743,1385030,52.59131
2022-04,Lanturn,0.0002965,6620.0,0.00477967986253,1385030,0.02965
2022-04,Lapras,0.000858,11492.0,0.0082972931994252,1385030,0.0858
2022-04,Latias,0.0058709,33708.0,0.0243373789737406,1385030,0.58709
2022-04,Latios,0.0133901,74503.0,0.0537916146220659,1385030,1.33901
2022-04,Leafeon,0.0002918,6727.0,0.0048569345068337,1385030,0.029179999999999998
2022-04,Lilligant,0.0001432,2626.0,0.0018959878125383,1385030,0.014320000000000001
2022-04,Lucario,0.0002823,33266.0,0.0240182523122242,1385030,0.028229999999999998
2022-04,Ludicolo,0.000269,11097.0,0.0080121008209208,1385030,0.026899999999999997
2022-04,Lycanroc-Dusk,0.0006994,22996.0,0.0166032504711089,1385030,0.06994
2022-04,Magnezone,0.0650455,166578.0,0.1202703190544609,1385030,6.504550000000001
2022-04,Mamoswine,0.0174086,72187.0,0.0521194486762019,1385030,1.74086
2022-04,Mandibuzz,0.0272633,78000.0,0.0563164696793571,1385030,2.72633
2022-04,Mantine,0.0015771,8825.0,0.0063717031400041,1385030,0.15771
2022-04,Maractus,0.0004283,2010.0,0.0014512321032757,1385030,0.04283
2022-04,Marowak,0.0001287,1766.0,0.0012750626340223,1385030,0.012870000000000001
2022-04,Marowak-Alola,0.0096675,43024.0,0.0310635870703161,1385030,0.9667500000000001
2022-04,Melmetal,0.1397397,332007.0,0.2397110531901836,1385030,13.97397
2022-04,Metagross,0.0008119,31772.0,0.0229395753160581,1385030,0.08119
2022-04,Mew,0.0368012,165703.0,0.1196385637856219,1385030,3.68012
2022-04,Mienshao,0.000937,27602.0,0.0199288102062771,1385030,0.0937
2022-04,Milotic,0.000276,29255.0,0.0211222861598665,1385030,0.0276
2022-04,Miltank,0.0001098,4666.0,0.00336888009646,1385030,0.01098
2022-04,Mimikyu,0.0011368,42272.0,0.0305206385421254,1385030,0.11368
2022-04,Moltres,0.0061361,32377.0,0.0233763889590839,1385030,0.61361
2022-04,Moltres-Galar,0.0328279,55498.0,0.0400698901828841,1385030,3.28279
2022-04,Morpeko,0.0001238,5907.0,0.004264889569179,1385030,0.01238
2022-04,Necrozma,0.0072475,21460.0,0.0154942492220385,1385030,0.72475
2022-04,Nidoking,0.0374911,106377.0,0.0768048345523201,1385030,3.74911
2022-04,Nihilego,0.0856742,69849.0,0.0504313985978643,1385030,8.56742
2022-04,Ninetales,0.0003746,16095.0,0.0116206869165288,1385030,0.03746
2022-04,Ninetales-Alola,0.0447791,161594.0,0.1166718410431543,1385030,4.4779100000000005
2022-04,Noivern,0.0002127,9105.0,0.0065738648260326,1385030,0.02127
2022-04,Obstagoon,0.0066298,21560.0,0.0155664498241915,1385030,0.66298
2022-04,Octillery,0.0002278,1514.0,0.0010931171165967,1385030,0.02278
2022-04,Omastar,0.0273582,10612.0,0.0076619279004786,1385030,2.73582
2022-04,Pangoro,0.0001526,5540.0,0.0039999133592774,1385030,0.01526
2022-04,Pelipper,0.0652848,223240.0,0.1611806242464062,1385030,6.52848
2022-04,Pikachu,0.0005808,9422.0,0.0068027407348577,1385030,0.05808
2022-04,Pincurchin,0.000317,5072.0,0.0036620145412012,1385030,0.0317
2022-04,Politoed,0.001015,16352.0,0.0118062424640621,1385030,0.1015
2022-04,Poliwrath,0.0001773,6001.0,0.0043327581352028,1385030,0.01773
2022-04,Polteageist,0.0076418,43036.0,0.0310722511425745,1385030,0.76418
2022-04,Porygon-Z,0.0011202,32372.0,0.0233727789289762,1385030,0.11202000000000001
2022-04,Porygon2,0.008712,46399.0,0.0335003573929806,1385030,0.8712
2022-04,Primarina,0.0027395,26980.0,0.0194797224608853,1385030,0.27395
2022-04,Pyukumuku,0.016992,9531.0,0.0068814393912045,1385030,1.6992
2022-04,Quagsire,0.0181212,35189.0,0.0254066698916268,1385030,1.81212
2022-04,Raichu-Alola,0.0008729,15004.0,0.0108329783470394,1385030,0.08729
2022-04,Raikou,0.0098302,10720.0,0.0077399045508039,1385030,0.9830200000000001
2022-04,Regidrago,0.0047358,12939.0,0.0093420359125795,1385030,0.47358
2022-04,Regieleki,0.029306,220902.0,0.1594925741680685,1385030,2.9306
2022-04,Regigigas,0.0001521,6188.0,0.0044677732612289,1385030,0.015210000000000001
2022-04,Registeel,0.0033148,20220.0,0.014598961755341,1385030,0.33148
2022-04,Reuniclus,0.0092839,37838.0,0.0273192638426604,1385030,0.9283899999999999
2022-04,Rhydon,0.000451,3999.0,0.0028873020800993,1385030,0.0451
2022-04,Rhyperior,0.003869,22199.0,0.0160278116719493,1385030,0.3869
2022-04,Ribombee,0.0004197,16275.0,0.0117506480004043,1385030,0.04197
2022-04,Rillaboom,0.0674544,304087.0,0.2195526450690599,1385030,6.745439999999999
2022-04,Roserade,0.0001187,12726.0,0.0091882486299935,1385030,0.01187
2022-04,Rotom-Heat,0.0024962,37394.0,0.026998693169101,1385030,0.24962
2022-04,Rotom-Wash,0.0726195,110611.0,0.0798618080474791,1385030,7.261950000000001
2022-04,Runerigus,0.0011356,6878.0,0.0049659574160848,1385030,0.11356000000000001
2022-04,Sableye,0.0002216,12273.0,0.0088611799022403,1385030,0.02216
2022-04,Salamence,0.0044949,41341.0,0.0298484509360808,1385030,0.44948999999999995
2022-04,Salazzle,0.0002948,26413.0,0.0190703450466776,1385030,0.02948
2022-04,Sandaconda,0.0001383,8045.0,0.0058085384432106,1385030,0.01383
2022-04,Sandslash-Alola,0.0004673,9575.0,0.0069132076561518,1385030,0.04673
2022-04,Sawk,0.0004011,2416.0,0.001744366548017,1385030,0.04011
2022-04,Scizor,0.0220524,138790.0,0.1002072157281791,1385030,2.20524
2022-04,Scolipede,0.0080375,16740.0,0.0120863808004158,1385030,0.80375
2022-04,Scyther,0.0015227,4585.0,0.003310397608716,1385030,0.15227000000000002
2022-04,Seismitoad,0.0138402,89383.0,0.0645350642224356,1385030,1.38402
2022-04,Sharpedo,0.0027981,9850.0,0.0071117593120726,1385030,0.27981
2022-04,Shedinja,0.0035242,19206.0,0.0138668476495093,1385030,0.35242
2022-04,Shiftry,0.000332,6619.0,0.0047789578565085,1385030,0.0332
2022-04,Shuckle,0.0021569,43708.0,0.0315574391890428,1385030,0.21569
2022-04,Sigilyph,0.0015898,7845.0,0.0056641372389045,1385030,0.15897999999999998
2022-04,Sirfetch'd,0.0002498,8661.0,0.0062532941524732,1385030,0.02498
2022-04,Skarmory,0.0503088,63623.0,0.0459361891078171,1385030,5.03088
2022-04,Slowbro,0.0936297,208728.0,0.1507028728619596,1385030,9.362969999999999
2022-04,Slowbro-Galar,0.0051766,42641.0,0.03078705876407,1385030,0.51766
2022-04,Slowking,0.0442129,77534.0,0.055980014873324,1385030,4.42129
2022-04,Slowking-Galar,0.0840322,185869.0,0.1341985372158003,1385030,8.403220000000001
2022-04,Slurpuff,0.0008968,23114.0,0.0166884471816494,1385030,0.08968
2022-04,Snorlax,0.0006341,31739.0,0.0229157491173476,1385030,0.06341
2022-04,Sobble,0.0001342,58.0,4.187634924875274e-05,1385030,0.013420000000000001
2022-04,Stakataka,0.0019969,17213.0,0.0124278896485996,1385030,0.19968999999999998
2022-04,Starmie,0.0012942,19516.0,0.0140906695161837,1385030,0.12941999999999998
2022-04,Steelix,0.0001966,10135.0,0.0073175310282087,1385030,0.01966
2022-04,Suicune,0.0176068,19023.0,0.0137347205475693,1385030,1.7606799999999998
2022-04,Swampert,0.0205809,108939.0,0.0786546139794805,1385030,2.05809
2022-04,Sylveon,0.0003418,20549.0,0.0148365017364244,1385030,0.03418
2022-04,Talonflame,0.0001337,11712.0,0.0084561345241619,1385030,0.01337
2022-04,Tangrowth,0.0359522,51897.0,0.0374699464993538,1385030,3.59522
2022-04,Tapu Bulu,0.0133084,30090.0,0.0217251611878443,1385030,1.33084
2022-04,Tapu Fini,0.1011735,326293.0,0.2355855107831599,1385030,10.11735
2022-04,Tapu Koko,0.1349464,270016.0,0.1949531779095037,1385030,13.494639999999999
2022-04,Tapu Lele,0.125396,305650.0,0.2206811404807116,1385030,12.5396
2022-04,Tauros,0.000317,5281.0,0.003812913799701,1385030,0.0317
2022-04,Tentacruel,0.0001035,21730.0,0.0156891908478516,1385030,0.01035
2022-04,Terrakion,0.0051565,31472.0,0.022722973509599,1385030,0.5156499999999999
2022-04,Thievul,0.0002918,1657.0,0.0011963639776755,1385030,0.029179999999999998
2022-04,Thundurus,0.0016726,22318.0,0.0161137303885114,1385030,0.16726
2022-04,Thundurus-Therian,0.0134815,44688.0,0.0322650050901424,1385030,1.34815
2022-04,Togedemaru,0.0004989,9960.0,0.0071911799744409,1385030,0.049890000000000004
2022-04,Togekiss,0.0053231,74022.0,0.0534443297257099,1385030,0.53231
2022-04,Torkoal,0.0075139,76127.0,0.054964152401031,1385030,0.75139
2022-04,Tornadus-Therian,0.1894263,270477.0,0.1952860226854292,1385030,18.942629999999998
2022-04,Toxapex,0.1866959,334609.0,0.2415897128582052,1385030,18.66959
2022-04,Toxicroak,0.0003152,16485.0,0.0119022692649256,1385030,0.03152
2022-04,Toxtricity,0.0075153,30568.0,0.0220702800661357,1385030,0.75153
2022-04,Tsareena,0.0001061,8185.0,0.0059096192862248,1385030,0.01061
2022-04,Turtonator,0.0001027,4872.0,0.0035176133368952,1385030,0.01027
2022-04,Tyranitar,0.1031084,232789.0,0.1680750597459983,1385030,10.31084
2022-04,Tyrantrum,0.0060679,9224.0,0.0066597835425947,1385030,0.60679
2022-04,Umbreon,0.002226,42346.0,0.0305740669877186,1385030,0.22260000000000002
2022-04,Urshifu-Rapid-Strike,0.1064942,338991.0,0.2447535432445506,1385030,10.64942
2022-04,Uxie,0.0002971,9773.0,0.0070561648484148,1385030,0.02971
2022-04,Vanilluxe,0.0017067,7786.0,0.0056215388836342,1385030,0.17067
2022-04,Vaporeon,0.0004592,15473.0,0.011171599171137,1385030,0.04592
2022-04,Venusaur,0.0051172,64746.0,0.0467470018699955,1385030,0.51172
2022-04,Victini,0.0382652,153347.0,0.1107174573835945,1385030,3.82652
2022-04,Vikavolt,0.0003831,8352.0,0.0060301942918203,1385030,0.03831
2022-04,Vileplume,0.0001357,6193.0,0.0044713832913366,1385030,0.013569999999999999
2022-04,Volcanion,0.0697317,169290.0,0.1222283993848508,1385030,6.97317
2022-04,Volcarona,0.0502386,261041.0,0.18847317386627,1385030,5.02386
2022-04,Weavile,0.2196406,407715.0,0.2943726850681935,1385030,21.96406
2022-04,Weezing-Galar,0.0008393,14615.0,0.0105521180046641,1385030,0.08392999999999999
2022-04,Whimsicott,0.0009486,22802.0,0.016463181302932,1385030,0.09486
2022-04,Wishiwashi,0.0001516,1650.0,0.0011913099355248,1385030,0.01516
2022-04,Xatu,0.0030425,14545.0,0.010501577583157,1385030,0.30425
2022-04,Xurkitree,0.0012085,18423.0,0.0133015169346512,1385030,0.12085
2022-04,Zapdos,0.1439382,320258.0,0.231228204443225,1385030,14.393819999999998
2022-04,Zapdos-Galar,0.0390288,162234.0,0.1171339248969336,1385030,3.90288
2022-04,Zarude,0.0010394,14525.0,0.0104871374627264,1385030,0.10394
2022-04,Zeraora,0.1102097,236600.0,0.1708266246940499,1385030,11.02097
2022-04,Zoroark,0.0015956,34025.0,0.0245662548825657,1385030,0.15956
2022-04,Zygarde-10%,0.0006005,12351.0,0.0089174963719197,1385030,0.06005
2022-04,aromatisse,0.0,0.0,0.0,1385030,0.0
2022-04,dialga,0.0,0.0,0.0,1385030,0.0
2022-04,dracovish,0.0,0.0,0.0,1385030,0.0
2022-04,eternatus,0.0,0.0,0.0,1385030,0.0
2022-04,garbodor,0.0,0.0,0.0,1385030,0.0
2022-04,genesect,0.0,0.0,0.0,1385030,0.0
2022-04,giratina,0.0,0.0,0.0,1385030,0.0
2022-04,glalie,0.0,0.0,0.0,1385030,0.0
2022-04,gourgeist,0.0,0.0,0.0,1385030,0.0
2022-04,groudon,0.0,0.0,0.0,1385030,0.0
2022-04,heatmor,0.0,0.0,0.0,1385030,0.0
2022-04,ho-oh,0.0,0.0,0.0,1385030,0.0
2022-04,kyogre,0.0,0.0,0.0,1385030,0.0
2022-04,landorus,0.0,0.0,0.0,1385030,0.0
2022-04,lugia,0.0,0.0,0.0,1385030,0.0
2022-04,lunala,0.0,0.0,0.0,1385030,0.0
2022-04,lunatone,0.0,0.0,0.0,1385030,0.0
2022-04,marshadow,0.0,0.0,0.0,1385030,0.0
2022-04,mewtwo,0.0,0.0,0.0,1385030,0.0
2022-04,mr-rime,0.0,0.0,0.0,1385030,0.0
2022-04,musharna,0.0,0.0,0.0,1385030,0.0
2022-04,naganadel,0.0,0.0,0.0,1385030,0.0
2022-04,oranguru,0.0,0.0,0.0,1385030,0.0
2022-04,palkia,0.0,0.0,0.0,1385030,0.0
2022-04,passimian,0.0,0.0,0.0,1385030,0.0
2022-04,pheromosa,0.0,0.0,0.0,1385030,0.0
2022-04,pinsir,0.0,0.0,0.0,1385030,0.0
2022-04,raichu,0.0,0.0,0.0,1385030,0.0
2022-04,rayquaza,0.0,0.0,0.0,1385030,0.0
2022-04,reshiram,0.0,0.0,0.0,1385030,0.0
2022-04,rotom,0.0,0.0,0.0,1385030,0.0
2022-04,seaking,0.0,0.0,0.0,1385030,0.0
2022-04,sirfetchd,0.0,0.0,0.0,1385030,0.0
2022-04,skuntank,0.0,0.0,0.0,1385030,0.0
2022-04,solgaleo,0.0,0.0,0.0,1385030,0.0
2022-04,solrock,0.0,0.0,0.0,1385030,0.0
2022-04,sudowoodo,0.0,0.0,0.0,1385030,0.0
2022-04,throh,0.0,0.0,0.0,1385030,0.0
2022-04,whiscash,0.0,0.0,0.0,1385030,0.0
2022-04,wobbuffet,0.0,0.0,0.0,1385030,0.0
2022-04,xerneas,0.0,0.0,0.0,1385030,0.0
2022-04,yveltal,0.0,0.0,0.0,1385030,0.0
2022-04,zacian,0.0,0.0,0.0,1385030,0.0
2022-04,zamazenta,0.0,0.0,0.0,1385030,0.0
2022-04,zekrom,0.0,0.0,0.0,1385030,0.0
2022-04,zygarde,0.0,0.0,0.0,1385030,0.0
2022-05,Abomasnow,0.0026908,4532.0,0.0031683157241999,1430413,0.26908
2022-05,Absol,0.0002224,6055.0,0.0042330431840314,1430413,0.022240000000000003
2022-05,Accelgor,0.0003183,8639.0,0.0060395144619071,1430413,0.03183
2022-05,Aegislash,0.0332727,92595.0,0.0647330526218651,1430413,3.3272700000000004
2022-05,Aerodactyl,0.0020009,11301.0,0.0079005154455391,1430413,0.20009
2022-05,Aggron,0.0002084,9440.0,0.0065994925940969,1430413,0.02084
2022-05,Alakazam,0.0028918,64688.0,0.045223302640566,1430413,0.28918
2022-05,Amoonguss,0.0036498,29899.0,0.0209023547744602,1430413,0.36497999999999997
2022-05,Araquanid,0.0002583,21708.0,0.0151760365712559,1430413,0.02583
2022-05,Arcanine,0.0001044,24303.0,0.0169901979358409,1430413,0.01044
2022-05,Arctovish,0.0022386,8322.0,0.0058179001449231,1430413,0.22385999999999998
2022-05,Arctozolt,0.0292745,51897.0,0.036281129995323,1430413,2.92745
2022-05,Articuno-Galar,0.0003664,7460.0,0.0052152769864367,1430413,0.03664
2022-05,Audino,0.0006254,2948.0,0.0020609432380718,1430413,0.06254
2022-05,Aurorus,0.000676,7169.0,0.0050118392380382,1430413,0.0676
2022-05,Avalugg,0.0064426,7660.0,0.0053550967447862,1430413,0.6442599999999999
2022-05,Azelf,0.0004547,19713.0,0.0137813344817196,1430413,0.04547
2022-05,Azumarill,0.0091906,58928.0,0.0411964936001001,1430413,0.91906
2022-05,Barbaracle,0.0015395,13018.0,0.0091008680709697,1430413,0.15395
2022-05,Barraskewda,0.021141,196520.0,0.1373868945542301,1430413,2.1141
2022-05,Bewear,0.0010284,11110.0,0.0077669875763153,1430413,0.10284
2022-05,Bisharp,0.0450119,175650.0,0.1227967027704586,1430413,4.50119
2022-05,Blacephalon,0.0871618,252968.0,0.1768496231507963,1430413,8.71618
2022-05,Blastoise,0.0006159,27901.0,0.0195055553885486,1430413,0.06158999999999999
2022-05,Blaziken,0.0546225,135032.0,0.0944007080472562,1430413,5.46225
2022-05,Blissey,0.1190028,243887.0,0.1705011070229367,1430413,11.90028
2022-05,Buzzwole,0.079613,214670.0,0.1500755376244483,1430413,7.9613000000000005
2022-05,Celebi,0.0001488,6697.0,0.0046818646083333,1430413,0.01488
2022-05,Celesteela,0.0336233,70197.0,0.0490746378843033,1430413,3.36233
2022-05,Chandelure,0.0003787,30224.0,0.0211295618817782,1430413,0.03787
2022-05,Chansey,0.0161921,44315.0,0.030980562956293,1430413,1.61921
2022-05,Charizard,0.0007138,35496.0,0.0248152107118713,1430413,0.07138
2022-05,Clefable,0.243885,337166.0,0.2357123432183572,1430413,24.3885
2022-05,Cloyster,0.0356353,83671.0,0.0584942950043099,1430413,3.56353
2022-05,Cobalion,0.0004669,11221.0,0.0078445875421993,1430413,0.04669
2022-05,Comfey,0.0005129,7290.0,0.0050964301918396,1430413,0.05129
2022-05,Conkeldurr,0.0013333,46695.0,0.0326444180806522,1430413,0.13333
2022-05,Copperajah,0.0003379,3434.0,0.0024007052508611,1430413,0.03379
2022-05,Corsola-Galar,0.0002745,19369.0,0.0135408444973584,1430413,0.027450000000000002
2022-05,Corviknight,0.1683001,383175.0,0.2678771795278706,1430413,16.83001
2022-05,Crawdaunt,0.0412966,68727.0,0.0480469626604344,1430413,4.12966
2022-05,Cresselia,0.0113994,32697.0,0.0228584331937699,1430413,1.13994
2022-05,Crobat,0.0007031,17098.0,0.0119531911412997,1430413,0.07031
2022-05,Cursola,0.0001722,5897.0,0.0041225855749353,1430413,0.017220000000000003
2022-05,Darmanitan,0.0036657,41411.0,0.0289503800650581,1430413,0.36657
2022-05,Decidueye,0.0004926,13783.0,0.0096356786466565,1430413,0.049260000000000005
2022-05,Dhelmise,0.0004384,6493.0,0.0045392484548168,1430413,0.04384
2022-05,Diancie,0.0003884,11075.0,0.0077425191186042,1430413,0.03884
2022-05,Diggersby,0.0022515,16058.0,0.0112261283978822,1430413,0.22515000000000002
2022-05,Ditto,0.0160678,42172.0,0.029482394245578,1430413,1.60678
2022-05,Dracozolt,0.0025407,52719.0,0.0368557892021395,1430413,0.25407
2022-05,Dragalge,0.0003814,5843.0,0.0040848342401809,1430413,0.03814
2022-05,Dragapult,0.2045992,562547.0,0.3932759280012136,1430413,20.45992
2022-05,Dragonite,0.0995196,248067.0,0.1734233399724415,1430413,9.95196
2022-05,Drampa,0.0011559,4780.0,0.0033416922245533,1430413,0.11559000000000001
2022-05,Drapion,0.0007466,12062.0,0.008432529626059,1430413,0.07466
2022-05,Druddigon,0.0002378,12973.0,0.009069408625341,1430413,0.02378
2022-05,Dunsparce,0.0011962,3137.0,0.002193072909712,1430413,0.11961999999999999
2022-05,Eiscue,0.0002529,9266.0,0.0064778494043328,1430413,0.025290000000000003
2022-05,Electivire,0.0001747,9546.0,0.0066735970660221,1430413,0.01747
2022-05,Entei,0.0002091,11592.0,0.0081039531939376,1430413,0.020909999999999998
2022-05,Espeon,0.0026,34346.0,0.0240112471013616,1430413,0.26
2022-05,Excadrill,0.0626694,145973.0,0.1020495479277663,1430413,6.26694
2022-05,Exeggutor-Alola,0.0019074,8098.0,0.0056613020155717,1430413,0.19074000000000002
2022-05,Exploud,0.0012339,6553.0,0.0045811943823217,1430413,0.12339
2022-05,Ferrothorn,0.2783649,669692.0,0.4681808680430057,1430413,27.83649
2022-05,Flygon,0.0008741,13424.0,0.0093847021804192,1430413,0.08741
2022-05,Froslass,0.000189,8923.0,0.0062380585187634,1430413,0.0189
2022-05,Frosmoth,0.0001167,6839.0,0.0047811366367615,1430413,0.01167
2022-05,Galvantula,0.000382,37166.0,0.0259827056940897,1430413,0.038200000000000005
2022-05,Garchomp,0.1385407,439700.0,0.3073937387314013,1430413,13.854069999999998
2022-05,Gardevoir,0.0018559,38234.0,0.0267293432036761,1430413,0.18559
2022-05,Gastrodon,0.0708931,56266.0,0.0393354926164681,1430413,7.08931
2022-05,Gengar,0.0065851,114183.0,0.0798251973381114,1430413,0.65851
2022-05,Gigalith,0.0004606,8607.0,0.0060171433005712,1430413,0.04606
2022-05,Glastrier,0.0037698,8983.0,0.0062800044462683,1430413,0.37698
2022-05,Golisopod,0.0002259,14034.0,0.0098111524433852,1430413,0.02259
2022-05,Golurk,0.0004445,15696.0,0.0109730546352696,1430413,0.04445
2022-05,Goodra,0.0003763,28145.0,0.019676135493735,1430413,0.03763
2022-05,Grimmsnarl,0.0061504,58037.0,0.040573596576653,1430413,0.61504
2022-05,Gyarados,0.0019,53570.0,0.0374507222739166,1430413,0.19
2022-05,Hatterene,0.0174391,87687.0,0.0613018757519681,1430413,1.7439099999999998
2022-05,Hawlucha,0.0167391,118668.0,0.0829606554190992,1430413,1.67391
2022-05,Haxorus,0.0016261,22123.0,0.0154661625698312,1430413,0.16260999999999998
2022-05,Heatran,0.2106108,492165.0,0.344071956840437,1430413,21.061079999999997
2022-05,Heliolisk,0.0022835,37044.0,0.0258974156414965,1430413,0.22835
2022-05,Heracross,0.0002767,13649.0,0.0095419994085624,1430413,0.02767
2022-05,Hippowdon,0.0410986,91155.0,0.0637263503617486,1430413,4.10986
2022-05,Hitmontop,0.0019887,15953.0,0.0111527230247487,1430413,0.19887
2022-05,Hydreigon,0.026447,94942.0,0.0663738374860966,1430413,2.6447
2022-05,Incineroar,0.0012919,43216.0,0.0302122533841624,1430413,0.12919
2022-05,Indeedee,0.0001249,8085.0,0.005652213731279,1430413,0.01249
2022-05,Inteleon,0.0011124,16971.0,0.0118644055947478,1430413,0.11123999999999999
2022-05,Jellicent,0.0002373,14547.0,0.0101697901235517,1430413,0.02373
2022-05,Jirachi,0.0110528,65974.0,0.0461223436867534,1430413,1.10528
2022-05,Jolteon,0.0002272,16804.0,0.0117476560965259,1430413,0.02272
2022-05,Jynx,0.0002125,1988.0,0.0013898083979941,1430413,0.021249999999999998
2022-05,Kabutops,0.0004222,5069.0,0.0035437317753683,1430413,0.04222
2022-05,Kangaskhan,0.0009845,3710.0,0.0025936565173834,1430413,0.09845
2022-05,Kartana,0.1591917,456059.0,0.3188302958655996,1430413,15.91917
2022-05,Keldeo,0.0114797,33560.0,0.023461755451048,1430413,1.1479700000000002
2022-05,Kingdra,0.0044688,34333.0,0.0240021588170689,1430413,0.44688
2022-05,Klefki,0.0242259,20297.0,0.0141896081761001,1430413,2.42259
2022-05,Klinklang,0.0001262,1586.0,0.0011087706837116,1430413,0.012620000000000001
2022-05,Kommo-o,0.0139026,84770.0,0.0592626045764405,1430413,1.3902599999999998
2022-05,Krookodile,0.0032749,40279.0,0.0281590002327998,1430413,0.32749
2022-05,Landorus-Therian,0.5168591,1031311.0,0.720988274015966,1430413,51.68591
2022-05,Lanturn,0.0001329,8417.0,0.0058843145301391,1430413,0.01329
2022-05,Lapras,0.0001789,9092.0,0.0063562062145687,1430413,0.01789
2022-05,Latias,0.0034702,34712.0,0.0242671172591412,1430413,0.34702
2022-05,Latios,0.0142284,72529.0,0.0507049362666586,1430413,1.42284
2022-05,Lucario,0.0002726,33496.0,0.0234170131283762,1430413,0.02726
2022-05,Lycanroc-Dusk,0.0008547,24274.0,0.0169699240708802,1430413,0.08547
2022-05,Magnezone,0.0776978,177921.0,0.1243843561265173,1430413,7.76978
2022-05,Malamar,0.0002072,12427.0,0.0086877006850469,1430413,0.02072
2022-05,Mamoswine,0.0222577,78239.0,0.0546967903675372,1430413,2.22577
2022-05,Mandibuzz,0.0268001,83720.0,0.0585285508451055,1430413,2.6800100000000002
2022-05,Mantine,0.0006803,8732.0,0.0061045306495396,1430413,0.06803000000000001
2022-05,Marowak-Alola,0.018257,46288.0,0.0323598848724109,1430413,1.8256999999999999
2022-05,Melmetal,0.1380836,322798.0,0.2256676917785283,1430413,13.80836
2022-05,Metagross,0.0004367,32809.0,0.0229367322584456,1430413,0.04367
2022-05,Mew,0.0582473,188242.0,0.1315997547561438,1430413,5.824730000000001
2022-05,Mienshao,0.0010557,27077.0,0.0189294979841486,1430413,0.10557
2022-05,Milotic,0.0002152,31261.0,0.0218545273288204,1430413,0.02152
2022-05,Mimikyu,0.0023738,43295.0,0.0302674821887105,1430413,0.23738
2022-05,Moltres,0.0195286,31326.0,0.021899968750284,1430413,1.95286
2022-05,Moltres-Galar,0.027301,67278.0,0.0470339685111922,1430413,2.7300999999999997
2022-05,Morpeko,0.0001212,5985.0,0.0041841062686091,1430413,0.01212
2022-05,Mudsdale,0.0001741,8318.0,0.0058151037497561,1430413,0.017410000000000002
2022-05,Necrozma,0.0241506,20935.0,0.0146356332052351,1430413,2.41506
2022-05,Nidoking,0.0635466,135288.0,0.0945796773379436,1430413,6.354659999999999
2022-05,Nidoqueen,0.0001871,6207.0,0.004339306200377,1430413,0.01871
2022-05,Nihilego,0.0599119,76774.0,0.053672610637627,1430413,5.99119
2022-05,Ninetales-Alola,0.0721239,159867.0,0.1117628265403068,1430413,7.21239
2022-05,Obstagoon,0.0008199,26543.0,0.0185561792293554,1430413,0.08199000000000001
2022-05,Omastar,0.009254,11172.0,0.0078103317014037,1430413,0.9254
2022-05,Pelipper,0.0488071,230042.0,0.1608220842511918,1430413,4.88071
2022-05,Poliwrath,0.000396,5976.0,0.0041778143794834,1430413,0.039599999999999996
2022-05,Polteageist,0.0276163,44173.0,0.0308812909278648,1430413,2.76163
2022-05,Porygon-Z,0.0021104,30699.0,0.0214616338078582,1430413,0.21104
2022-05,Porygon2,0.0123896,51843.0,0.0362433786605686,1430413,1.23896
2022-05,Primarina,0.0026422,24433.0,0.017081080778768,1430413,0.26422
2022-05,Pyukumuku,0.0041088,9931.0,0.006942750100845,1430413,0.41088
2022-05,Quagsire,0.0105596,36327.0,0.0253961618078135,1430413,1.05596
2022-05,Raichu-Alola,0.0022036,18128.0,0.0126732628967997,1430413,0.22036
2022-05,Raikou,0.0006472,9900.0,0.0069210780383008,1430413,0.06472
2022-05,Rapidash,0.0001032,1596.0,0.0011157616716291,1430413,0.01032
2022-05,Regice,0.0001258,11216.0,0.0078410920482406,1430413,0.01258
2022-05,Regidrago,0.016893,17368.0,0.0121419478150715,1430413,1.6892999999999998
2022-05,Regieleki,0.0307993,212504.0,0.1485612896415231,1430413,3.07993
2022-05,Registeel,0.0004111,16653.0,0.011642092178972,1430413,0.04111
2022-05,Reuniclus,0.0137873,31543.0,0.0220516731880932,1430413,1.37873
2022-05,Rhydon,0.0001301,3196.0,0.0022343197384251,1430413,0.013009999999999999
2022-05,Rhyperior,0.0015235,20860.0,0.014583200795854,1430413,0.15234999999999999
2022-05,Ribombee,0.0007176,19088.0,0.0133443977368773,1430413,0.07176
2022-05,Rillaboom,0.0527663,317932.0,0.2222658770578846,1430413,5.27663
2022-05,Rotom-Fan,0.0001706,1236.0,0.0008640861065999,1430413,0.01706
2022-05,Rotom-Heat,0.0022543,40788.0,0.0285148415177994,1430413,0.22543
2022-05,Rotom-Wash,0.0818603,122019.0,0.0853033354702453,1430413,8.186029999999999
2022-05,Salamence,0.0043794,45435.0,0.0317635536030503,1430413,0.43794000000000005
2022-05,Salazzle,0.0003899,26070.0,0.0182255055008588,1430413,0.03899
2022-05,Sandslash-Alola,0.0012589,9764.0,0.0068260006026231,1430413,0.12589
2022-05,Scizor,0.0117732,117526.0,0.0821622845989235,1430413,1.17732
2022-05,Scolipede,0.0056152,18641.0,0.0130319005769662,1430413,0.56152
2022-05,Scyther,0.0001893,4782.0,0.0033430904221368,1430413,0.01893
2022-05,Seismitoad,0.0088673,92186.0,0.0644471212160404,1430413,0.88673
2022-05,Sharpedo,0.0001679,10384.0,0.0072594418535066,1430413,0.01679
2022-05,Shedinja,0.0173651,21261.0,0.0148635394113448,1430413,1.7365100000000002
2022-05,Shiftry,0.0001061,5260.0,0.0036772596445921,1430413,0.01061
2022-05,Shiinotic,0.0001424,3560.0,0.0024887916986213,1430413,0.01424
2022-05,Shuckle,0.0048716,46539.0,0.0325353586691396,1430413,0.48716000000000004
2022-05,Sigilyph,0.0003352,7917.0,0.0055347651342654,1430413,0.03352
2022-05,Silvally-Electric,0.0001529,1213.0,0.0008480068343897,1430413,0.01529
2022-05,Sirfetch'd,0.0001597,8664.0,0.0060569919317008,1430413,0.01597
2022-05,Skarmory,0.0522205,67104.0,0.0469123253214281,1430413,5.22205
2022-05,Slowbro,0.0846492,238577.0,0.1667888924387572,1430413,8.46492
2022-05,Slowbro-Galar,0.001609,33907.0,0.0237043427317844,1430413,0.1609
2022-05,Slowking,0.0371748,87787.0,0.0613717856311428,1430413,3.71748
2022-05,Slowking-Galar,0.0920481,192255.0,0.1344052382074268,1430413,9.20481
2022-05,Slurpuff,0.0025155,31760.0,0.0222033776259024,1430413,0.25155
2022-05,Snorlax,0.0005942,30298.0,0.0211812951923675,1430413,0.05942
2022-05,Stakataka,0.0014862,22697.0,0.0158674452762943,1430413,0.14862
2022-05,Starmie,0.0006316,20901.0,0.0146118638463157,1430413,0.06316
2022-05,Steelix,0.0006137,12721.0,0.0088932357298206,1430413,0.06137
2022-05,Suicune,0.0048301,20202.0,0.0141231937908841,1430413,0.48301000000000005
2022-05,Swampert,0.0062225,115396.0,0.0806732041725012,1430413,0.62225
2022-05,Swoobat,0.0001506,7270.0,0.0050824482160047,1430413,0.01506
2022-05,Talonflame,0.0002177,12262.0,0.0085723493844085,1430413,0.02177
2022-05,Tangrowth,0.0258839,62268.0,0.0435314835645369,1430413,2.58839
2022-05,Tapu Bulu,0.0113605,35304.0,0.0246809837438557,1430413,1.13605
2022-05,Tapu Fini,0.09875,323916.0,0.226449284227702,1430413,9.875
2022-05,Tapu Koko,0.1151325,274086.0,0.1916131914349212,1430413,11.51325
2022-05,Tapu Lele,0.1664259,305300.0,0.2134348611205295,1430413,16.64259
2022-05,Tentacruel,0.0002315,22547.0,0.0157625804575321,1430413,0.02315
2022-05,Terrakion,0.0059039,29158.0,0.0203843225697753,1430413,0.59039
2022-05,Thundurus,0.0015617,18454.0,0.0129011691029094,1430413,0.15617
2022-05,Thundurus-Therian,0.008464,44667.0,0.0312266457309881,1430413,0.8463999999999999
2022-05,Togedemaru,0.0002297,7971.0,0.0055725164690197,1430413,0.02297
2022-05,Togekiss,0.0025262,69747.0,0.0487600434280169,1430413,0.25262
2022-05,Torkoal,0.026029,85972.0,0.060102921324121,1430413,2.6029
2022-05,Tornadus-Therian,0.1345224,278386.0,0.1946193162394357,1430413,13.452239999999998
2022-05,Toxapex,0.1922389,342852.0,0.2396874189482338,1430413,19.223889999999997
2022-05,Toxicroak,0.0002909,13669.0,0.0095559813843973,1430413,0.02909
2022-05,Toxtricity,0.0019422,25013.0,0.0174865580779816,1430413,0.19422
2022-05,Tsareena,0.000274,8056.0,0.0056319398663183,1430413,0.0274
2022-05,Tyranitar,0.0846184,235833.0,0.1648705653542019,1430413,8.46184
2022-05,Tyrantrum,0.0001788,7931.0,0.0055445525173498,1430413,0.01788
2022-05,Umbreon,0.002883,48649.0,0.0340104571197269,1430413,0.2883
2022-05,Urshifu-Rapid-Strike,0.136812,346728.0,0.2423971258650473,1430413,13.681199999999999
2022-05,Uxie,0.0001448,7252.0,0.0050698644377532,1430413,0.01448
2022-05,Vanilluxe,0.0035734,7675.0,0.0053655832266625,1430413,0.35734
2022-05,Vaporeon,0.0007054,19616.0,0.0137135218989201,1430413,0.07054
2022-05,Venusaur,0.0226467,66568.0,0.0465376083690514,1430413,2.2646699999999997
2022-05,Victini,0.0271643,146100.0,0.1021383334743182,1430413,2.71643
2022-05,Vikavolt,0.0005347,8856.0,0.0061912188997163,1430413,0.053470000000000004
2022-05,Vileplume,0.0001769,5700.0,0.003984863112961,1430413,0.017689999999999997
2022-05,Virizion,0.000196,1753.0,0.0012255201819334,1430413,0.0196
2022-05,Volcanion,0.0468019,170688.0,0.1193277745658072,1430413,4.68019
2022-05,Volcarona,0.0495099,262404.0,0.1834463193497262,1430413,4.95099
2022-05,Weavile,0.1954047,412305.0,0.2882419273314769,1430413,19.54047
2022-05,Weezing-Galar,0.0007401,17772.0,0.0124243837269376,1430413,0.07401
2022-05,Whimsicott,0.000122,19880.0,0.0138980839799414,1430413,0.012199999999999999
2022-05,Wigglytuff,0.0004004,2897.0,0.0020252891996926,1430413,0.04004
2022-05,Xatu,0.024446,14439.0,0.0100942874540429,1430413,2.4446
2022-05,Xurkitree,0.000665,17590.0,0.0122971477468395,1430413,0.0665
2022-05,Zapdos,0.1603807,334126.0,0.2335870828914446,1430413,16.038069999999998
2022-05,Zapdos-Galar,0.042773,170369.0,0.1191047620512397,1430413,4.277299999999999
2022-05,Zarude,0.000873,14571.0,0.0101865684945536,1430413,0.0873
2022-05,Zeraora,0.0615104,215974.0,0.1509871624488871,1430413,6.15104
2022-05,Zoroark,0.0019387,27829.0,0.0194552202755428,1430413,0.19387000000000001
2022-05,Zygarde-10%,0.0010408,13673.0,0.0095587777795643,1430413,0.10407999999999999
2022-05,aromatisse,0.0,0.0,0.0,1430413,0.0
2022-05,dialga,0.0,0.0,0.0,1430413,0.0
2022-05,dracovish,0.0,0.0,0.0,1430413,0.0
2022-05,eternatus,0.0,0.0,0.0,1430413,0.0
2022-05,garbodor,0.0,0.0,0.0,1430413,0.0
2022-05,genesect,0.0,0.0,0.0,1430413,0.0
2022-05,giratina,0.0,0.0,0.0,1430413,0.0
2022-05,glalie,0.0,0.0,0.0,1430413,0.0
2022-05,gourgeist,0.0,0.0,0.0,1430413,0.0
2022-05,groudon,0.0,0.0,0.0,1430413,0.0
2022-05,heatmor,0.0,0.0,0.0,1430413,0.0
2022-05,ho-oh,0.0,0.0,0.0,1430413,0.0
2022-05,kyogre,0.0,0.0,0.0,1430413,0.0
2022-05,landorus,0.0,0.0,0.0,1430413,0.0
2022-05,lugia,0.0,0.0,0.0,1430413,0.0
2022-05,lunala,0.0,0.0,0.0,1430413,0.0
2022-05,lunatone,0.0,0.0,0.0,1430413,0.0
2022-05,marshadow,0.0,0.0,0.0,1430413,0.0
2022-05,mewtwo,0.0,0.0,0.0,1430413,0.0
2022-05,mr-rime,0.0,0.0,0.0,1430413,0.0
2022-05,musharna,0.0,0.0,0.0,1430413,0.0
2022-05,naganadel,0.0,0.0,0.0,1430413,0.0
2022-05,oranguru,0.0,0.0,0.0,1430413,0.0
2022-05,palkia,0.0,0.0,0.0,1430413,0.0
2022-05,passimian,0.0,0.0,0.0,1430413,0.0
2022-05,pheromosa,0.0,0.0,0.0,1430413,0.0
2022-05,pinsir,0.0,0.0,0.0,1430413,0.0
2022-05,raichu,0.0,0.0,0.0,1430413,0.0
2022-05,rayquaza,0.0,0.0,0.0,1430413,0.0
2022-05,reshiram,0.0,0.0,0.0,1430413,0.0
2022-05,rotom,0.0,0.0,0.0,1430413,0.0
2022-05,seaking,0.0,0.0,0.0,1430413,0.0
2022-05,sirfetchd,0.0,0.0,0.0,1430413,0.0
2022-05,skuntank,0.0,0.0,0.0,1430413,0.0
2022-05,solgaleo,0.0,0.0,0.0,1430413,0.0
2022-05,solrock,0.0,0.0,0.0,1430413,0.0
2022-05,sudowoodo,0.0,0.0,0.0,1430413,0.0
2022-05,throh,0.0,0.0,0.0,1430413,0.0
2022-05,whiscash,0.0,0.0,0.0,1430413,0.0
2022-05,wobbuffet,0.0,0.0,0.0,1430413,0.0
2022-05,xerneas,0.0,0.0,0.0,1430413,0.0
2022-05,yveltal,0.0,0.0,0.0,1430413,0.0
2022-05,zacian,0.0,0.0,0.0,1430413,0.0
2022-05,zamazenta,0.0,0.0,0.0,1430413,0.0
2022-05,zekrom,0.0,0.0,0.0,1430413,0.0
2022-05,zygarde,0.0,0.0,0.0,1430413,0.0
2022-06,Absol,0.0004932,5935.0,0.0040467086315238,1466624,0.049319999999999996
2022-06,Aegislash,0.0327399,103253.0,0.0704018207802408,1466624,3.2739900000000004
2022-06,Aerodactyl,0.0001482,11791.0,0.0080395520596962,1466624,0.01482
2022-06,Aggron,0.000393,9659.0,0.0065858734072263,1466624,0.0393
2022-06,Alakazam,0.0042748,56525.0,0.0385408939169139,1466624,0.42747999999999997
2022-06,Amoonguss,0.0016881,31948.0,0.0217833609705009,1466624,0.16881000000000002
2022-06,Appletun,0.0001294,4646.0,0.0031678194274742,1466624,0.01294
2022-06,Araquanid,0.0002755,20131.0,0.0137260811223599,1466624,0.027549999999999998
2022-06,Arctovish,0.0008049,6608.0,0.0045055856170361,1466624,0.08049
2022-06,Arctozolt,0.0254239,55321.0,0.0377199609443183,1466624,2.54239
2022-06,Audino,0.0012657,3244.0,0.0022118825274917,1466624,0.12657000000000002
2022-06,Aurorus,0.000687,5238.0,0.0035714675336009,1466624,0.0687
2022-06,Avalugg,0.0141719,7863.0,0.0053612923285041,1466624,1.41719
2022-06,Azelf,0.0024262,20589.0,0.0140383629341944,1466624,0.24262
2022-06,Azumarill,0.0070805,61319.0,0.0418096253709198,1466624,0.70805
2022-06,Barbaracle,0.0013585,9115.0,0.0062149535259207,1466624,0.13585
2022-06,Barraskewda,0.0267813,224735.0,0.1532328667743061,1466624,2.67813
2022-06,Bewear,0.0004978,8693.0,0.005927217882702,1466624,0.04978
2022-06,Bisharp,0.0427049,184229.0,0.1256143360534124,1466624,4.27049
2022-06,Blacephalon,0.0648973,273332.0,0.1863681488916041,1466624,6.489730000000001
2022-06,Blastoise,0.0035935,33053.0,0.022536791979403,1466624,0.35935
2022-06,Blaziken,0.0541199,134417.0,0.0916506207453307,1466624,5.411989999999999
2022-06,Blissey,0.1141392,248282.0,0.1692881065631,1466624,11.41392
2022-06,Bronzong,0.0019177,15978.0,0.0108944078373189,1466624,0.19177
2022-06,Buzzwole,0.0825261,218072.0,0.1486897800663292,1466624,8.25261
2022-06,Celesteela,0.0166779,70792.0,0.0482686769069645,1466624,1.6677899999999999
2022-06,Chandelure,0.0003437,27796.0,0.018952369523477,1466624,0.03437
2022-06,Chansey,0.0232063,49154.0,0.0335150658928259,1466624,2.32063
2022-06,Charizard,0.0004811,37635.0,0.0256609737737825,1466624,0.04811
2022-06,Clawitzer,0.0001075,6762.0,0.0046105886716704,1466624,0.01075
2022-06,Clefable,0.2745836,354908.0,0.2419897669750392,1466624,27.45836
2022-06,Cloyster,0.010154,78584.0,0.0535815587362541,1466624,1.0154
2022-06,Cobalion,0.0015681,17064.0,0.0116348839238959,1466624,0.15681
2022-06,Comfey,0.0001797,9188.0,0.0062647277011694,1466624,0.01797
2022-06,Conkeldurr,0.0076455,45524.0,0.0310399938907313,1466624,0.7645500000000001
2022-06,Corsola-Galar,0.0005003,18962.0,0.012929012480363,1466624,0.05003
2022-06,Corviknight,0.1914603,368942.0,0.2515586817071042,1466624,19.14603
2022-06,Crawdaunt,0.0251415,79015.0,0.0538754309216268,1466624,2.51415
2022-06,Cresselia,0.0093536,38274.0,0.0260966682667132,1466624,0.93536
2022-06,Crobat,0.0001753,18803.0,0.0128206002356432,1466624,0.01753
2022-06,Crustle,0.0003029,5372.0,0.0036628338278931,1466624,0.030289999999999997
2022-06,Darmanitan,0.0011714,39048.0,0.0266244108919532,1466624,0.11714
2022-06,Decidueye,0.0021191,18199.0,0.0124087700733112,1466624,0.21191000000000002
2022-06,Dhelmise,0.0001325,7281.0,0.0049644626025484,1466624,0.01325
2022-06,Diancie,0.0011511,13209.0,0.0090063983679525,1466624,0.11510999999999999
2022-06,Diggersby,0.0049999,17169.0,0.011706476915692,1466624,0.49999
2022-06,Diglett-Alola,0.0003784,25.0,1.7045950427648804e-05,1466624,0.03784
2022-06,Ditto,0.0088334,48070.0,0.0327759534822831,1466624,0.88334
2022-06,Dracozolt,0.0051209,49704.0,0.0338900768022342,1466624,0.51209
2022-06,Dragapult,0.2011158,563758.0,0.3843916368476174,1466624,20.11158
2022-06,Dragonite,0.0844956,275850.0,0.1880850170186769,1466624,8.44956
2022-06,Drampa,0.0004825,4919.0,0.0033539612061441,1466624,0.04825
2022-06,Druddigon,0.0009247,10631.0,0.0072486199598533,1466624,0.09247
2022-06,Dunsparce,0.0001235,3930.0,0.0026796234072263,1466624,0.01235
2022-06,Durant,0.0006459,9369.0,0.0063881403822656,1466624,0.06459000000000001
2022-06,Eiscue,0.0004136,10143.0,0.0069158830075056,1466624,0.04136
2022-06,Electivire,0.0003662,12477.0,0.0085072929394309,1466624,0.03662
2022-06,Entei,0.0002162,11877.0,0.0080981901291673,1466624,0.02162
2022-06,Espeon,0.0005995,32861.0,0.0224058790801186,1466624,0.059949999999999996
2022-06,Excadrill,0.0574971,145780.0,0.0993983461337057,1466624,5.74971
2022-06,Exeggutor-Alola,0.0004488,5855.0,0.0039921615901553,1466624,0.04488
2022-06,Exploud,0.0002592,10591.0,0.0072213464391691,1466624,0.025920000000000002
2022-06,Ferrothorn,0.2473691,680803.0,0.4641973675597836,1466624,24.73691
2022-06,Flygon,0.0003697,21157.0,0.0144256469279106,1466624,0.036969999999999996
2022-06,Galvantula,0.0013266,36976.0,0.0252116425205096,1466624,0.13266
2022-06,Garchomp,0.141732,441935.0,0.3013280840897189,1466624,14.1732
2022-06,Gardevoir,0.0007333,30792.0,0.0209951562227264,1466624,0.07332999999999999
2022-06,Gastrodon,0.1128957,60337.0,0.0411400604381218,1466624,11.28957
2022-06,Gengar,0.0057335,116834.0,0.0796618628905568,1466624,0.57335
2022-06,Gigalith,0.0009871,8975.0,0.0061194962035259,1466624,0.09871
2022-06,Glastrier,0.002763,8858.0,0.0060397211555245,1466624,0.2763
2022-06,Golisopod,0.0001168,15177.0,0.010348255585617,1466624,0.011680000000000001
2022-06,Golurk,0.0003374,13954.0,0.0095143676906964,1466624,0.03374
2022-06,Goodra,0.0002062,29968.0,0.0204333216966311,1466624,0.02062
2022-06,Greedent,0.0001029,2162.0,0.001474133792983,1466624,0.010289999999999999
2022-06,Grimmsnarl,0.0041325,46893.0,0.0319734301361494,1466624,0.41325
2022-06,Guzzlord,0.0013228,6832.0,0.0046583173328678,1466624,0.13228
2022-06,Gyarados,0.0008494,59558.0,0.0406089086227963,1466624,0.08494
2022-06,Hatterene,0.0125828,85005.0,0.0579596406440914,1466624,1.25828
2022-06,Hawlucha,0.0244665,146885.0,0.1001517771426077,1466624,2.44665
2022-06,Haxorus,0.0070266,21705.0,0.0147992941612846,1466624,0.70266
2022-06,Heatran,0.252715,510869.0,0.3483299059609007,1466624,25.271500000000003
2022-06,Heliolisk,0.0009813,29940.0,0.0204142302321522,1466624,0.09813000000000001
2022-06,Heracross,0.0033478,12720.0,0.0086729795775877,1466624,0.33478
2022-06,Hippowdon,0.0372281,89377.0,0.0609406364548786,1466624,3.72281
2022-06,Hitmonchan,0.0001239,4118.0,0.0028078089544423,1466624,0.01239
2022-06,Hitmonlee,0.0001209,14686.0,0.010013473119218,1466624,0.01209
2022-06,Hitmontop,0.0001303,10128.0,0.006905655437249,1466624,0.01303
2022-06,Hydreigon,0.0266459,86056.0,0.0586762524000698,1466624,2.66459
2022-06,Incineroar,0.0004222,43464.0,0.0296354075754931,1466624,0.04222
2022-06,Indeedee,0.0010326,8079.0,0.0055085693401989,1466624,0.10326
2022-06,Inteleon,0.0066944,18154.0,0.0123780873625414,1466624,0.6694399999999999
2022-06,Jellicent,0.002405,13480.0,0.0091911764705882,1466624,0.2405
2022-06,Jirachi,0.0092111,58877.0,0.0401445769331471,1466624,0.92111
2022-06,Kangaskhan,0.0001945,3480.0,0.0023727962995287,1466624,0.019450000000000002
2022-06,Kartana,0.1561534,493485.0,0.3364768338715308,1466624,15.61534
2022-06,Keldeo,0.0052326,31583.0,0.0215344900942572,1466624,0.52326
2022-06,Kingdra,0.0057035,37005.0,0.0252314158230057,1466624,0.57035
2022-06,Klefki,0.0055804,21247.0,0.0144870123494501,1466624,0.55804
2022-06,Kommo-o,0.0166544,76452.0,0.0521278800837842,1466624,1.66544
2022-06,Krookodile,0.0023574,41749.0,0.0284660553761563,1466624,0.23574
2022-06,Landorus-Therian,0.4578797,1056354.0,0.720262316721941,1466624,45.78797
2022-06,Lanturn,0.0009295,7732.0,0.0052719715482632,1466624,0.09295
2022-06,Latias,0.0026447,32867.0,0.0224099701082213,1466624,0.26447
2022-06,Latios,0.0130076,73463.0,0.0500898662506545,1466624,1.30076
2022-06,Lucario,0.0001476,33110.0,0.022575656746378,1466624,0.01476
2022-06,Lycanroc-Dusk,0.0007696,23396.0,0.0159522822482108,1466624,0.07696
2022-06,Machamp,0.0002764,14909.0,0.0101655229970326,1466624,0.027639999999999998
2022-06,Magnezone,0.0597566,174750.0,0.1191511934892651,1466624,5.97566
2022-06,Mamoswine,0.0087339,71669.0,0.0488666488479664,1466624,0.8733899999999999
2022-06,Mandibuzz,0.0341923,85999.0,0.0586373876330947,1466624,3.41923
2022-06,Mantine,0.0006476,9599.0,0.0065449631262,1466624,0.06476
2022-06,Marowak-Alola,0.0099813,51795.0,0.0353158000960027,1466624,0.9981300000000001
2022-06,Melmetal,0.1460234,330009.0,0.2250126821871181,1466624,14.60234
2022-06,Mesprit,0.0006626,1716.0,0.0011700340373538,1466624,0.06626
2022-06,Metagross,0.0002736,32207.0,0.0219599570169314,1466624,0.02736
2022-06,Mew,0.0465406,165323.0,0.1127235065020073,1466624,4.65406
2022-06,Mienshao,0.00086,28238.0,0.0192537419270378,1466624,0.086
2022-06,Milotic,0.0001872,32026.0,0.0218365443358352,1466624,0.01872
2022-06,Mimikyu,0.0028446,39160.0,0.026700776749869,1466624,0.28446
2022-06,Moltres,0.0055855,33231.0,0.0226581591464478,1466624,0.55855
2022-06,Moltres-Galar,0.0165896,63462.0,0.0432708042415779,1466624,1.65896
2022-06,Mr. Rime,0.0001364,2814.0,0.0019186921801361,1466624,0.013640000000000001
2022-06,Necrozma,0.0055741,18916.0,0.0128976479315761,1466624,0.5574100000000001
2022-06,Nidoking,0.0548093,134389.0,0.0916315292808518,1466624,5.48093
2022-06,Nihilego,0.0304843,90658.0,0.0618140709547914,1466624,3.0484299999999998
2022-06,Ninetales-Alola,0.0486324,185073.0,0.1261898073398498,1466624,4.86324
2022-06,Obstagoon,0.0012664,22810.0,0.0155527251701867,1466624,0.12664
2022-06,Omastar,0.0121877,12472.0,0.0085038837493454,1466624,1.21877
2022-06,Orbeetle,0.000145,4336.0,0.0029564496421714,1466624,0.0145
2022-06,Pangoro,0.0002287,10385.0,0.0070808878076453,1466624,0.02287
2022-06,Pelipper,0.0506743,253985.0,0.1731766287746552,1466624,5.06743
2022-06,Pikachu,0.0004243,13426.0,0.0091543572176645,1466624,0.04243
2022-06,Politoed,0.00013,16168.0,0.011023957060569,1466624,0.013
2022-06,Polteageist,0.0152823,37524.0,0.0255852897538837,1466624,1.52823
2022-06,Porygon-Z,0.0024089,29132.0,0.0198633051143306,1466624,0.24089
2022-06,Porygon2,0.0034668,47183.0,0.0321711631611101,1466624,0.34668
2022-06,Primarina,0.0017388,29087.0,0.0198326224035608,1466624,0.17388
2022-06,Pyukumuku,0.0012805,11020.0,0.0075138549485075,1466624,0.12805
2022-06,Quagsire,0.0083341,35618.0,0.0242857064932798,1466624,0.8334100000000001
2022-06,Raichu-Alola,0.0009324,16288.0,0.0111057776226217,1466624,0.09324
2022-06,Rapidash,0.0001522,1674.0,0.0011413968406353,1466624,0.015220000000000001
2022-06,Regidrago,0.0036198,13145.0,0.0089627607348577,1466624,0.36197999999999997
2022-06,Regieleki,0.0656861,221289.0,0.150883252967359,1466624,6.56861
2022-06,Registeel,0.0002613,12065.0,0.0082263756763833,1466624,0.02613
2022-06,Reuniclus,0.0156662,29395.0,0.0200426285128294,1466624,1.5666200000000001
2022-06,Rhydon,0.0018636,3148.0,0.0021464260778495,1466624,0.18636
2022-06,Rhyperior,0.0012813,17363.0,0.0118387534910106,1466624,0.12813
2022-06,Ribombee,0.0004463,17944.0,0.0122349013789492,1466624,0.04463
2022-06,Rillaboom,0.0745305,325684.0,0.2220637327631349,1466624,7.45305
2022-06,Roserade,0.0001403,13123.0,0.0089477602984814,1466624,0.014029999999999999
2022-06,Rotom-Heat,0.0026095,41934.0,0.0285921954093209,1466624,0.26094999999999996
2022-06,Rotom-Wash,0.1143679,130754.0,0.0891530480886716,1466624,11.43679
2022-06,Runerigus,0.0010628,6558.0,0.0044714937161808,1466624,0.10628
2022-06,Sableye,0.0005694,14244.0,0.0097121007156571,1466624,0.05694
2022-06,Salamence,0.0032086,47198.0,0.0321813907313667,1466624,0.32086
2022-06,Salazzle,0.0002846,24477.0,0.0166893491447023,1466624,0.02846
2022-06,Scizor,0.0243128,110546.0,0.0753744654389945,1466624,2.43128
2022-06,Scolipede,0.0006432,17727.0,0.0120869425292372,1466624,0.06432
2022-06,Scyther,0.0002618,5491.0,0.0037439725519287,1466624,0.026180000000000002
2022-06,Seismitoad,0.025553,110948.0,0.0756485643218711,1466624,2.5553
2022-06,Sharpedo,0.000418,12191.0,0.0083122872665386,1466624,0.041800000000000004
2022-06,Shedinja,0.0154479,24690.0,0.0168345806423459,1466624,1.54479
2022-06,Shiftry,0.0001081,5771.0,0.0039348871967184,1466624,0.01081
2022-06,Shuckle,0.001838,48618.0,0.0331496007156571,1466624,0.1838
2022-06,Silvally-Ice,0.0001584,561.0,0.0003825111275964,1466624,0.01584
2022-06,Skarmory,0.0548007,67536.0,0.0460486123232675,1466624,5.48007
2022-06,Slowbro,0.0698642,262319.0,0.1788590668092162,1466624,6.98642
2022-06,Slowbro-Galar,0.0019497,33953.0,0.0231504461947983,1466624,0.19497
2022-06,Slowking,0.0431492,92007.0,0.0627338704398673,1466624,4.31492
2022-06,Slowking-Galar,0.0975975,188819.0,0.1287439725519288,1466624,9.75975
2022-06,Slurpuff,0.0017129,38677.0,0.0263714489876069,1466624,0.17129
2022-06,Snorlax,0.0013721,33670.0,0.0229574860359574,1466624,0.13721
2022-06,Spiritomb,0.0001111,6232.0,0.0042492145226042,1466624,0.01111
2022-06,Stakataka,0.0004252,24838.0,0.0169354926688776,1466624,0.042519999999999995
2022-06,Starmie,0.0005842,20843.0,0.0142115497905393,1466624,0.05842
2022-06,Steelix,0.0004001,10852.0,0.0073993061616337,1466624,0.040010000000000004
2022-06,Suicune,0.0149582,21173.0,0.0144365563361843,1466624,1.49582
2022-06,Swampert,0.0165871,113657.0,0.0774956635102112,1466624,1.6587100000000001
2022-06,Talonflame,0.0002198,14039.0,0.0095723239221504,1466624,0.02198
2022-06,Tangrowth,0.0200974,52347.0,0.0356921746814452,1466624,2.0097400000000003
2022-06,Tapu Bulu,0.0192643,32386.0,0.0220820060219933,1466624,1.92643
2022-06,Tapu Fini,0.0858198,317603.0,0.2165537997469017,1466624,8.58198
2022-06,Tapu Koko,0.1018814,313003.0,0.2134173448682143,1466624,10.188139999999999
2022-06,Tapu Lele,0.1401204,294903.0,0.2010760767585966,1466624,14.01204
2022-06,Tentacruel,0.000289,22384.0,0.0152622621748996,1466624,0.0289
2022-06,Terrakion,0.0024731,27010.0,0.0184164448420317,1466624,0.24731000000000003
2022-06,Thundurus,0.0003173,18702.0,0.0127517345959155,1466624,0.03173
2022-06,Thundurus-Therian,0.0034175,46295.0,0.03156569100192,1466624,0.34175
2022-06,Togekiss,0.0026169,76480.0,0.0521469715482632,1466624,0.26169000000000003
2022-06,Torkoal,0.0216221,79731.0,0.0543636269418746,1466624,2.16221
2022-06,Tornadus,0.0003968,4373.0,0.0029816776488043,1466624,0.03968
2022-06,Tornadus-Therian,0.172353,275852.0,0.1880863806947111,1466624,17.235300000000002
2022-06,Toxapex,0.2093796,331443.0,0.2259904379036481,1466624,20.93796
2022-06,Toxicroak,0.0002134,14380.0,0.0098048306859835,1466624,0.02134
2022-06,Toxtricity,0.001852,24444.0,0.0166668484901378,1466624,0.1852
2022-06,Trevenant,0.0002082,5456.0,0.00372010822133,1466624,0.020819999999999998
2022-06,Tsareena,0.0005568,9124.0,0.0062210900680747,1466624,0.05568
2022-06,Tyranitar,0.0911062,237252.0,0.1617674332344213,1466624,9.110619999999999
2022-06,Tyrantrum,0.0004378,9093.0,0.0061999530895444,1466624,0.04378
2022-06,Umbreon,0.005967,59446.0,0.0405325427648804,1466624,0.5967
2022-06,Urshifu-Rapid-Strike,0.1563344,364058.0,0.2482285848315587,1466624,15.633440000000002
2022-06,Vanilluxe,0.0025668,8296.0,0.0056565281899109,1466624,0.25668
2022-06,Vaporeon,0.0006924,15860.0,0.0108139509513004,1466624,0.06924
2022-06,Venusaur,0.0226257,70028.0,0.0477477526618956,1466624,2.2625699999999997
2022-06,Victini,0.0260164,165088.0,0.1125632745679874,1466624,2.6016399999999997
2022-06,Vikavolt,0.0006291,8460.0,0.0057683496247163,1466624,0.06291
2022-06,Volcanion,0.0598791,184210.0,0.1256013811310874,1466624,5.987909999999999
2022-06,Volcarona,0.0500546,260333.0,0.1775049365072438,1466624,5.005459999999999
2022-06,Weavile,0.2284996,395735.0,0.269827167699424,1466624,22.84996
2022-06,Weezing-Galar,0.0010463,16238.0,0.0110716857217664,1466624,0.10463
2022-06,Whimsicott,0.000157,18957.0,0.0129256032902775,1466624,0.0157
2022-06,Xatu,0.0218812,13626.0,0.0092907248210857,1466624,2.18812
2022-06,Xurkitree,0.0021435,17683.0,0.0120569416564845,1466624,0.21435
2022-06,Zapdos,0.1969087,357005.0,0.2434195812969104,1466624,19.69087
2022-06,Zapdos-Galar,0.0333922,167851.0,0.1144471930092511,1466624,3.3392199999999996
2022-06,Zarude,0.0006946,13986.0,0.0095361865072438,1466624,0.06946
2022-06,Zeraora,0.0521313,208437.0,0.1421202707715133,1466624,5.21313
2022-06,Zoroark,0.0091015,32794.0,0.0223601959329725,1466624,0.91015
2022-06,Zygarde-10%,0.0292849,12570.0,0.0085707038750218,1466624,2.92849
2022-06,aromatisse,0.0,0.0,0.0,1466624,0.0
2022-06,dialga,0.0,0.0,0.0,1466624,0.0
2022-06,dracovish,0.0,0.0,0.0,1466624,0.0
2022-06,eternatus,0.0,0.0,0.0,1466624,0.0
2022-06,garbodor,0.0,0.0,0.0,1466624,0.0
2022-06,genesect,0.0,0.0,0.0,1466624,0.0
2022-06,giratina,0.0,0.0,0.0,1466624,0.0
2022-06,glalie,0.0,0.0,0.0,1466624,0.0
2022-06,gourgeist,0.0,0.0,0.0,1466624,0.0
2022-06,groudon,0.0,0.0,0.0,1466624,0.0
2022-06,heatmor,0.0,0.0,0.0,1466624,0.0
2022-06,ho-oh,0.0,0.0,0.0,1466624,0.0
2022-06,kyogre,0.0,0.0,0.0,1466624,0.0
2022-06,landorus,0.0,0.0,0.0,1466624,0.0
2022-06,lugia,0.0,0.0,0.0,1466624,0.0
2022-06,lunala,0.0,0.0,0.0,1466624,0.0
2022-06,lunatone,0.0,0.0,0.0,1466624,0.0
2022-06,marshadow,0.0,0.0,0.0,1466624,0.0
2022-06,mewtwo,0.0,0.0,0.0,1466624,0.0
2022-06,mr-rime,0.0,0.0,0.0,1466624,0.0
2022-06,musharna,0.0,0.0,0.0,1466624,0.0
2022-06,naganadel,0.0,0.0,0.0,1466624,0.0
2022-06,oranguru,0.0,0.0,0.0,1466624,0.0
2022-06,palkia,0.0,0.0,0.0,1466624,0.0
2022-06,passimian,0.0,0.0,0.0,1466624,0.0
2022-06,pheromosa,0.0,0.0,0.0,1466624,0.0
2022-06,pinsir,0.0,0.0,0.0,1466624,0.0
2022-06,raichu,0.0,0.0,0.0,1466624,0.0
2022-06,rayquaza,0.0,0.0,0.0,1466624,0.0
2022-06,reshiram,0.0,0.0,0.0,1466624,0.0
2022-06,rotom,0.0,0.0,0.0,1466624,0.0
2022-06,seaking,0.0,0.0,0.0,1466624,0.0
2022-06,sirfetchd,0.0,0.0,0.0,1466624,0.0
2022-06,skuntank,0.0,0.0,0.0,1466624,0.0
2022-06,solgaleo,0.0,0.0,0.0,1466624,0.0
2022-06,solrock,0.0,0.0,0.0,1466624,0.0
2022-06,sudowoodo,0.0,0.0,0.0,1466624,0.0
2022-06,throh,0.0,0.0,0.0,1466624,0.0
2022-06,whiscash,0.0,0.0,0.0,1466624,0.0
2022-06,wobbuffet,0.0,0.0,0.0,1466624,0.0
2022-06,xerneas,0.0,0.0,0.0,1466624,0.0
2022-06,yveltal,0.0,0.0,0.0,1466624,0.0
2022-06,zacian,0.0,0.0,0.0,1466624,0.0
2022-06,zamazenta,0.0,0.0,0.0,1466624,0.0
2022-06,zekrom,0.0,0.0,0.0,1466624,0.0
2022-06,zygarde,0.0,0.0,0.0,1466624,0.0
2022-07,Accelgor,0.0002879,9213.0,0.0059821723083795,1540076,0.02879
2022-07,Aegislash,0.0417481,104007.0,0.0675336801560442,1540076,4.17481
2022-07,Aerodactyl,0.0030946,12222.0,0.0079359719909926,1540076,0.30946
2022-07,Aggron,0.000456,11508.0,0.0074723585069827,1540076,0.0456
2022-07,Alakazam,0.0037015,55937.0,0.0363209348110093,1540076,0.37015
2022-07,Amoonguss,0.0066892,33228.0,0.0215755586087959,1540076,0.6689200000000001
2022-07,Araquanid,0.0002538,20425.0,0.0132623325082658,1540076,0.02538
2022-07,Arcanine,0.0002249,21813.0,0.0141635867320833,1540076,0.02249
2022-07,Arctovish,0.0030486,7355.0,0.0047757383401858,1540076,0.30485999999999996
2022-07,Arctozolt,0.0169783,51696.0,0.0335671746069674,1540076,1.6978300000000002
2022-07,Articuno-Galar,0.0003932,8096.0,0.0052568834265321,1540076,0.03932
2022-07,Audino,0.0009781,3951.0,0.0025654578085756,1540076,0.09781
2022-07,Aurorus,0.0044282,6424.0,0.0041712227188788,1540076,0.44282
2022-07,Avalugg,0.0016876,10072.0,0.0065399369901225,1540076,0.16876
2022-07,Azelf,0.000311,21226.0,0.0137824367109155,1540076,0.031100000000000003
2022-07,Azumarill,0.0081652,69340.0,0.0450237520745729,1540076,0.8165199999999999
2022-07,Barbaracle,0.0001406,9035.0,0.0058665935966796,1540076,0.01406
2022-07,Barraskewda,0.0232104,242397.0,0.1573928819097239,1540076,2.32104
2022-07,Bewear,0.001314,10030.0,0.0065126656087102,1540076,0.13140000000000002
2022-07,Bisharp,0.0505351,174033.0,0.1130028647936855,1540076,5.05351
2022-07,Blacephalon,0.1276786,255710.0,0.1660372604988325,1540076,12.76786
2022-07,Blastoise,0.0010248,39571.0,0.0256941865206652,1540076,0.10248
2022-07,Blaziken,0.1017583,149916.0,0.0973432479955534,1540076,10.17583
2022-07,Blissey,0.0684013,256186.0,0.1663463361548391,1540076,6.84013
2022-07,Bronzong,0.0035875,12967.0,0.0084197143517592,1540076,0.35875
2022-07,Buzzwole,0.0653497,223457.0,0.145094787529966,1540076,6.5349699999999995
2022-07,Celebi,0.0002706,8241.0,0.0053510346242652,1540076,0.02706
2022-07,Celesteela,0.1121354,72949.0,0.0473671429202195,1540076,11.21354
2022-07,Centiskorch,0.0001611,8063.0,0.0052354559125653,1540076,0.016110000000000003
2022-07,Chandelure,0.0002916,29872.0,0.0193964453702284,1540076,0.02916
2022-07,Chansey,0.0439547,55825.0,0.036248211127243,1540076,4.3954699999999995
2022-07,Charizard,0.0013674,48609.0,0.03156272807316,1540076,0.13674
2022-07,Clawitzer,0.0001703,6201.0,0.0040264246699513,1540076,0.01703
2022-07,Claydol,0.0001451,5900.0,0.0038309797698295,1540076,0.01451
2022-07,Clefable,0.2767631,398340.0,0.258649573137949,1540076,27.676309999999997
2022-07,Cloyster,0.0193798,83620.0,0.0542960217547705,1540076,1.9379799999999998
2022-07,Cobalion,0.0014929,14707.0,0.0095495287245564,1540076,0.14928999999999998
2022-07,Comfey,0.0003907,8508.0,0.0055244026918152,1540076,0.03907
2022-07,Conkeldurr,0.0023066,45941.0,0.029830346034871,1540076,0.23065999999999998
2022-07,Corsola-Galar,0.0001931,17719.0,0.0115052763629846,1540076,0.01931
2022-07,Corviknight,0.1805744,404205.0,0.2624578267566016,1540076,18.05744
2022-07,Cramorant,0.0005965,3599.0,0.002336897659596,1540076,0.05965
2022-07,Crawdaunt,0.0836394,100288.0,0.0651188642638415,1540076,8.36394
2022-07,Cresselia,0.0164597,35775.0,0.0232293730958731,1540076,1.6459700000000002
2022-07,Crobat,0.0002121,17863.0,0.0115987782421127,1540076,0.02121
2022-07,Crustle,0.0001159,4908.0,0.0031868557136141,1540076,0.01159
2022-07,Cursola,0.0013699,5946.0,0.0038608484256621,1540076,0.13699
2022-07,Darmanitan,0.0010076,36468.0,0.0236793508891768,1540076,0.10076
2022-07,Decidueye,0.0008227,14686.0,0.0095358930338502,1540076,0.08227
2022-07,Diancie,0.000849,9756.0,0.0063347523109249,1540076,0.0849
2022-07,Diggersby,0.0047976,19965.0,0.0129636459499401,1540076,0.47976
2022-07,Ditto,0.0139227,44119.0,0.0286472875364592,1540076,1.39227
2022-07,Dracozolt,0.0054027,49358.0,0.0320490677083468,1540076,0.54027
2022-07,Dragalge,0.0003786,6180.0,0.0040127889792451,1540076,0.03786
2022-07,Dragapult,0.2239789,602623.0,0.3912943257345741,1540076,22.39789
2022-07,Dragonite,0.0917715,289307.0,0.187852417672894,1540076,9.177150000000001
2022-07,Drampa,0.0015584,5315.0,0.0034511283858718,1540076,0.15584
2022-07,Drapion,0.0001212,12230.0,0.0079411665398331,1540076,0.01212
2022-07,Druddigon,0.000252,11211.0,0.0072795108812811,1540076,0.0252
2022-07,Durant,0.0005187,10839.0,0.0070379643602004,1540076,0.05187
2022-07,Entei,0.0003922,12841.0,0.0083379002075222,1540076,0.03922
2022-07,Escavalier,0.0003111,4209.0,0.00273298200868,1540076,0.031110000000000002
2022-07,Espeon,0.0018697,32768.0,0.0212768720504702,1540076,0.18697
2022-07,Excadrill,0.0651493,182203.0,0.1183077977969918,1540076,6.51493
2022-07,Exploud,0.0010724,8647.0,0.0056146579779179,1540076,0.10724
2022-07,Falinks,0.0001225,2574.0,0.0016713460894137,1540076,0.01225
2022-07,Ferrothorn,0.1936831,722819.0,0.4693398247878676,1540076,19.36831
2022-07,Flygon,0.000154,17283.0,0.0112221734511803,1540076,0.0154
2022-07,Froslass,0.000104,9389.0,0.0060964523828694,1540076,0.0104
2022-07,Frosmoth,0.0025454,7838.0,0.0050893592264277,1540076,0.25454000000000004
2022-07,Gallade,0.0018279,10110.0,0.0065646110971146,1540076,0.18278999999999998
2022-07,Galvantula,0.0002806,36461.0,0.0236748056589415,1540076,0.028059999999999998
2022-07,Garchomp,0.2135474,496329.0,0.3222756539287671,1540076,21.35474
2022-07,Gardevoir,0.0010737,37314.0,0.0242286744290541,1540076,0.10737
2022-07,Gastrodon,0.0940494,77536.0,0.0503455673616107,1540076,9.40494
2022-07,Gengar,0.0064859,117173.0,0.0760826089102096,1540076,0.64859
2022-07,Gigalith,0.0010349,9126.0,0.0059256815897397,1540076,0.10349
2022-07,Glastrier,0.0025108,8660.0,0.0056230991197836,1540076,0.25108
2022-07,Golisopod,0.0012349,14367.0,0.0093287603988374,1540076,0.12348999999999999
2022-07,Golurk,0.000418,9566.0,0.0062113817759643,1540076,0.041800000000000004
2022-07,Goodra,0.0003646,31094.0,0.0201899127056067,1540076,0.03646
2022-07,Grimmsnarl,0.00308,44681.0,0.0290122045925006,1540076,0.308
2022-07,Guzzlord,0.0002018,3310.0,0.0021492445827348,1540076,0.02018
2022-07,Gyarados,0.0014198,58019.0,0.0376728161467356,1540076,0.14198
2022-07,Hatterene,0.0125523,95345.0,0.0619092823990504,1540076,1.25523
2022-07,Hawlucha,0.0285517,131352.0,0.0852892974112965,1540076,2.8551699999999998
2022-07,Haxorus,0.0017622,27303.0,0.0177283458738399,1540076,0.17622
2022-07,Heatran,0.1820616,556384.0,0.3612704827553964,1540076,18.20616
2022-07,Heliolisk,0.0011959,27275.0,0.0177101649528984,1540076,0.11959
2022-07,Heracross,0.0047057,19729.0,0.0128104067591469,1540076,0.47057000000000004
2022-07,Hippowdon,0.0646853,95675.0,0.0621235575387188,1540076,6.46853
2022-07,Hitmontop,0.0006248,10922.0,0.00709185780442,1540076,0.06248
2022-07,Hydreigon,0.027903,104645.0,0.0679479454260698,1540076,2.7903000000000002
2022-07,Incineroar,0.0009718,40999.0,0.0266214134886849,1540076,0.09718
2022-07,Indeedee,0.0004798,9113.0,0.005917240447874,1540076,0.04798
2022-07,Indeedee-F,0.0002653,2857.0,0.0018551032546445,1540076,0.026529999999999998
2022-07,Inteleon,0.0040589,19657.0,0.0127636558195829,1540076,0.40589
2022-07,Jellicent,0.0010232,15031.0,0.0097599079525945,1540076,0.10232
2022-07,Jirachi,0.0099235,61197.0,0.0397363506736031,1540076,0.99235
2022-07,Kartana,0.1920503,492433.0,0.3197459086434695,1540076,19.20503
2022-07,Keldeo,0.0078212,32819.0,0.021309987299328,1540076,0.78212
2022-07,Kingdra,0.0017844,35116.0,0.0228014721351413,1540076,0.17844
2022-07,Klefki,0.0045584,24195.0,0.0157102636493263,1540076,0.45583999999999997
2022-07,Kommo-o,0.0107806,75820.0,0.0492313366353348,1540076,1.07806
2022-07,Krookodile,0.0017286,45167.0,0.0293277734345577,1540076,0.17286
2022-07,Landorus-Therian,0.386312,1072395.0,0.696326025468873,1540076,38.6312
2022-07,Lanturn,0.0021586,14087.0,0.0091469511894218,1540076,0.21586
2022-07,Latias,0.0089139,31236.0,0.0202821159475246,1540076,0.89139
2022-07,Latios,0.0142383,64869.0,0.0421206485913682,1540076,1.4238300000000002
2022-07,Lilligant,0.0002892,3097.0,0.0020109397198579,1540076,0.028919999999999998
2022-07,Lucario,0.001209,34870.0,0.0226417397582976,1540076,0.12090000000000001
2022-07,Lurantis,0.0001386,5552.0,0.0036050168952701,1540076,0.01386
2022-07,Luxray,0.0002532,3971.0,0.0025784441806767,1540076,0.02532
2022-07,Lycanroc-Dusk,0.0028275,23332.0,0.0151499016931631,1540076,0.28275
2022-07,Magmortar,0.0001265,4166.0,0.0027050613086626,1540076,0.012650000000000002
2022-07,Magnezone,0.0469449,179287.0,0.1164143847446489,1540076,4.69449
2022-07,Malamar,0.0001008,15646.0,0.0101592388947038,1540076,0.01008
2022-07,Mamoswine,0.0138275,67556.0,0.0438653676831533,1540076,1.38275
2022-07,Mandibuzz,0.0212207,82678.0,0.0536843636288079,1540076,2.12207
2022-07,Mantine,0.0007499,9622.0,0.0062477436178474,1540076,0.07499
2022-07,Marowak-Alola,0.0056606,50008.0,0.0324711248016331,1540076,0.56606
2022-07,Melmetal,0.143137,360200.0,0.2338845615411187,1540076,14.313699999999999
2022-07,Metagross,0.0007465,37085.0,0.0240799804684963,1540076,0.07465
2022-07,Mew,0.1172049,171211.0,0.1111704876902178,1540076,11.72049
2022-07,Mienshao,0.0007063,30985.0,0.0201191369776556,1540076,0.07063
2022-07,Milotic,0.0002578,37841.0,0.0245708653339185,1540076,0.025779999999999997
2022-07,Miltank,0.0008999,4555.0,0.0029576462460294,1540076,0.08999
2022-07,Mimikyu,0.00092,42595.0,0.0276577259823541,1540076,0.092
2022-07,Moltres,0.0066086,30832.0,0.0200197912310821,1540076,0.66086
2022-07,Moltres-Galar,0.0313644,65123.0,0.0422855755170524,1540076,3.13644
2022-07,Morpeko,0.0001552,6437.0,0.0041796638607445,1540076,0.01552
2022-07,Necrozma,0.0156617,17107.0,0.0111078933766905,1540076,1.56617
2022-07,Nidoking,0.0359248,144748.0,0.0939875694446248,1540076,3.59248
2022-07,Nidoqueen,0.0002685,6353.0,0.0041251210979198,1540076,0.026850000000000002
2022-07,Nihilego,0.0146897,66830.0,0.0433939623758827,1540076,1.46897
2022-07,Ninetales-Alola,0.0351115,205085.0,0.1331655061178799,1540076,3.5111499999999998
2022-07,Noivern,0.0036688,11864.0,0.0077035159303826,1540076,0.36688
2022-07,Obstagoon,0.0039826,31091.0,0.0201879647497915,1540076,0.39826
2022-07,Omastar,0.0041648,10647.0,0.0069132951880296,1540076,0.41647999999999996
2022-07,Orbeetle,0.0007273,4773.0,0.0030991977019315,1540076,0.07272999999999999
2022-07,Pangoro,0.0002059,7924.0,0.0051452006264625,1540076,0.02059
2022-07,Pelipper,0.0401796,279503.0,0.1814864980689264,1540076,4.01796
2022-07,Pikachu,0.0008889,16587.0,0.0107702477020614,1540076,0.08889
2022-07,Politoed,0.0003531,16348.0,0.0106150605554531,1540076,0.03531
2022-07,Poliwrath,0.0006778,7620.0,0.0049478077705256,1540076,0.06777999999999999
2022-07,Polteageist,0.0136796,34775.0,0.0225800544908173,1540076,1.36796
2022-07,Porygon-Z,0.0011048,36382.0,0.023623509489142,1540076,0.11048
2022-07,Porygon2,0.0038844,50355.0,0.0326964383575875,1540076,0.38844
2022-07,Primarina,0.0033756,32800.0,0.021297650245832,1540076,0.33755999999999997
2022-07,Pyukumuku,0.0009331,11667.0,0.0075756001651866,1540076,0.09330999999999999
2022-07,Quagsire,0.0206903,38168.0,0.0247831925177718,1540076,2.0690299999999997
2022-07,Raichu-Alola,0.0007812,14953.0,0.0097092611014001,1540076,0.07812
2022-07,Raikou,0.0004804,9412.0,0.0061113867107857,1540076,0.04804
2022-07,Regidrago,0.0013361,15236.0,0.0098930182666309,1540076,0.13361
2022-07,Regieleki,0.019429,244701.0,0.1588889119757726,1540076,1.9428999999999998
2022-07,Regigigas,0.0001772,4864.0,0.0031582856949916,1540076,0.01772
2022-07,Registeel,0.0001651,10723.0,0.0069626434020139,1540076,0.01651
2022-07,Reuniclus,0.0125192,32095.0,0.0208398806292676,1540076,1.25192
2022-07,Rhydon,0.0008823,2890.0,0.0018765307686114,1540076,0.08823
2022-07,Rhyperior,0.0010168,17036.0,0.0110617917557315,1540076,0.10167999999999999
2022-07,Ribombee,0.0009668,18547.0,0.0120429121679709,1540076,0.09668
2022-07,Rillaboom,0.0956361,362930.0,0.2356572013329212,1540076,9.56361
2022-07,Rotom-Heat,0.0012514,42540.0,0.027622013459076,1540076,0.12514
2022-07,Rotom-Mow,0.0009886,8713.0,0.0056575130058516,1540076,0.09886
2022-07,Rotom-Wash,0.1138548,152305.0,0.0988944701430319,1540076,11.385480000000001
2022-07,Runerigus,0.0001629,6307.0,0.0040952524420872,1540076,0.01629
2022-07,Sableye,0.000909,14172.0,0.0092021432708515,1540076,0.0909
2022-07,Salamence,0.0039337,44189.0,0.0286927398388131,1540076,0.39337
2022-07,Salazzle,0.0006787,30339.0,0.0196996771587895,1540076,0.06787
2022-07,Sandslash-Alola,0.0003457,9171.0,0.0059549009269672,1540076,0.034570000000000004
2022-07,Scizor,0.0321386,117290.0,0.0761585791870011,1540076,3.2138600000000004
2022-07,Scolipede,0.0194214,18746.0,0.012172126570377,1540076,1.9421399999999998
2022-07,Scrafty,0.0001256,9056.0,0.0058802292873858,1540076,0.012559999999999998
2022-07,Scyther,0.0004463,5532.0,0.0035920305231689,1540076,0.04463
2022-07,Seismitoad,0.0269501,134641.0,0.0874249063033252,1540076,2.69501
2022-07,Sharpedo,0.0042854,14950.0,0.009707313145585,1540076,0.42854
2022-07,Shedinja,0.004286,27046.0,0.0175614709923406,1540076,0.4286
2022-07,Shuckle,0.0029986,52540.0,0.0341151995096345,1540076,0.29986
2022-07,Sigilyph,0.0017452,7458.0,0.0048426181565065,1540076,0.17451999999999998
2022-07,Silvally-Electric,0.0002489,1504.0,0.000976575182004,1540076,0.02489
2022-07,Silvally-Ground,0.000586,4882.0,0.0031699734298826,1540076,0.058600000000000006
2022-07,Sirfetch'd,0.0001263,7589.0,0.0049276788937688,1540076,0.01263
2022-07,Skarmory,0.064044,80694.0,0.0523961155163771,1540076,6.404400000000001
2022-07,Slowbro,0.0514945,235843.0,0.1531372477721878,1540076,5.14945
2022-07,Slowbro-Galar,0.0032223,37260.0,0.0241936112243811,1540076,0.32223
2022-07,Slowking,0.0213353,87747.0,0.056975759637836,1540076,2.1335300000000004
2022-07,Slowking-Galar,0.0789622,210735.0,0.1368341562364455,1540076,7.89622
2022-07,Slurpuff,0.0010895,41204.0,0.0267545238027214,1540076,0.10894999999999999
2022-07,Snorlax,0.0019988,38827.0,0.0252110934785036,1540076,0.19987999999999997
2022-07,Stakataka,0.0040014,23480.0,0.0152460008467114,1540076,0.40013999999999994
2022-07,Starmie,0.0019792,21901.0,0.0142207267693282,1540076,0.19791999999999998
2022-07,Steelix,0.0001504,11529.0,0.0074859941976889,1540076,0.01504
2022-07,Stunfisk,0.0002294,2048.0,0.0013298045031543,1540076,0.02294
2022-07,Suicune,0.0059945,22580.0,0.0146616141021611,1540076,0.59945
2022-07,Swampert,0.0160517,107902.0,0.0700627761227368,1540076,1.6051699999999998
2022-07,Talonflame,0.0003411,15474.0,0.0100475560946342,1540076,0.03411
2022-07,Tangrowth,0.0225376,60400.0,0.0392188437453736,1540076,2.25376
2022-07,Tapu Bulu,0.0090043,37422.0,0.0242988008384001,1540076,0.90043
2022-07,Tapu Fini,0.0804905,319632.0,0.2075430043712128,1540076,8.049050000000001
2022-07,Tapu Koko,0.0870501,292982.0,0.1902386635464743,1540076,8.70501
2022-07,Tapu Lele,0.1122947,319883.0,0.2077059833410818,1540076,11.22947
2022-07,Tentacruel,0.0003586,23320.0,0.0151421098699025,1540076,0.035859999999999996
2022-07,Terrakion,0.0012354,24371.0,0.0158245437238162,1540076,0.12354
2022-07,Thundurus,0.000865,17412.0,0.0113059355512325,1540076,0.0865
2022-07,Thundurus-Therian,0.0185419,44721.0,0.0290381773367028,1540076,1.85419
2022-07,Togekiss,0.0026736,67795.0,0.0440205548297616,1540076,0.26736
2022-07,Torkoal,0.0115353,99197.0,0.0644104576657255,1540076,1.15353
2022-07,Tornadus-Therian,0.1812529,297494.0,0.1931683890924863,1540076,18.12529
2022-07,Toxapex,0.200751,338828.0,0.220007324313865,1540076,20.075100000000003
2022-07,Toxicroak,0.0005651,12613.0,0.0081898555655694,1540076,0.056510000000000005
2022-07,Toxtricity,0.0064124,24138.0,0.0156732524888382,1540076,0.64124
2022-07,Trubbish,0.0001124,183.0,0.0001188253047252,1540076,0.01124
2022-07,Turtonator,0.0005641,6413.0,0.0041640802142231,1540076,0.05641
2022-07,Tyranitar,0.0924345,295379.0,0.1917950802427932,1540076,9.243450000000001
2022-07,Tyrantrum,0.0004546,10318.0,0.0066996693669663,1540076,0.04546
2022-07,Umbreon,0.0057365,49775.0,0.0323198335666551,1540076,0.57365
2022-07,Urshifu-Rapid-Strike,0.0785724,402873.0,0.2615929343746672,1540076,7.85724
2022-07,Uxie,0.0002756,7885.0,0.0051198772008654,1540076,0.027559999999999998
2022-07,Vanilluxe,0.0021509,8343.0,0.0054172651219809,1540076,0.21508999999999998
2022-07,Vaporeon,0.000478,17021.0,0.0110520519766556,1540076,0.0478
2022-07,Venusaur,0.0105669,87895.0,0.0570718587913843,1540076,1.0566900000000001
2022-07,Victini,0.0290264,153338.0,0.0995652162620546,1540076,2.90264
2022-07,Vikavolt,0.0042256,9346.0,0.006068531682852,1540076,0.42256000000000005
2022-07,Vileplume,0.0001433,7328.0,0.0047582067378493,1540076,0.014329999999999999
2022-07,Volcanion,0.0524368,204985.0,0.1331005742573743,1540076,5.2436799999999995
2022-07,Volcarona,0.0536457,254416.0,0.1651970422238902,1540076,5.36457
2022-07,Weavile,0.2820743,409999.0,0.2662199787542952,1540076,28.20743
2022-07,Weezing,0.0004385,7821.0,0.0050783208101418,1540076,0.04385
2022-07,Weezing-Galar,0.0011849,18953.0,0.0123065355216236,1540076,0.11849
2022-07,Wishiwashi,0.0002838,2505.0,0.0016265431056649,1540076,0.028380000000000002
2022-07,Xatu,0.012643,14994.0,0.0097358831642074,1540076,1.2643
2022-07,Xurkitree,0.000708,18321.0,0.0118961661632283,1540076,0.0708
2022-07,Zapdos,0.154758,413830.0,0.2687075183302642,1540076,15.475800000000001
2022-07,Zapdos-Galar,0.019175,153716.0,0.0998106586947657,1540076,1.9175000000000002
2022-07,Zarude,0.0009904,17045.0,0.011067635623177,1540076,0.09904
2022-07,Zeraora,0.0709119,215858.0,0.1401606154501466,1540076,7.09119
2022-07,Zoroark,0.0003747,33925.0,0.0220281336765198,1540076,0.03747
2022-07,Zygarde-10%,0.0037165,14345.0,0.0093144753895262,1540076,0.37165000000000004
2022-07,aromatisse,0.0,0.0,0.0,1540076,0.0
2022-07,dialga,0.0,0.0,0.0,1540076,0.0
2022-07,dracovish,0.0,0.0,0.0,1540076,0.0
2022-07,eternatus,0.0,0.0,0.0,1540076,0.0
2022-07,garbodor,0.0,0.0,0.0,1540076,0.0
2022-07,genesect,0.0,0.0,0.0,1540076,0.0
2022-07,giratina,0.0,0.0,0.0,1540076,0.0
2022-07,glalie,0.0,0.0,0.0,1540076,0.0
2022-07,gourgeist,0.0,0.0,0.0,1540076,0.0
2022-07,groudon,0.0,0.0,0.0,1540076,0.0
2022-07,heatmor,0.0,0.0,0.0,1540076,0.0
2022-07,ho-oh,0.0,0.0,0.0,1540076,0.0
2022-07,kyogre,0.0,0.0,0.0,1540076,0.0
2022-07,landorus,0.0,0.0,0.0,1540076,0.0
2022-07,lugia,0.0,0.0,0.0,1540076,0.0
2022-07,lunala,0.0,0.0,0.0,1540076,0.0
2022-07,lunatone,0.0,0.0,0.0,1540076,0.0
2022-07,marshadow,0.0,0.0,0.0,1540076,0.0
2022-07,mewtwo,0.0,0.0,0.0,1540076,0.0
2022-07,mr-rime,0.0,0.0,0.0,1540076,0.0
2022-07,musharna,0.0,0.0,0.0,1540076,0.0
2022-07,naganadel,0.0,0.0,0.0,1540076,0.0
2022-07,oranguru,0.0,0.0,0.0,1540076,0.0
2022-07,palkia,0.0,0.0,0.0,1540076,0.0
2022-07,passimian,0.0,0.0,0.0,1540076,0.0
2022-07,pheromosa,0.0,0.0,0.0,1540076,0.0
2022-07,pinsir,0.0,0.0,0.0,1540076,0.0
2022-07,raichu,0.0,0.0,0.0,1540076,0.0
2022-07,rayquaza,0.0,0.0,0.0,1540076,0.0
2022-07,reshiram,0.0,0.0,0.0,1540076,0.0
2022-07,rotom,0.0,0.0,0.0,1540076,0.0
2022-07,seaking,0.0,0.0,0.0,1540076,0.0
2022-07,sirfetchd,0.0,0.0,0.0,1540076,0.0
2022-07,skuntank,0.0,0.0,0.0,1540076,0.0
2022-07,solgaleo,0.0,0.0,0.0,1540076,0.0
2022-07,solrock,0.0,0.0,0.0,1540076,0.0
2022-07,sudowoodo,0.0,0.0,0.0,1540076,0.0
2022-07,throh,0.0,0.0,0.0,1540076,0.0
2022-07,whiscash,0.0,0.0,0.0,1540076,0.0
2022-07,wobbuffet,0.0,0.0,0.0,1540076,0.0
2022-07,xerneas,0.0,0.0,0.0,1540076,0.0
2022-07,yveltal,0.0,0.0,0.0,1540076,0.0
2022-07,zacian,0.0,0.0,0.0,1540076,0.0
2022-07,zamazenta,0.0,0.0,0.0,1540076,0.0
2022-07,zekrom,0.0,0.0,0.0,1540076,0.0
2022-07,zygarde,0.0,0.0,0.0,1540076,0.0
2022-08,Absol,0.0002201,7125.0,0.0042062645890966,1693902,0.022010000000000002
2022-08,Aegislash,0.0284213,111700.0,0.0659424216985398,1693902,2.84213
2022-08,Aerodactyl,0.0070805,14718.0,0.0086888143469929,1693902,0.70805
2022-08,Aggron,0.0004882,11822.0,0.0069791522768141,1693902,0.04882
2022-08,Alakazam,0.0042601,57340.0,0.0338508367072003,1693902,0.42601
2022-08,Altaria,0.0001583,5148.0,0.0030391368567957,1693902,0.01583
2022-08,Amoonguss,0.0097356,38663.0,0.0228248151309816,1693902,0.9735600000000001
2022-08,Araquanid,0.0006856,22363.0,0.013202062456978,1693902,0.06856
2022-08,Arcanine,0.0001036,24414.0,0.014412876305713,1693902,0.01036
2022-08,Arctovish,0.0011631,6699.0,0.003954774243138,1693902,0.11631
2022-08,Arctozolt,0.0209902,56153.0,0.0331500877854799,1693902,2.09902
2022-08,Audino,0.0003757,3519.0,0.0020774519423201,1693902,0.03757
2022-08,Aurorus,0.0004151,6254.0,0.0036920671916084,1693902,0.04151
2022-08,Avalugg,0.0001879,10177.0,0.0060080217155419,1693902,0.018789999999999998
2022-08,Azelf,0.000202,22905.0,0.0135220337422117,1693902,0.0202
2022-08,Azumarill,0.0085227,74277.0,0.0438496441942922,1693902,0.85227
2022-08,Barbaracle,0.000173,7742.0,0.0045705123436893,1693902,0.0173
2022-08,Barraskewda,0.025529,262687.0,0.1550780387531274,1693902,2.5529
2022-08,Bewear,0.0001624,8664.0,0.0051148177403415,1693902,0.016239999999999997
2022-08,Bisharp,0.0339127,188687.0,0.1113919223190007,1693902,3.3912699999999996
2022-08,Blacephalon,0.0957576,271227.0,0.1601196527307955,1693902,9.575759999999999
2022-08,Blastoise,0.0027778,40650.0,0.0239978463925303,1693902,0.27777999999999997
2022-08,Blaziken,0.0499483,184901.0,0.1091568461457628,1693902,4.99483
2022-08,Blissey,0.0696971,270693.0,0.15980440426896,1693902,6.96971
2022-08,Bouffalant,0.0001082,2041.0,0.0012049103194871,1693902,0.01082
2022-08,Bronzong,0.0016099,13834.0,0.0081669423614825,1693902,0.16099
2022-08,Buzzwole,0.0879664,237973.0,0.1404880565699786,1693902,8.79664
2022-08,Celesteela,0.0463771,79754.0,0.0470830071633423,1693902,4.637709999999999
2022-08,Centiskorch,0.0003213,7562.0,0.0044642488172279,1693902,0.03213
2022-08,Chandelure,0.0002271,35152.0,0.0207520860120597,1693902,0.022709999999999998
2022-08,Chansey,0.04397,57941.0,0.0342056388149963,1693902,4.397
2022-08,Charizard,0.0005139,46393.0,0.0273882432395734,1693902,0.05139
2022-08,Clawitzer,0.0002274,7959.0,0.0046986189283677,1693902,0.02274
2022-08,Claydol,0.0001627,6219.0,0.0036714048392409,1693902,0.01627
2022-08,Clefable,0.2556821,457747.0,0.2702322802617861,1693902,25.56821
2022-08,Cloyster,0.0159928,86688.0,0.051176514343805,1693902,1.5992800000000003
2022-08,Cobalion,0.0037395,12829.0,0.0075736376720731,1693902,0.37395
2022-08,Comfey,0.0001386,8791.0,0.0051897925617892,1693902,0.01386
2022-08,Conkeldurr,0.0035951,48755.0,0.0287826568479168,1693902,0.35951
2022-08,Corsola-Galar,0.0009287,20890.0,0.0123324725987689,1693902,0.09287
2022-08,Corviknight,0.1691067,452380.0,0.2670638561144624,1693902,16.91067
2022-08,Cramorant,0.000399,4883.0,0.0028826933317275,1693902,0.0399
2022-08,Crawdaunt,0.0490507,131419.0,0.077583591022385,1693902,4.90507
2022-08,Cresselia,0.0156691,54612.0,0.0322403539283854,1693902,1.5669099999999998
2022-08,Crobat,0.0001234,18910.0,0.0111635738076937,1693902,0.012339999999999999
2022-08,Crustle,0.0001337,5709.0,0.0033703248476003,1693902,0.01337
2022-08,Cursola,0.0005045,5854.0,0.0034559260216942,1693902,0.050449999999999995
2022-08,Darmanitan,0.0020937,41935.0,0.0247564499008797,1693902,0.20937
2022-08,Dhelmise,0.0003093,8576.0,0.0050628666829604,1693902,0.03093
2022-08,Diancie,0.0001887,12047.0,0.0071119816848908,1693902,0.01887
2022-08,Diggersby,0.0045346,18729.0,0.0110567199283075,1693902,0.45346
2022-08,Diglett-Alola,0.000172,23.0,1.357811727006639e-05,1693902,0.0172
2022-08,Ditto,0.0055277,53497.0,0.0315821104172496,1693902,0.55277
2022-08,Dracozolt,0.0033717,55816.0,0.0329511388498272,1693902,0.33717
2022-08,Dragalge,0.0005716,6484.0,0.0038278483643091,1693902,0.05716
2022-08,Dragapult,0.2240024,670863.0,0.3960459341803717,1693902,22.40024
2022-08,Dragonite,0.0949275,311431.0,0.1838542017188715,1693902,9.49275
2022-08,Drampa,0.0002233,5350.0,0.0031583881476023,1693902,0.02233
2022-08,Drapion,0.0005427,12931.0,0.0076338536704012,1693902,0.05427
2022-08,Drednaw,0.0001745,3577.0,0.0021116924119577,1693902,0.01745
2022-08,Druddigon,0.0001888,13879.0,0.0081935082430978,1693902,0.01888
2022-08,Durant,0.0001824,11378.0,0.0067170355782093,1693902,0.01824
2022-08,Eldegoss,0.0005842,4576.0,0.0027014549838184,1693902,0.05842
2022-08,Electivire,0.0001113,11003.0,0.0064956532314148,1693902,0.01113
2022-08,Entei,0.0005585,13371.0,0.0078936089573068,1693902,0.05585
2022-08,Espeon,0.005906,39083.0,0.0230727633593915,1693902,0.5906
2022-08,Excadrill,0.0856718,200285.0,0.1182388355406629,1693902,8.56718
2022-08,Ferrothorn,0.2135201,782886.0,0.4621790398736172,1693902,21.35201
2022-08,Flygon,0.0001428,19014.0,0.0112249705118714,1693902,0.014280000000000001
2022-08,Frosmoth,0.0002403,8661.0,0.0051130466815671,1693902,0.024030000000000003
2022-08,Gallade,0.000129,10211.0,0.0060280937149846,1693902,0.012899999999999998
2022-08,Galvantula,0.0001878,39850.0,0.0235255640527019,1693902,0.01878
2022-08,Garchomp,0.1875789,573072.0,0.3383147313126733,1693902,18.75789
2022-08,Gardevoir,0.0001885,36595.0,0.0216039652825252,1693902,0.01885
2022-08,Gastrodon,0.0827174,92921.0,0.054856184123993,1693902,8.27174
2022-08,Gengar,0.0189491,127195.0,0.075089940268091,1693902,1.89491
2022-08,Gigalith,0.0004451,7898.0,0.0046626073999558,1693902,0.04451
2022-08,Glastrier,0.0006785,10885.0,0.0064259915862901,1693902,0.06785
2022-08,Golisopod,0.0001129,15847.0,0.0093553227990757,1693902,0.011290000000000001
2022-08,Golurk,0.0077776,10681.0,0.0063055595896338,1693902,0.77776
2022-08,Goodra,0.0002209,33380.0,0.0197059806293398,1693902,0.02209
2022-08,Grimmsnarl,0.0016004,54495.0,0.0321712826361855,1693902,0.16004000000000002
2022-08,Guzzlord,0.0019813,4517.0,0.002666624161256,1693902,0.19813
2022-08,Gyarados,0.0008477,58690.0,0.0346478131556607,1693902,0.08477
2022-08,Hatterene,0.0099247,106906.0,0.0631122697771181,1693902,0.99247
2022-08,Hawlucha,0.0196501,132883.0,0.0784478677042709,1693902,1.96501
2022-08,Haxorus,0.0011222,27921.0,0.0164832440129358,1693902,0.11222
2022-08,Heatran,0.2135974,595452.0,0.3515268297693727,1693902,21.35974
2022-08,Heliolisk,0.0003159,23442.0,0.0138390532628215,1693902,0.03159
2022-08,Heracross,0.0003029,18239.0,0.0107674469951626,1693902,0.030289999999999997
2022-08,Hippowdon,0.0567416,102607.0,0.0605743425534653,1693902,5.6741600000000005
2022-08,Hitmontop,0.0028635,12425.0,0.0073351350904597,1693902,0.28635
2022-08,Hydreigon,0.0126071,107669.0,0.0635627090587294,1693902,1.26071
2022-08,Incineroar,0.0016414,45079.0,0.0266125194964053,1693902,0.16414
2022-08,Indeedee,0.0001121,8267.0,0.0048804476292016,1693902,0.01121
2022-08,Inteleon,0.000587,19979.0,0.0117946610842894,1693902,0.058699999999999995
2022-08,Jellicent,0.0004038,14709.0,0.0086835011706698,1693902,0.04038
2022-08,Jirachi,0.008781,65113.0,0.0384396499915579,1693902,0.8781000000000001
2022-08,Jolteon,0.0006489,18624.0,0.010994732871205,1693902,0.06489
2022-08,Jynx,0.000223,2597.0,0.0015331465456679,1693902,0.0223
2022-08,Kartana,0.2094586,555155.0,0.3277373779592916,1693902,20.94586
2022-08,Keldeo,0.0108968,39260.0,0.0231772558270785,1693902,1.08968
2022-08,Kingdra,0.013649,38425.0,0.0226843111348826,1693902,1.3649
2022-08,Klefki,0.0009549,29052.0,0.0171509331708682,1693902,0.09548999999999999
2022-08,Kommo-o,0.0122007,76095.0,0.0449229058115522,1693902,1.22007
2022-08,Krookodile,0.001505,45203.0,0.0266857232590787,1693902,0.1505
2022-08,Landorus-Therian,0.3896945,1149491.0,0.6786053738646037,1693902,38.96945
2022-08,Lanturn,0.0011154,17674.0,0.0104338975926588,1693902,0.11153999999999999
2022-08,Latias,0.0014208,32415.0,0.0191362900569218,1693902,0.14208
2022-08,Latios,0.0043725,74349.0,0.0438921496048767,1693902,0.43724999999999997
2022-08,Lucario,0.000282,38035.0,0.0224540734942163,1693902,0.028200000000000003
2022-08,Lycanroc-Dusk,0.0091066,26464.0,0.0156230998015233,1693902,0.9106599999999999
2022-08,Machamp,0.000616,14527.0,0.0085760569383588,1693902,0.0616
2022-08,Magnezone,0.0596478,202407.0,0.1194915644470577,1693902,5.96478
2022-08,Malamar,0.0002169,16784.0,0.0099084834895997,1693902,0.021689999999999997
2022-08,Mamoswine,0.0108064,74684.0,0.0440899178346799,1693902,1.08064
2022-08,Mandibuzz,0.0217625,80720.0,0.0476532880886851,1693902,2.17625
2022-08,Marowak-Alola,0.0062853,61560.0,0.036342126049795,1693902,0.6285299999999999
2022-08,Melmetal,0.1600073,414430.0,0.2446599626188528,1693902,16.00073
2022-08,Metagross,0.0004437,42602.0,0.0251502153017116,1693902,0.04437
2022-08,Mew,0.1056884,201293.0,0.1188339112888467,1693902,10.56884
2022-08,Mienshao,0.0003541,29771.0,0.0175753969237889,1693902,0.03541
2022-08,Milotic,0.0001645,40976.0,0.0241903014460104,1693902,0.01645
2022-08,Mimikyu,0.0010786,48181.0,0.0284437942690899,1693902,0.10786000000000001
2022-08,Moltres,0.0016982,28537.0,0.0168469014146036,1693902,0.16982
2022-08,Moltres-Galar,0.0221187,86528.0,0.0510820578758393,1693902,2.2118700000000002
2022-08,Necrozma,0.0191908,20531.0,0.012120535898771,1693902,1.9190800000000001
2022-08,Nidoking,0.0294663,155699.0,0.0919173600361768,1693902,2.94663
2022-08,Nidoqueen,0.0006532,7364.0,0.0043473589381203,1693902,0.06532
2022-08,Nihilego,0.0371039,74318.0,0.0438738486642084,1693902,3.7103900000000003
2022-08,Ninetales,0.0001554,16852.0,0.0099486274884851,1693902,0.015540000000000002
2022-08,Ninetales-Alola,0.0438091,207842.0,0.1227001325932669,1693902,4.38091
2022-08,Noivern,0.0015164,12874.0,0.0076002035536884,1693902,0.15164
2022-08,Obstagoon,0.0041173,32643.0,0.0192708905237729,1693902,0.41173
2022-08,Omastar,0.0050689,11788.0,0.0069590802773714,1693902,0.5068900000000001
2022-08,Pelipper,0.0485378,294957.0,0.1741287276359553,1693902,4.8537799999999995
2022-08,Pikachu,0.0001,16165.0,0.0095430550291575,1693902,0.01
2022-08,Pincurchin,0.000122,4851.0,0.0028638020381344,1693902,0.012199999999999999
2022-08,Politoed,0.0014785,20489.0,0.01209574107593,1693902,0.14785
2022-08,Poliwrath,0.0002296,9391.0,0.0055440043166605,1693902,0.02296
2022-08,Polteageist,0.0211669,49058.0,0.0289615337841268,1693902,2.1166899999999997
2022-08,Porygon-Z,0.0045693,41911.0,0.0247422814306848,1693902,0.45693
2022-08,Porygon2,0.0070291,71405.0,0.0421541505943082,1693902,0.70291
2022-08,Primarina,0.0132965,32896.0,0.0194202498137436,1693902,1.32965
2022-08,Pyukumuku,0.0006237,12351.0,0.0072914489740256,1693902,0.06237
2022-08,Quagsire,0.0395722,49440.0,0.0291870486013948,1693902,3.9572200000000004
2022-08,Raichu-Alola,0.0001446,14601.0,0.008619743054793,1693902,0.014459999999999999
2022-08,Raikou,0.0002932,9393.0,0.0055451850225101,1693902,0.029320000000000002
2022-08,Regidrago,0.0024147,15588.0,0.0092024213915563,1693902,0.24147000000000002
2022-08,Regieleki,0.0274762,265613.0,0.1568054114110497,1693902,2.74762
2022-08,Registeel,0.0005531,13444.0,0.0079367047208161,1693902,0.05531
2022-08,Reuniclus,0.0085254,34846.0,0.0205714380170753,1693902,0.8525400000000001
2022-08,Rhydon,0.0002165,3116.0,0.0018395397136316,1693902,0.02165
2022-08,Rhyperior,0.0006224,18426.0,0.0108778429920975,1693902,0.06224
2022-08,Ribombee,0.000699,20307.0,0.011988296843619,1693902,0.06989999999999999
2022-08,Rillaboom,0.105319,436511.0,0.2576955455510413,1693902,10.5319
2022-08,Rotom-Frost,0.0002477,2787.0,0.0016453136013771,1693902,0.02477
2022-08,Rotom-Heat,0.0016848,43471.0,0.0256632319933502,1693902,0.16848
2022-08,Rotom-Mow,0.0001305,8024.0,0.0047369918684788,1693902,0.01305
2022-08,Rotom-Wash,0.0873145,163138.0,0.0963089954436561,1693902,8.73145
2022-08,Salamence,0.0014073,48984.0,0.0289178476676927,1693902,0.14073
2022-08,Salazzle,0.0008626,29789.0,0.0175860232764351,1693902,0.08626
2022-08,Sandslash-Alola,0.0046756,9144.0,0.0053981871442385,1693902,0.46756000000000003
2022-08,Scizor,0.026787,122549.0,0.0723471605795376,1693902,2.6786999999999996
2022-08,Scolipede,0.0021008,20634.0,0.0121813422500239,1693902,0.21008
2022-08,Seismitoad,0.0185621,130925.0,0.0772919566775409,1693902,1.8562100000000001
2022-08,Sharpedo,0.0013145,15906.0,0.009390153621638,1693902,0.13144999999999998
2022-08,Shedinja,0.0030306,30805.0,0.0181858218480171,1693902,0.30306
2022-08,Shiftry,0.0017656,7586.0,0.0044784172874227,1693902,0.17656
2022-08,Shuckle,0.0030738,56656.0,0.033447035306647,1693902,0.30738
2022-08,Sigilyph,0.0011635,13464.0,0.0079485117793119,1693902,0.11635000000000001
2022-08,Skarmory,0.0555118,95640.0,0.0564613537264847,1693902,5.5511800000000004
2022-08,Slowbro,0.077194,262598.0,0.1550254973428214,1693902,7.7194
2022-08,Slowbro-Galar,0.0017965,33930.0,0.0200306747379718,1693902,0.17965
2022-08,Slowking,0.0203829,81672.0,0.0482153040730809,1693902,2.03829
2022-08,Slowking-Galar,0.1085492,229213.0,0.1353165649488577,1693902,10.85492
2022-08,Slurpuff,0.0014648,41630.0,0.0245763922588201,1693902,0.14648
2022-08,Snorlax,0.0005848,37019.0,0.0218542749226342,1693902,0.058480000000000004
2022-08,Stakataka,0.001639,25660.0,0.0151484560499958,1693902,0.16390000000000002
2022-08,Starmie,0.0003859,22441.0,0.0132481099851112,1693902,0.03859
2022-08,Steelix,0.0003005,12706.0,0.0075010242623245,1693902,0.03005
2022-08,Stunfisk-Galar,0.0004185,1737.0,0.0010254430303524,1693902,0.04185
2022-08,Suicune,0.0072984,21122.0,0.0124694344773192,1693902,0.72984
2022-08,Swampert,0.0115112,107704.0,0.0635833714110969,1693902,1.15112
2022-08,Sylveon,0.000233,22492.0,0.0132782179842753,1693902,0.0233
2022-08,Talonflame,0.0001132,15082.0,0.0089037028116148,1693902,0.01132
2022-08,Tangrowth,0.0292156,59754.0,0.0352759486676324,1693902,2.92156
2022-08,Tapu Bulu,0.0083613,40186.0,0.0237239226354299,1693902,0.83613
2022-08,Tapu Fini,0.108341,349676.0,0.2064322493272928,1693902,10.834100000000001
2022-08,Tapu Koko,0.0658946,296351.0,0.1749516796131063,1693902,6.58946
2022-08,Tapu Lele,0.1849219,372736.0,0.2200457877728463,1693902,18.49219
2022-08,Tentacruel,0.0006869,26206.0,0.0154707887469286,1693902,0.06869
2022-08,Terrakion,0.0015274,24046.0,0.014195626429392,1693902,0.15274
2022-08,Thundurus,0.0010507,18285.0,0.0107946032297027,1693902,0.10507
2022-08,Thundurus-Therian,0.0054491,46350.0,0.0273628580638077,1693902,0.54491
2022-08,Togedemaru,0.0002118,15638.0,0.0092319390377955,1693902,0.02118
2022-08,Togekiss,0.0041571,73846.0,0.0435952020837096,1693902,0.41571
2022-08,Torkoal,0.0073463,101116.0,0.0596941263426101,1693902,0.73463
2022-08,Tornadus,0.0047793,4041.0,0.0023856161690581,1693902,0.47793
2022-08,Tornadus-Therian,0.2063034,337527.0,0.1992600516440738,1693902,20.63034
2022-08,Toxapex,0.2005787,407814.0,0.2407541876684719,1693902,20.05787
2022-08,Toxicroak,0.0002401,14990.0,0.0088493903425345,1693902,0.02401
2022-08,Toxtricity,0.0079621,24839.0,0.0146637762987469,1693902,0.79621
2022-08,Trubbish,0.0005485,514.0,0.0003034414033397,1693902,0.05485
2022-08,Tsareena,0.0001564,8854.0,0.0052269847960507,1693902,0.01564
2022-08,Turtonator,0.0002833,6478.0,0.0038243062467604,1693902,0.02833
2022-08,Tyranitar,0.110581,328782.0,0.1940974153168247,1693902,11.0581
2022-08,Tyrantrum,0.0005679,11036.0,0.0065151348779327,1693902,0.05679
2022-08,Umbreon,0.0032019,57655.0,0.0340367978785077,1693902,0.32019000000000003
2022-08,Urshifu-Rapid-Strike,0.1471386,436555.0,0.2577215210797319,1693902,14.71386
2022-08,Vanilluxe,0.000878,8587.0,0.005069360565133,1693902,0.0878
2022-08,Vaporeon,0.0001487,16755.0,0.0098913632547809,1693902,0.014870000000000001
2022-08,Venusaur,0.0073268,86777.0,0.0512290557541109,1693902,0.73268
2022-08,Victini,0.0333088,175747.0,0.1037527554722764,1693902,3.33088
2022-08,Vikavolt,0.0002711,9145.0,0.0053987774971633,1693902,0.02711
2022-08,Volcanion,0.0485874,215618.0,0.1272907169363989,1693902,4.85874
2022-08,Volcarona,0.0434708,309235.0,0.1825577866960426,1693902,4.34708
2022-08,Weavile,0.2449692,480256.0,0.2835205342457828,1693902,24.49692
2022-08,Weezing,0.0001864,6251.0,0.0036902961328341,1693902,0.01864
2022-08,Weezing-Galar,0.0009554,21301.0,0.0125751076508558,1693902,0.09554
2022-08,Whimsicott,0.0049783,22160.0,0.0130822208132465,1693902,0.49783
2022-08,Xatu,0.0049763,14898.0,0.0087950778734543,1693902,0.49763
2022-08,Xurkitree,0.0041312,20943.0,0.0123637613037826,1693902,0.41312
2022-08,Zapdos,0.171174,442351.0,0.2611432066317886,1693902,17.1174
2022-08,Zapdos-Galar,0.0144026,152819.0,0.0902171436127946,1693902,1.4402599999999999
2022-08,Zarude,0.0088768,18398.0,0.0108613131102035,1693902,0.88768
2022-08,Zeraora,0.0622847,234635.0,0.1385174585070447,1693902,6.22847
2022-08,Zoroark,0.0001117,34292.0,0.0202443824967442,1693902,0.011170000000000001
2022-08,Zygarde-10%,0.0002329,14457.0,0.0085347322336239,1693902,0.023289999999999998
2022-08,aromatisse,0.0,0.0,0.0,1693902,0.0
2022-08,dialga,0.0,0.0,0.0,1693902,0.0
2022-08,dracovish,0.0,0.0,0.0,1693902,0.0
2022-08,eternatus,0.0,0.0,0.0,1693902,0.0
2022-08,garbodor,0.0,0.0,0.0,1693902,0.0
2022-08,genesect,0.0,0.0,0.0,1693902,0.0
2022-08,giratina,0.0,0.0,0.0,1693902,0.0
2022-08,glalie,0.0,0.0,0.0,1693902,0.0
2022-08,gourgeist,0.0,0.0,0.0,1693902,0.0
2022-08,groudon,0.0,0.0,0.0,1693902,0.0
2022-08,heatmor,0.0,0.0,0.0,1693902,0.0
2022-08,ho-oh,0.0,0.0,0.0,1693902,0.0
2022-08,kyogre,0.0,0.0,0.0,1693902,0.0
2022-08,landorus,0.0,0.0,0.0,1693902,0.0
2022-08,lugia,0.0,0.0,0.0,1693902,0.0
2022-08,lunala,0.0,0.0,0.0,1693902,0.0
2022-08,lunatone,0.0,0.0,0.0,1693902,0.0
2022-08,marshadow,0.0,0.0,0.0,1693902,0.0
2022-08,mewtwo,0.0,0.0,0.0,1693902,0.0
2022-08,mr-rime,0.0,0.0,0.0,1693902,0.0
2022-08,musharna,0.0,0.0,0.0,1693902,0.0
2022-08,naganadel,0.0,0.0,0.0,1693902,0.0
2022-08,oranguru,0.0,0.0,0.0,1693902,0.0
2022-08,palkia,0.0,0.0,0.0,1693902,0.0
2022-08,passimian,0.0,0.0,0.0,1693902,0.0
2022-08,pheromosa,0.0,0.0,0.0,1693902,0.0
2022-08,pinsir,0.0,0.0,0.0,1693902,0.0
2022-08,raichu,0.0,0.0,0.0,1693902,0.0
2022-08,rayquaza,0.0,0.0,0.0,1693902,0.0
2022-08,reshiram,0.0,0.0,0.0,1693902,0.0
2022-08,rotom,0.0,0.0,0.0,1693902,0.0
2022-08,seaking,0.0,0.0,0.0,1693902,0.0
2022-08,sirfetchd,0.0,0.0,0.0,1693902,0.0
2022-08,skuntank,0.0,0.0,0.0,1693902,0.0
2022-08,solgaleo,0.0,0.0,0.0,1693902,0.0
2022-08,solrock,0.0,0.0,0.0,1693902,0.0
2022-08,sudowoodo,0.0,0.0,0.0,1693902,0.0
2022-08,throh,0.0,0.0,0.0,1693902,0.0
2022-08,whiscash,0.0,0.0,0.0,1693902,0.0
2022-08,wobbuffet,0.0,0.0,0.0,1693902,0.0
2022-08,xerneas,0.0,0.0,0.0,1693902,0.0
2022-08,yveltal,0.0,0.0,0.0,1693902,0.0
2022-08,zacian,0.0,0.0,0.0,1693902,0.0
2022-08,zamazenta,0.0,0.0,0.0,1693902,0.0
2022-08,zekrom,0.0,0.0,0.0,1693902,0.0
2022-08,zygarde,0.0,0.0,0.0,1693902,0.0
2022-09,Abomasnow,0.0001132,5666.0,0.0035117186410528,1613455,0.01132
2022-09,Accelgor,0.0002298,11670.0,0.0072329256161467,1613455,0.02298
2022-09,Aegislash,0.0425433,120766.0,0.0748493140496636,1613455,4.2543299999999995
2022-09,Aerodactyl,0.0005614,13213.0,0.0081892584546826,1613455,0.056139999999999995
2022-09,Aggron,0.0001057,12203.0,0.007563272604442,1613455,0.01057
2022-09,Alakazam,0.0029586,59012.0,0.0365749277172279,1613455,0.29586
2022-09,Altaria,0.0007267,4062.0,0.0025175787363143,1613455,0.07267
2022-09,Amoonguss,0.0028025,33208.0,0.0205819189255355,1613455,0.28025
2022-09,Araquanid,0.0010178,22459.0,0.0139198180302518,1613455,0.10178
2022-09,Arctovish,0.0001763,6010.0,0.003724925702917,1613455,0.01763
2022-09,Arctozolt,0.0184696,53820.0,0.0333569885742087,1613455,1.84696
2022-09,Articuno-Galar,0.0001375,8474.0,0.0052520832623159,1613455,0.01375
2022-09,Audino,0.0022549,2979.0,0.0018463483642245,1613455,0.22548999999999997
2022-09,Aurorus,0.0001945,6475.0,0.0040131271092159,1613455,0.019450000000000002
2022-09,Avalugg,0.0007184,9231.0,0.0057212627560111,1613455,0.07184
2022-09,Azelf,0.0007294,21000.0,0.0130155473812408,1613455,0.07293999999999999
2022-09,Azumarill,0.0146872,68288.0,0.0423240809319131,1613455,1.46872
2022-09,Barbaracle,0.0001137,6572.0,0.0040732465423578,1613455,0.01137
2022-09,Barraskewda,0.0338897,253107.0,0.156872673858273,1613455,3.38897
2022-09,Basculin,0.0002248,1738.0,0.0010771914927903,1613455,0.02248
2022-09,Bewear,0.0011718,8408.0,0.0052111772562606,1613455,0.11717999999999999
2022-09,Bisharp,0.0584333,186979.0,0.1158873349427161,1613455,5.84333
2022-09,Blacephalon,0.0847465,238070.0,0.147552922145334,1613455,8.47465
2022-09,Blastoise,0.0008527,36824.0,0.0228230722269911,1613455,0.08527
2022-09,Blaziken,0.0725172,185304.0,0.1148491900920695,1613455,7.251720000000001
2022-09,Blissey,0.0308596,271414.0,0.1682191322348624,1613455,3.08596
2022-09,Braviary,0.0001379,5749.0,0.0035631610426073,1613455,0.013789999999999998
2022-09,Bronzong,0.0004527,14252.0,0.0088332181560688,1613455,0.04527
2022-09,Buzzwole,0.0786962,221839.0,0.1374931435955759,1613455,7.869619999999999
2022-09,Carbink,0.0001089,1654.0,0.0010251293032653,1613455,0.01089
2022-09,Celesteela,0.0516652,76427.0,0.0473685352240998,1613455,5.16652
2022-09,Chandelure,0.0009261,35345.0,0.0219064058185694,1613455,0.09261
2022-09,Chansey,0.0430085,51108.0,0.031676123598117,1613455,4.30085
2022-09,Charizard,0.0009244,46775.0,0.0289905823217877,1613455,0.09244000000000001
2022-09,Cinccino,0.0002227,8827.0,0.0054708684159149,1613455,0.022269999999999998
2022-09,Clawitzer,0.0007404,11096.0,0.0068771673210594,1613455,0.07404
2022-09,Claydol,0.0001934,7789.0,0.0048275285024992,1613455,0.01934
2022-09,Clefable,0.1744628,417264.0,0.258615207737433,1613455,17.44628
2022-09,Cloyster,0.0074363,90833.0,0.056297200727631,1613455,0.74363
2022-09,Cobalion,0.0001505,10207.0,0.0063261758152536,1613455,0.01505
2022-09,Cofagrigus,0.0004983,9958.0,0.0061718486105903,1613455,0.04983
2022-09,Comfey,0.0208537,8896.0,0.0055136337858818,1613455,2.0853699999999997
2022-09,Conkeldurr,0.0026045,45808.0,0.0283912473542801,1613455,0.26045
2022-09,Corsola-Galar,0.0001923,17467.0,0.0108258364813397,1613455,0.01923
2022-09,Corviknight,0.1088796,412049.0,0.2553830134710915,1613455,10.887960000000001
2022-09,Cramorant,0.0008403,5039.0,0.0031231115835272,1613455,0.08403
2022-09,Crawdaunt,0.0433652,123410.0,0.0764880334437588,1613455,4.33652
2022-09,Cresselia,0.0081429,45136.0,0.0279747498380803,1613455,0.81429
2022-09,Crobat,0.0004402,17568.0,0.0108884350663637,1613455,0.044020000000000004
2022-09,Cryogonal,0.0001806,3422.0,0.0021209144351717,1613455,0.01806
2022-09,Cursola,0.00016,5502.0,0.0034100734138851,1613455,0.016
2022-09,Darmanitan,0.0036157,38413.0,0.0238079153121717,1613455,0.36157
2022-09,Decidueye,0.0002884,12638.0,0.0078328803716248,1613455,0.02884
2022-09,Dhelmise,0.0001772,7896.0,0.0048938458153465,1613455,0.01772
2022-09,Diancie,0.0004038,12174.0,0.0075452987532964,1613455,0.04038
2022-09,Diggersby,0.0025421,19271.0,0.0119439339801853,1613455,0.25421
2022-09,Ditto,0.0033793,45598.0,0.0282610918804676,1613455,0.33793
2022-09,Dracozolt,0.0073643,54850.0,0.0339953701838601,1613455,0.73643
2022-09,Dragalge,0.0057856,6405.0,0.0039697419512784,1613455,0.57856
2022-09,Dragapult,0.2501925,638273.0,0.3955939273174647,1613455,25.01925
2022-09,Dragonite,0.1290552,280566.0,0.1738914317412013,1613455,12.905520000000001
2022-09,Drampa,0.0001084,5387.0,0.0033387977972735,1613455,0.01084
2022-09,Druddigon,0.0009795,10307.0,0.0063881546123071,1613455,0.09795
2022-09,Eiscue,0.0001039,8597.0,0.0053283171826918,1613455,0.01039
2022-09,Eldegoss,0.0002223,5325.0,0.0033003709431003,1613455,0.02223
2022-09,Electivire,0.0001857,16558.0,0.0102624492161231,1613455,0.01857
2022-09,Entei,0.0005282,12621.0,0.0078223439761257,1613455,0.052820000000000006
2022-09,Espeon,0.0019704,34379.0,0.0213076906390323,1613455,0.19704000000000002
2022-09,Excadrill,0.0721021,198480.0,0.1230155163918423,1613455,7.21021
2022-09,Exeggutor-Alola,0.0001214,7317.0,0.0045349885804066,1613455,0.01214
2022-09,Exploud,0.000409,6748.0,0.004182329225172,1613455,0.0409
2022-09,Ferroseed,0.0001222,1984.0,0.0012296593335419,1613455,0.012219999999999998
2022-09,Ferrothorn,0.2013645,755596.0,0.4683093113845753,1613455,20.13645
2022-09,Flareon,0.0003731,5078.0,0.0031472833143781,1613455,0.03731
2022-09,Flygon,0.0001257,17101.0,0.0105989940841238,1613455,0.01257
2022-09,Gallade,0.0003337,10903.0,0.0067575482427461,1613455,0.03337
2022-09,Galvantula,0.0051828,40881.0,0.0253375520234527,1613455,0.5182800000000001
2022-09,Garchomp,0.1744719,582836.0,0.3612347415949004,1613455,17.447190000000003
2022-09,Gardevoir,0.0014099,34306.0,0.0212624461171833,1613455,0.14099
2022-09,Gastrodon,0.0337523,87162.0,0.054021959087796,1613455,3.3752299999999997
2022-09,Gengar,0.0233087,130433.0,0.0808408043608281,1613455,2.33087
2022-09,Gigalith,0.0005942,8849.0,0.0054845037512666,1613455,0.05942
2022-09,Glastrier,0.0042034,10045.0,0.0062257701640268,1613455,0.42034000000000005
2022-09,Golisopod,0.0007224,18316.0,0.0113520364683241,1613455,0.07224
2022-09,Golurk,0.0002626,16457.0,0.0101998506310991,1613455,0.02626
2022-09,Goodra,0.0004899,31283.0,0.0193888270822551,1613455,0.048990000000000006
2022-09,Greedent,0.0001682,2272.0,0.0014081582690561,1613455,0.016819999999999998
2022-09,Grimmsnarl,0.0008742,47329.0,0.0293339448574642,1613455,0.08742
2022-09,Gyarados,0.0007755,59700.0,0.0370013418409562,1613455,0.07755000000000001
2022-09,Hatterene,0.0083907,100893.0,0.0625322677112159,1613455,0.8390699999999999
2022-09,Hawlucha,0.0158848,126376.0,0.0783263245643665,1613455,1.5884800000000001
2022-09,Haxorus,0.0022751,26307.0,0.0163047621408716,1613455,0.22751
2022-09,Heatran,0.228851,565956.0,0.3507727206522648,1613455,22.8851
2022-09,Heliolisk,0.0007359,26265.0,0.0162787310461091,1613455,0.07359
2022-09,Heracross,0.001306,19860.0,0.0123089890948306,1613455,0.13060000000000002
2022-09,Hippowdon,0.0561076,100259.0,0.0621393221378966,1613455,5.61076
2022-09,Hitmontop,0.0005611,13371.0,0.0082871849540272,1613455,0.05611
2022-09,Hydreigon,0.0143609,94404.0,0.0585104635704125,1613455,1.4360899999999999
2022-09,Incineroar,0.0051684,44596.0,0.0276400643339913,1613455,0.51684
2022-09,Indeedee,0.0001298,9438.0,0.0058495588659119,1613455,0.012980000000000002
2022-09,Inteleon,0.0001496,18429.0,0.0114220725089946,1613455,0.014960000000000001
2022-09,Jirachi,0.0083092,57496.0,0.0356353291538964,1613455,0.8309199999999999
2022-09,Jynx,0.0001788,2783.0,0.0017248699219996,1613455,0.01788
2022-09,Kabutops,0.0002321,5290.0,0.0032786783641316,1613455,0.02321
2022-09,Kartana,0.1875423,491081.0,0.3043660963584357,1613455,18.75423
2022-09,Keldeo,0.022587,36720.0,0.0227586142780554,1613455,2.2587
2022-09,Kingdra,0.0044177,34897.0,0.0216287408077696,1613455,0.44177
2022-09,Klefki,0.0027947,26067.0,0.0161560130279431,1613455,0.27947
2022-09,Kommo-o,0.0178584,80217.0,0.0497175316324285,1613455,1.78584
2022-09,Krookodile,0.001888,43262.0,0.0268132671812972,1613455,0.1888
2022-09,Landorus-Therian,0.4147194,1082372.0,0.6708411452442119,1613455,41.471940000000004
2022-09,Lanturn,0.0006045,13361.0,0.0082809870743218,1613455,0.060450000000000004
2022-09,Latias,0.0028471,33548.0,0.0207926468355175,1613455,0.28471
2022-09,Latios,0.0241576,68487.0,0.0424474187380497,1613455,2.41576
2022-09,Leafeon,0.0008406,6859.0,0.0042511256899014,1613455,0.08406000000000001
2022-09,Lucario,0.0004895,41669.0,0.0258259449442345,1613455,0.04895
2022-09,Ludicolo,0.0001072,12900.0,0.0079952648199051,1613455,0.01072
2022-09,Lycanroc,0.0001434,4357.0,0.0027004161876222,1613455,0.014339999999999999
2022-09,Lycanroc-Dusk,0.0029965,25800.0,0.0159905296398102,1613455,0.29965
2022-09,Magikarp,0.0002573,612.0,0.0003793102379675,1613455,0.025730000000000003
2022-09,Magnezone,0.0477682,171882.0,0.1065303959515449,1613455,4.77682
2022-09,Malamar,0.0002129,15665.0,0.0097089785584351,1613455,0.02129
2022-09,Mamoswine,0.0117705,71550.0,0.0443458292917992,1613455,1.17705
2022-09,Mandibuzz,0.0316013,71263.0,0.0441679501442556,1613455,3.1601299999999997
2022-09,Mantine,0.0010486,9978.0,0.006184244370001,1613455,0.10486
2022-09,Marowak-Alola,0.002897,56523.0,0.0350322754585656,1613455,0.28969999999999996
2022-09,Melmetal,0.2148762,386688.0,0.2396645707503463,1613455,21.48762
2022-09,Metagross,0.0011108,43986.0,0.0272619936719648,1613455,0.11107999999999998
2022-09,Mew,0.1184454,199630.0,0.1237282725579579,1613455,11.84454
2022-09,Mienshao,0.0005322,29312.0,0.0181672249923301,1613455,0.05322
2022-09,Milotic,0.0003037,39716.0,0.0246154990377791,1613455,0.03037
2022-09,Miltank,0.0003814,5626.0,0.0034869271222314,1613455,0.03814
2022-09,Mimikyu,0.0009279,44681.0,0.0276927463114868,1613455,0.09279
2022-09,Moltres,0.0051656,29013.0,0.01798190838914,1613455,0.51656
2022-09,Moltres-Galar,0.0411635,82080.0,0.0508721966215357,1613455,4.11635
2022-09,Necrozma,0.0061156,17667.0,0.0109497940754467,1613455,0.61156
2022-09,Nidoking,0.0297753,144881.0,0.0897955009591218,1613455,2.9775300000000002
2022-09,Nidoqueen,0.0004763,9802.0,0.0060751616871868,1613455,0.04763
2022-09,Nihilego,0.0752992,64074.0,0.0397122944240775,1613455,7.52992
2022-09,Ninetales,0.0002762,16964.0,0.0105140831321604,1613455,0.02762
2022-09,Ninetales-Alola,0.04831,194193.0,0.1203584853621576,1613455,4.8309999999999995
2022-09,Obstagoon,0.0035107,31087.0,0.0192673486400302,1613455,0.35107
2022-09,Omastar,0.002171,10635.0,0.0065914450666427,1613455,0.21710000000000002
2022-09,Orbeetle,0.0001622,6272.0,0.0038873101511972,1613455,0.016220000000000002
2022-09,Pelipper,0.0412698,287655.0,0.1782851086643259,1613455,4.1269800000000005
2022-09,Pikachu,0.0001209,12541.0,0.0077727609384829,1613455,0.01209
2022-09,Politoed,0.0002724,20173.0,0.0125029827296082,1613455,0.02724
2022-09,Poliwrath,0.0001699,6879.0,0.0042635214493121,1613455,0.01699
2022-09,Polteageist,0.0047,42079.0,0.026080058012154,1613455,0.47000000000000003
2022-09,Porygon-Z,0.0127011,32201.0,0.0199577924392065,1613455,1.27011
2022-09,Porygon2,0.0043041,65392.0,0.040529174969243,1613455,0.43041
2022-09,Primarina,0.0052724,28788.0,0.0178424560957696,1613455,0.52724
2022-09,Pyukumuku,0.0025945,11842.0,0.0073395291470787,1613455,0.25945
2022-09,Quagsire,0.0317931,41767.0,0.025886684165347,1613455,3.1793099999999996
2022-09,Raichu-Alola,0.0003129,14398.0,0.0089237071997669,1613455,0.03129
2022-09,Raikou,0.0005263,8289.0,0.0051374224877669,1613455,0.05263
2022-09,Regice,0.0004197,9339.0,0.0057881998568289,1613455,0.04197
2022-09,Regidrago,0.0008711,15173.0,0.0094040428769318,1613455,0.08710999999999999
2022-09,Regieleki,0.0479762,289206.0,0.1792463998066261,1613455,4.797619999999999
2022-09,Registeel,0.0008153,13547.0,0.0083962676368414,1613455,0.08153
2022-09,Reuniclus,0.013228,31754.0,0.0196807472163772,1613455,1.3228
2022-09,Rhyperior,0.0003923,17620.0,0.0109206640408316,1613455,0.03923
2022-09,Ribombee,0.000689,29826.0,0.0184857960091852,1613455,0.0689
2022-09,Rillaboom,0.1363637,451389.0,0.2797654722319495,1613455,13.636370000000001
2022-09,Roserade,0.0006507,21137.0,0.0131004583332042,1613455,0.06507
2022-09,Rotom-Heat,0.0030786,38956.0,0.0241444601801723,1613455,0.30785999999999997
2022-09,Rotom-Mow,0.000115,8827.0,0.0054708684159149,1613455,0.0115
2022-09,Rotom-Wash,0.0613687,165407.0,0.102517268842329,1613455,6.13687
2022-09,Sableye,0.0003822,13948.0,0.008644802613026,1613455,0.038220000000000004
2022-09,Salamence,0.0041728,52922.0,0.032800418976668,1613455,0.41728
2022-09,Salazzle,0.0001613,28192.0,0.0174730624653306,1613455,0.01613
2022-09,Sandaconda,0.0004368,8752.0,0.0054243843181247,1613455,0.04368
2022-09,Sandslash-Alola,0.0018562,8359.0,0.0051808076457044,1613455,0.18561999999999998
2022-09,Sceptile,0.0006954,21034.0,0.013036620172239,1613455,0.06954
2022-09,Scizor,0.0154313,122668.0,0.0760281507696217,1613455,1.5431300000000001
2022-09,Scolipede,0.0034735,20836.0,0.012913902154073,1613455,0.34735
2022-09,Scrafty,0.0006765,8843.0,0.0054807850234434,1613455,0.06765
2022-09,Scyther,0.0002745,7472.0,0.0046310557158396,1613455,0.027450000000000002
2022-09,Seismitoad,0.0294328,123743.0,0.0766944228379471,1613455,2.9432799999999997
2022-09,Sharpedo,0.0011215,17364.0,0.0107619983203746,1613455,0.11215000000000001
2022-09,Shedinja,0.0019902,26356.0,0.0163351317514278,1613455,0.19902
2022-09,Shiftry,0.0004463,7080.0,0.0043880988313897,1613455,0.04463
2022-09,Shuckle,0.0016085,48703.0,0.0301855335289797,1613455,0.16085
2022-09,Sigilyph,0.0001735,10757.0,0.006667059199048,1613455,0.017349999999999997
2022-09,Sirfetch'd,0.0008475,13046.0,0.0080857538636032,1613455,0.08474999999999999
2022-09,Skarmory,0.0852991,81883.0,0.0507500983913403,1613455,8.529910000000001
2022-09,Slowbro,0.1219735,262079.0,0.1624334115299156,1613455,12.19735
2022-09,Slowbro-Galar,0.000792,29811.0,0.0184764991896272,1613455,0.07919999999999999
2022-09,Slowking,0.0187665,65699.0,0.0407194498761973,1613455,1.87665
2022-09,Slowking-Galar,0.0872122,224351.0,0.1390500509775605,1613455,8.72122
2022-09,Slurpuff,0.0019887,36714.0,0.0227548955502322,1613455,0.19887
2022-09,Snorlax,0.0018159,36784.0,0.0227982807081697,1613455,0.18159
2022-09,Spiritomb,0.000115,15544.0,0.0096339842140003,1613455,0.0115
2022-09,Stakataka,0.0035483,21767.0,0.0134909247546414,1613455,0.35483
2022-09,Starmie,0.0009161,20627.0,0.0127843664682312,1613455,0.09161
2022-09,Steelix,0.0002538,11638.0,0.0072130924010895,1613455,0.02538
2022-09,Suicune,0.0042397,20472.0,0.0126882993327982,1613455,0.42397
2022-09,Swampert,0.0098018,107222.0,0.0664549057767337,1613455,0.9801799999999999
2022-09,Swoobat,0.0008224,5596.0,0.0034683334831154,1613455,0.08224000000000001
2022-09,Sylveon,0.0014159,21937.0,0.0135962887096324,1613455,0.14159000000000002
2022-09,Tangrowth,0.0171891,62885.0,0.038975366527111,1613455,1.71891
2022-09,Tapu Bulu,0.0123578,36907.0,0.0228745146285455,1613455,1.23578
2022-09,Tapu Fini,0.0822434,304056.0,0.188450251169075,1613455,8.22434
2022-09,Tapu Koko,0.1001433,284022.0,0.1760334189673712,1613455,10.014330000000001
2022-09,Tapu Lele,0.1670177,353164.0,0.2188867988261215,1613455,16.70177
2022-09,Tentacruel,0.0006174,23716.0,0.0146988915092146,1613455,0.06174
2022-09,Terrakion,0.0014799,26416.0,0.0163723190296599,1613455,0.14798999999999998
2022-09,Thievul,0.0001427,2158.0,0.0013375024404151,1613455,0.01427
2022-09,Thundurus,0.0012698,21563.0,0.0133644880086522,1613455,0.12698
2022-09,Thundurus-Therian,0.0035209,47323.0,0.029330226129641,1613455,0.35209
2022-09,Togekiss,0.0154843,78636.0,0.0487376468510122,1613455,1.54843
2022-09,Torkoal,0.0323793,111506.0,0.0691100774425069,1613455,3.23793
2022-09,Tornadus-Therian,0.1775174,318960.0,0.1976875710819328,1613455,17.751739999999998
2022-09,Toxapex,0.1479836,368117.0,0.2281544883495356,1613455,14.798359999999999
2022-09,Toxicroak,0.0003358,13864.0,0.0085927404235011,1613455,0.03358
2022-09,Toxtricity,0.0022472,25820.0,0.0160029253992209,1613455,0.22472
2022-09,Turtonator,0.000656,5831.0,0.0036139836561912,1613455,0.0656
2022-09,Tyranitar,0.0874681,318957.0,0.1976857117180212,1613455,8.74681
2022-09,Tyrantrum,0.0006431,9928.0,0.0061532549714742,1613455,0.06430999999999999
2022-09,Umbreon,0.0063224,74402.0,0.0461134645837659,1613455,0.63224
2022-09,Urshifu-Rapid-Strike,0.1457901,397357.0,0.2462770886079872,1613455,14.57901
2022-09,Uxie,0.0002736,9458.0,0.0058619546253226,1613455,0.02736
2022-09,Vanilluxe,0.0007194,8312.0,0.0051516776110892,1613455,0.07194
2022-09,Vaporeon,0.0004432,17937.0,0.0111171368274913,1613455,0.04432
2022-09,Venusaur,0.013592,94406.0,0.0585117031463536,1613455,1.3592
2022-09,Victini,0.0242359,177460.0,0.1099875732511907,1613455,2.42359
2022-09,Vikavolt,0.0004066,12092.0,0.0074944761397126,1613455,0.04066
2022-09,Vileplume,0.000295,8329.0,0.0051622140065883,1613455,0.029500000000000002
2022-09,Volcanion,0.0619441,194787.0,0.1207266394166555,1613455,6.19441
2022-09,Volcarona,0.0378852,277701.0,0.1721157392056177,1613455,3.78852
2022-09,Weavile,0.26845,452277.0,0.2803158439497847,1613455,26.845000000000002
2022-09,Weezing-Galar,0.0011094,23736.0,0.0147112872686254,1613455,0.11094
2022-09,Whimsicott,0.000116,21525.0,0.0133409360657719,1613455,0.0116
2022-09,Xatu,0.0107327,15461.0,0.0095825418124459,1613455,1.07327
2022-09,Xurkitree,0.0016326,17285.0,0.0107130350707023,1613455,0.16326
2022-09,Zapdos,0.123937,434160.0,0.2690871452875971,1613455,12.3937
2022-09,Zapdos-Galar,0.0473263,140272.0,0.0869388982029247,1613455,4.73263
2022-09,Zarude,0.021863,20693.0,0.0128252724742865,1613455,2.1863
2022-09,Zeraora,0.0752089,217325.0,0.1346954206965797,1613455,7.52089
2022-09,Zoroark,0.0003607,33259.0,0.0206135281120328,1613455,0.03607
2022-09,Zygarde-10%,0.0137863,14340.0,0.0088877594974759,1613455,1.37863
2022-09,aromatisse,0.0,0.0,0.0,1613455,0.0
2022-09,dialga,0.0,0.0,0.0,1613455,0.0
2022-09,dracovish,0.0,0.0,0.0,1613455,0.0
2022-09,eternatus,0.0,0.0,0.0,1613455,0.0
2022-09,garbodor,0.0,0.0,0.0,1613455,0.0
2022-09,genesect,0.0,0.0,0.0,1613455,0.0
2022-09,giratina,0.0,0.0,0.0,1613455,0.0
2022-09,glalie,0.0,0.0,0.0,1613455,0.0
2022-09,gourgeist,0.0,0.0,0.0,1613455,0.0
2022-09,groudon,0.0,0.0,0.0,1613455,0.0
2022-09,heatmor,0.0,0.0,0.0,1613455,0.0
2022-09,ho-oh,0.0,0.0,0.0,1613455,0.0
2022-09,kyogre,0.0,0.0,0.0,1613455,0.0
2022-09,landorus,0.0,0.0,0.0,1613455,0.0
2022-09,lugia,0.0,0.0,0.0,1613455,0.0
2022-09,lunala,0.0,0.0,0.0,1613455,0.0
2022-09,lunatone,0.0,0.0,0.0,1613455,0.0
2022-09,marshadow,0.0,0.0,0.0,1613455,0.0
2022-09,mewtwo,0.0,0.0,0.0,1613455,0.0
2022-09,mr-rime,0.0,0.0,0.0,1613455,0.0
2022-09,musharna,0.0,0.0,0.0,1613455,0.0
2022-09,naganadel,0.0,0.0,0.0,1613455,0.0
2022-09,oranguru,0.0,0.0,0.0,1613455,0.0
2022-09,palkia,0.0,0.0,0.0,1613455,0.0
2022-09,passimian,0.0,0.0,0.0,1613455,0.0
2022-09,pheromosa,0.0,0.0,0.0,1613455,0.0
2022-09,pinsir,0.0,0.0,0.0,1613455,0.0
2022-09,raichu,0.0,0.0,0.0,1613455,0.0
2022-09,rayquaza,0.0,0.0,0.0,1613455,0.0
2022-09,reshiram,0.0,0.0,0.0,1613455,0.0
2022-09,rotom,0.0,0.0,0.0,1613455,0.0
2022-09,seaking,0.0,0.0,0.0,1613455,0.0
2022-09,sirfetchd,0.0,0.0,0.0,1613455,0.0
2022-09,skuntank,0.0,0.0,0.0,1613455,0.0
2022-09,solgaleo,0.0,0.0,0.0,1613455,0.0
2022-09,solrock,0.0,0.0,0.0,1613455,0.0
2022-09,sudowoodo,0.0,0.0,0.0,1613455,0.0
2022-09,throh,0.0,0.0,0.0,1613455,0.0
2022-09,whiscash,0.0,0.0,0.0,1613455,0.0
2022-09,wobbuffet,0.0,0.0,0.0,1613455,0.0
2022-09,xerneas,0.0,0.0,0.0,1613455,0.0
2022-09,yveltal,0.0,0.0,0.0,1613455,0.0
2022-09,zacian,0.0,0.0,0.0,1613455,0.0
2022-09,zamazenta,0.0,0.0,0.0,1613455,0.0
2022-09,zekrom,0.0,0.0,0.0,1613455,0.0
2022-09,zygarde,0.0,0.0,0.0,1613455,0.0
2022-10,Abomasnow,0.0003491,5514.0,0.0035030786941152,1574044,0.03491
2022-10,Aegislash,0.0341699,111246.0,0.0706752797253444,1574044,3.41699
2022-10,Aerodactyl,0.000956,11369.0,0.0072227968214357,1574044,0.0956
2022-10,Aggron,0.0003591,12212.0,0.0077583599950191,1574044,0.03591
2022-10,Alakazam,0.001858,61510.0,0.0390776877901761,1574044,0.1858
2022-10,Amoonguss,0.0011595,32460.0,0.0206220410611139,1574044,0.11595
2022-10,Araquanid,0.0010032,20797.0,0.0132124642004924,1574044,0.10032
2022-10,Arcanine,0.0002294,22663.0,0.0143979456736914,1574044,0.02294
2022-10,Arctovish,0.0003795,6582.0,0.0041815857752388,1574044,0.03795
2022-10,Arctozolt,0.0168843,54581.0,0.0346756507441977,1574044,1.68843
2022-10,Armaldo,0.0001461,2729.0,0.0017337507718971,1574044,0.01461
2022-10,Articuno-Galar,0.0005804,7002.0,0.0044484144026469,1574044,0.05804
2022-10,Audino,0.0032731,4192.0,0.0026632038240354,1574044,0.32731
2022-10,Aurorus,0.0002399,6047.0,0.0038416969284213,1574044,0.02399
2022-10,Avalugg,0.0005076,7381.0,0.0046891954735699,1574044,0.05076
2022-10,Azelf,0.0005177,20398.0,0.0129589770044547,1574044,0.05177
2022-10,Azumarill,0.0191462,61204.0,0.0388832840759216,1574044,1.9146199999999998
2022-10,Barraskewda,0.0394853,232491.0,0.1477029867017694,1574044,3.94853
2022-10,Bewear,0.00111,8475.0,0.0053842205173425,1574044,0.11100000000000002
2022-10,Bisharp,0.0320394,174054.0,0.1105775950354628,1574044,3.2039400000000002
2022-10,Blacephalon,0.0472608,267477.0,0.1699298113648665,1574044,4.72608
2022-10,Blastoise,0.0005788,34793.0,0.0221042105557405,1574044,0.05788
2022-10,Blaziken,0.0531782,192622.0,0.122373961591925,1574044,5.31782
2022-10,Blissey,0.0361802,255368.0,0.1622368879141879,1574044,3.6180200000000005
2022-10,Boltund,0.0001099,3406.0,0.0021638531070287,1574044,0.01099
2022-10,Buzzwole,0.0588416,208058.0,0.1321805489554294,1574044,5.8841600000000005
2022-10,Celesteela,0.0279572,103201.0,0.0655642408979672,1574044,2.79572
2022-10,Centiskorch,0.0009691,6513.0,0.0041377496435931,1574044,0.09691
2022-10,Chandelure,0.0003692,35781.0,0.0227318931364053,1574044,0.036919999999999994
2022-10,Chansey,0.0330419,55787.0,0.0354418300886125,1574044,3.3041899999999997
2022-10,Charizard,0.0010759,53749.0,0.0341470759394273,1574044,0.10759
2022-10,Cinccino,0.0014543,7902.0,0.0050201900328072,1574044,0.14543
2022-10,Clawitzer,0.0007071,7753.0,0.0049255294007029,1574044,0.07071
2022-10,Claydol,0.0008417,8186.0,0.0052006170094355,1574044,0.08417000000000001
2022-10,Clefable,0.2004907,410749.0,0.2609514092363365,1574044,20.04907
2022-10,Cloyster,0.0096011,92731.0,0.058912584400436,1574044,0.9601099999999999
2022-10,Cobalion,0.0015728,9421.0,0.0059852202352666,1574044,0.15728
2022-10,Conkeldurr,0.0029142,47072.0,0.0299051360698938,1574044,0.29142
2022-10,Copperajah,0.0001423,3994.0,0.0025374131854001,1574044,0.01423
2022-10,Corviknight,0.1295927,392904.0,0.2496143691027696,1574044,12.95927
2022-10,Crawdaunt,0.0312882,145403.0,0.0923754355024383,1574044,3.12882
2022-10,Cresselia,0.0186896,40468.0,0.0257095735570289,1574044,1.86896
2022-10,Crobat,0.0001504,18406.0,0.0116934469430333,1574044,0.01504
2022-10,Cursola,0.0015677,5776.0,0.0036695289331174,1574044,0.15677
2022-10,Darmanitan,0.0048285,41227.0,0.0261917710051307,1574044,0.48285000000000006
2022-10,Decidueye,0.0004776,12682.0,0.008056953935214,1574044,0.047760000000000004
2022-10,Dhelmise,0.0001525,7508.0,0.0047698793680481,1574044,0.01525
2022-10,Diancie,0.0008265,10916.0,0.0069350030875884,1574044,0.08265
2022-10,Diggersby,0.0011961,16824.0,0.0106883924464627,1574044,0.11961000000000001
2022-10,Ditto,0.0042203,48331.0,0.0307049866458625,1574044,0.42202999999999996
2022-10,Dracozolt,0.0141703,53452.0,0.0339583899814744,1574044,1.41703
2022-10,Dragalge,0.0004371,7476.0,0.0047495495678646,1574044,0.04371
2022-10,Dragapult,0.3373239,670690.0,0.4260935526579943,1574044,33.73239
2022-10,Dragonite,0.0638316,265825.0,0.1688802854303945,1574044,6.38316
2022-10,Drampa,0.001655,4809.0,0.003055187783823,1574044,0.1655
2022-10,Drapion,0.0003171,12913.0,0.0082037096802884,1574044,0.03171
2022-10,Druddigon,0.0011123,9544.0,0.0060633629047218,1574044,0.11123000000000001
2022-10,Dugtrio,0.0001167,2150.0,0.0013659084498273,1574044,0.01167
2022-10,Dugtrio-Alola,0.0001833,3054.0,0.0019402253050105,1574044,0.018330000000000003
2022-10,Durant,0.0007617,9447.0,0.0060017381979156,1574044,0.07617
2022-10,Dusclops,0.0002907,9028.0,0.0057355448767632,1574044,0.029070000000000002
2022-10,Dusknoir,0.0048593,6052.0,0.0038448734596999,1574044,0.48593000000000003
2022-10,Entei,0.0004575,12903.0,0.0081973566177311,1574044,0.04575
2022-10,Escavalier,0.0010508,4103.0,0.0026066615672751,1574044,0.10507999999999999
2022-10,Espeon,0.0007389,32868.0,0.0208812460134532,1574044,0.07389
2022-10,Excadrill,0.0445635,200931.0,0.1276527212708158,1574044,4.45635
2022-10,Exeggutor-Alola,0.0002333,6768.0,0.0042997527388052,1574044,0.02333
2022-10,Exploud,0.0002382,5371.0,0.0034122298995453,1574044,0.023819999999999997
2022-10,Ferrothorn,0.2211208,715840.0,0.4547776301043681,1574044,22.11208
2022-10,Flygon,0.0004782,17146.0,0.0108929610608089,1574044,0.04782
2022-10,Frosmoth,0.0001528,7082.0,0.0044992389031056,1574044,0.01528
2022-10,Gallade,0.0001931,8802.0,0.0055919656629674,1574044,0.01931
2022-10,Galvantula,0.0010838,41227.0,0.0261917710051307,1574044,0.10838
2022-10,Garchomp,0.1581824,584334.0,0.3712310456378602,1574044,15.81824
2022-10,Gardevoir,0.000602,31951.0,0.0202986701769454,1574044,0.0602
2022-10,Gastrodon,0.0371691,81427.0,0.051731082485623,1574044,3.7169099999999995
2022-10,Gengar,0.0033734,124930.0,0.0793688105288035,1574044,0.33734
2022-10,Gigalith,0.0005433,8378.0,0.0053225958105364,1574044,0.05433
2022-10,Glaceon,0.0001556,5277.0,0.0033525111115064,1574044,0.01556
2022-10,Glastrier,0.0008682,8267.0,0.0052520768161499,1574044,0.08682
2022-10,Golisopod,0.0001087,16708.0,0.0106146969207976,1574044,0.01087
2022-10,Golurk,0.000222,13447.0,0.0085429632208502,1574044,0.0222
2022-10,Goodra,0.0005861,31384.0,0.0199384515299445,1574044,0.058609999999999995
2022-10,Grapploct,0.0001288,2554.0,0.0016225721771437,1574044,0.012879999999999999
2022-10,Grimmsnarl,0.0010005,58912.0,0.0374271621377801,1574044,0.10005000000000001
2022-10,Guzzlord,0.0001543,3246.0,0.0020622041061113,1574044,0.015430000000000001
2022-10,Gyarados,0.0009699,56802.0,0.0360866659381821,1574044,0.09698999999999999
2022-10,Hatterene,0.0164338,94401.0,0.0599735458475112,1574044,1.6433799999999998
2022-10,Hawlucha,0.0360462,116237.0,0.0738460932477109,1574044,3.60462
2022-10,Haxorus,0.0002563,23744.0,0.0150847117361395,1574044,0.02563
2022-10,Heatran,0.2860831,550898.0,0.3499889456711502,1574044,28.60831
2022-10,Heliolisk,0.0097194,22701.0,0.0144220873114093,1574044,0.9719399999999999
2022-10,Heracross,0.0010003,19059.0,0.0121083019280274,1574044,0.10003
2022-10,Hippowdon,0.0348461,97531.0,0.0619620544279575,1574044,3.48461
2022-10,Hitmontop,0.0005617,9283.0,0.0058975479719753,1574044,0.056170000000000005
2022-10,Hydreigon,0.0802925,91680.0,0.05824487752566,1574044,8.029250000000001
2022-10,Incineroar,0.0009264,42281.0,0.0268613837986739,1574044,0.09264
2022-10,Indeedee-F,0.0001607,3515.0,0.0022331014889037,1574044,0.01607
2022-10,Inteleon,0.0026651,19976.0,0.0126908777645351,1574044,0.26651
2022-10,Jellicent,0.0002387,13786.0,0.0087583320415439,1574044,0.02387
2022-10,Jirachi,0.0073647,48909.0,0.0310721936616765,1574044,0.73647
2022-10,Jolteon,0.000144,17496.0,0.0111153182503157,1574044,0.0144
2022-10,Kabutops,0.0005302,4947.0,0.0031428600471143,1574044,0.05302
2022-10,Kangaskhan,0.0001589,2596.0,0.0016492550398845,1574044,0.01589
2022-10,Kartana,0.233328,495097.0,0.3145382212949574,1574044,23.332800000000002
2022-10,Keldeo,0.004808,33160.0,0.0210667554401274,1574044,0.4808
2022-10,Kingdra,0.0020086,36402.0,0.0231264183212159,1574044,0.20086
2022-10,Kingler,0.0001147,4046.0,0.0025704491106983,1574044,0.01147
2022-10,Klefki,0.0013186,26208.0,0.0166501063502672,1574044,0.13186
2022-10,Kommo-o,0.0241465,72617.0,0.0461340343726096,1574044,2.41465
2022-10,Krookodile,0.0009866,37212.0,0.0236410163883601,1574044,0.09866
2022-10,Landorus-Therian,0.5263806,1076569.0,0.683951020428908,1574044,52.638059999999996
2022-10,Lanturn,0.0009682,13668.0,0.0086833659033673,1574044,0.09682
2022-10,Lapras,0.0008821,11016.0,0.0069985337131617,1574044,0.08821
2022-10,Latias,0.0036153,31436.0,0.0199714874552426,1574044,0.36153
2022-10,Latios,0.0182281,63034.0,0.0400458945239141,1574044,1.82281
2022-10,Linoone,0.0001512,7852.0,0.0049884247200205,1574044,0.015119999999999998
2022-10,Lucario,0.0002616,37490.0,0.0238176315274541,1574044,0.026160000000000003
2022-10,Ludicolo,0.0002324,11543.0,0.0073333401099333,1574044,0.02324
2022-10,Lurantis,0.0001811,6760.0,0.0042946702887594,1574044,0.01811
2022-10,Lycanroc-Dusk,0.0012532,35918.0,0.0228189300934408,1574044,0.12532000000000001
2022-10,Magnezone,0.0411809,166058.0,0.1054976862146166,1574044,4.11809
2022-10,Mamoswine,0.0141563,68772.0,0.0436912818193138,1574044,1.41563
2022-10,Mandibuzz,0.0453762,71586.0,0.0454790336229482,1574044,4.5376199999999995
2022-10,Mantine,0.0004174,7756.0,0.0049274353194701,1574044,0.04174
2022-10,Marowak-Alola,0.0191836,48122.0,0.0305722076384141,1574044,1.9183599999999998
2022-10,Melmetal,0.1645982,453081.0,0.2878451936540528,1574044,16.45982
2022-10,Metagross,0.0009879,39918.0,0.0253601551163754,1574044,0.09879000000000002
2022-10,Mew,0.036677,228336.0,0.1450632892091961,1574044,3.6677
2022-10,Mienshao,0.0006509,26670.0,0.0169436178404161,1574044,0.06509000000000001
2022-10,Milotic,0.0002534,40945.0,0.0260126146410138,1574044,0.025339999999999998
2022-10,Mimikyu,0.0007352,46507.0,0.0295461880354043,1574044,0.07352
2022-10,Moltres,0.0029891,26535.0,0.0168578514958921,1574044,0.29891
2022-10,Moltres-Galar,0.0319127,73534.0,0.0467166102091174,1574044,3.1912700000000003
2022-10,Mr. Rime,0.0001327,4327.0,0.0027489701685594,1574044,0.01327
2022-10,Mudsdale,0.0002948,6071.0,0.0038569442785589,1574044,0.02948
2022-10,Necrozma,0.0158619,16785.0,0.0106636155024891,1574044,1.5861900000000002
2022-10,Nidoking,0.0290341,127268.0,0.0808541565547087,1574044,2.90341
2022-10,Nidoqueen,0.0009516,8163.0,0.0051860049655536,1574044,0.09516000000000001
2022-10,Nihilego,0.0495351,56364.0,0.0358084017981708,1574044,4.95351
2022-10,Ninetales,0.0001743,18008.0,0.0114405950532513,1574044,0.01743
2022-10,Ninetales-Alola,0.0312631,187839.0,0.119335291770751,1574044,3.12631
2022-10,Ninjask,0.0004355,6324.0,0.0040176767612595,1574044,0.04355
2022-10,Noivern,0.000217,11867.0,0.007539179336791,1574044,0.0217
2022-10,Obstagoon,0.0027525,25795.0,0.0163877248666492,1574044,0.27525
2022-10,Omastar,0.0021205,9700.0,0.0061624706806162,1574044,0.21205
2022-10,Pangoro,0.0002158,6569.0,0.0041733267939142,1574044,0.02158
2022-10,Pelipper,0.0449461,272191.0,0.1729246450543949,1574044,4.494610000000001
2022-10,Perrserker,0.0001547,1806.0,0.0011473630978549,1574044,0.01547
2022-10,Politoed,0.0006547,16991.0,0.0107944885911702,1574044,0.06547
2022-10,Polteageist,0.0152526,37792.0,0.0240094940166856,1574044,1.52526
2022-10,Porygon-Z,0.0018825,31403.0,0.0199505223488034,1574044,0.18825
2022-10,Porygon2,0.0072007,58296.0,0.0370358134842482,1574044,0.72007
2022-10,Primarina,0.0044313,25636.0,0.0162867111719875,1574044,0.44313
2022-10,Pyukumuku,0.0034233,12866.0,0.008173850286269,1574044,0.34233
2022-10,Quagsire,0.0221143,40246.0,0.025568535568256,1574044,2.21143
2022-10,Raichu-Alola,0.0013402,12153.0,0.0077208769259309,1574044,0.13402
2022-10,Raikou,0.0089178,8929.0,0.0056726495574456,1574044,0.89178
2022-10,Regidrago,0.0020429,11853.0,0.0075302850492108,1574044,0.20428999999999997
2022-10,Regieleki,0.0293478,199521.0,0.1267569394502313,1574044,2.93478
2022-10,Registeel,0.0022131,10230.0,0.0064991829961551,1574044,0.22131
2022-10,Reuniclus,0.0042119,29777.0,0.0189175143769805,1574044,0.42119
2022-10,Rhyperior,0.0008087,17104.0,0.0108662781980681,1574044,0.08087
2022-10,Ribombee,0.0007798,27885.0,0.0177155149411325,1574044,0.07798
2022-10,Rillaboom,0.1342849,424221.0,0.26951025511358,1574044,13.428490000000002
2022-10,Roserade,0.0002276,18535.0,0.0117754014500229,1574044,0.02276
2022-10,Rotom-Heat,0.0035343,45903.0,0.0291624630569412,1574044,0.35343
2022-10,Rotom-Wash,0.064365,186995.0,0.1187990932909118,1574044,6.4365000000000006
2022-10,Runerigus,0.0015358,8662.0,0.0055030227871647,1574044,0.15358
2022-10,Sableye,0.0017146,15941.0,0.0101274170226499,1574044,0.17146
2022-10,Salamence,0.00345,49536.0,0.0314705306840215,1574044,0.345
2022-10,Salazzle,0.0010162,29042.0,0.0184505642790163,1574044,0.10162000000000002
2022-10,Sandslash,0.0003636,3913.0,0.0024859533786857,1574044,0.03636
2022-10,Sceptile,0.0001821,17446.0,0.011083552937529,1574044,0.01821
2022-10,Scizor,0.0168729,119693.0,0.0760417116675264,1574044,1.68729
2022-10,Scolipede,0.0023045,20570.0,0.0130682496804409,1574044,0.23045000000000002
2022-10,Scyther,0.0003085,5997.0,0.0038099316156346,1574044,0.030850000000000002
2022-10,Seismitoad,0.0165982,114864.0,0.0729738177585887,1574044,1.65982
2022-10,Sharpedo,0.0001236,13573.0,0.0086230118090726,1574044,0.01236
2022-10,Shedinja,0.0087616,28895.0,0.0183571742594234,1574044,0.8761599999999999
2022-10,Shiftry,0.0009841,5580.0,0.0035450089069937,1574044,0.09841
2022-10,Shuckle,0.0006387,44464.0,0.0282482573549405,1574044,0.06387
2022-10,Silvally-Fairy,0.0014747,1645.0,0.0010450787906818,1574044,0.14747
2022-10,Skarmory,0.1126055,81524.0,0.0517927071924291,1574044,11.26055
2022-10,Slowbro,0.0699756,246719.0,0.1567421241083476,1574044,6.99756
2022-10,Slowbro-Galar,0.0004754,25134.0,0.0159677874316092,1574044,0.04754
2022-10,Slowking,0.0300622,60879.0,0.0386768095428082,1574044,3.00622
2022-10,Slowking-Galar,0.0860246,206516.0,0.1312009067090881,1574044,8.60246
2022-10,Slurpuff,0.0002977,31631.0,0.0200953721751107,1574044,0.02977
2022-10,Snorlax,0.0024336,40839.0,0.025945272177906,1574044,0.24336000000000002
2022-10,Spiritomb,0.0001243,12470.0,0.0079222690089984,1574044,0.012430000000000002
2022-10,Stakataka,0.005132,19308.0,0.0122664931857051,1574044,0.5132
2022-10,Starmie,0.0002862,23695.0,0.0150535817296085,1574044,0.028620000000000003
2022-10,Steelix,0.0006998,10666.0,0.0067761765236549,1574044,0.06998
2022-10,Suicune,0.0210233,22177.0,0.0140891868334049,1574044,2.1023300000000003
2022-10,Swampert,0.0105667,98558.0,0.0626145139525959,1574044,1.05667
2022-10,Swoobat,0.0002139,5455.0,0.003465595625027,1574044,0.02139
2022-10,Sylveon,0.0005553,22057.0,0.0140129500827168,1574044,0.05553
2022-10,Tangrowth,0.0274951,69428.0,0.044108042723075,1574044,2.7495100000000003
2022-10,Tapu Bulu,0.0052751,33368.0,0.02119889914132,1574044,0.5275099999999999
2022-10,Tapu Fini,0.0896916,270515.0,0.1718598717697853,1574044,8.96916
2022-10,Tapu Koko,0.091406,275651.0,0.1751228046992333,1574044,9.140600000000001
2022-10,Tapu Lele,0.2695817,382778.0,0.2431812579572108,1574044,26.95817
2022-10,Tentacruel,0.000106,20678.0,0.0131368627560601,1574044,0.0106
2022-10,Terrakion,0.0014243,27951.0,0.0177574451540109,1574044,0.14243
2022-10,Thundurus,0.0002968,21154.0,0.0134392685337893,1574044,0.02968
2022-10,Thundurus-Therian,0.0084657,39468.0,0.0250742673012952,1574044,0.8465699999999999
2022-10,Togekiss,0.002624,69137.0,0.0439231686026566,1574044,0.2624
2022-10,Torkoal,0.0075827,87623.0,0.0556674400461486,1574044,0.75827
2022-10,Tornadus-Therian,0.102742,304708.0,0.1935828985720856,1574044,10.2742
2022-10,Toxapex,0.117089,371712.0,0.2361509589312624,1574044,11.7089
2022-10,Toxtricity,0.0016598,23765.0,0.0150980531675099,1574044,0.16598
2022-10,Tyranitar,0.0821583,313463.0,0.1991450048410336,1574044,8.21583
2022-10,Tyrantrum,0.0003189,10163.0,0.0064566174770209,1574044,0.03189
2022-10,Umbreon,0.0095776,69487.0,0.0441455257921633,1574044,0.9577600000000001
2022-10,Urshifu-Rapid-Strike,0.2225931,436304.0,0.2771866606016096,1574044,22.25931
2022-10,Vanilluxe,0.0021106,7940.0,0.005044331670525,1574044,0.21105999999999997
2022-10,Vaporeon,0.0004727,18409.0,0.0116953528618005,1574044,0.04727
2022-10,Venusaur,0.0056647,78597.0,0.0499331657818968,1574044,0.56647
2022-10,Victini,0.0379098,160719.0,0.1021057861152547,1574044,3.7909800000000002
2022-10,Vikavolt,0.0002243,11763.0,0.0074731074861947,1574044,0.022430000000000002
2022-10,Volcanion,0.0632536,178076.0,0.1131327967960234,1574044,6.325359999999999
2022-10,Volcarona,0.0804642,268831.0,0.1707900160351299,1574044,8.04642
2022-10,Weavile,0.2101195,462004.0,0.2935140313739641,1574044,21.01195
2022-10,Weezing,0.0004936,6913.0,0.0043918721458866,1574044,0.049359999999999994
2022-10,Weezing-Galar,0.0023778,21683.0,0.0137753455430724,1574044,0.23778
2022-10,Whimsicott,0.0013499,22585.0,0.0143483917857442,1574044,0.13499
2022-10,Wigglytuff,0.0003341,3399.0,0.0021594059632386,1574044,0.03341
2022-10,Xatu,0.0130446,15763.0,0.0100143325091293,1574044,1.30446
2022-10,Xurkitree,0.0008786,18243.0,0.0115898920233487,1574044,0.08786
2022-10,Zapdos,0.1707133,458069.0,0.2910141012576522,1574044,17.07133
2022-10,Zapdos-Galar,0.0354738,108035.0,0.0686353113381836,1574044,3.54738
2022-10,Zarude,0.0023853,14733.0,0.0093599670657237,1574044,0.23853
2022-10,Zeraora,0.0664935,205658.0,0.1306558139416687,1574044,6.64935
2022-10,Zoroark,0.0002833,28684.0,0.0182231246394637,1574044,0.02833
2022-10,Zygarde-10%,0.0003858,14450.0,0.009180175395351,1574044,0.03858
2022-10,aromatisse,0.0,0.0,0.0,1574044,0.0
2022-10,dialga,0.0,0.0,0.0,1574044,0.0
2022-10,dracovish,0.0,0.0,0.0,1574044,0.0
2022-10,eternatus,0.0,0.0,0.0,1574044,0.0
2022-10,garbodor,0.0,0.0,0.0,1574044,0.0
2022-10,genesect,0.0,0.0,0.0,1574044,0.0
2022-10,giratina,0.0,0.0,0.0,1574044,0.0
2022-10,glalie,0.0,0.0,0.0,1574044,0.0
2022-10,gourgeist,0.0,0.0,0.0,1574044,0.0
2022-10,groudon,0.0,0.0,0.0,1574044,0.0
2022-10,heatmor,0.0,0.0,0.0,1574044,0.0
2022-10,ho-oh,0.0,0.0,0.0,1574044,0.0
2022-10,kyogre,0.0,0.0,0.0,1574044,0.0
2022-10,landorus,0.0,0.0,0.0,1574044,0.0
2022-10,lugia,0.0,0.0,0.0,1574044,0.0
2022-10,lunala,0.0,0.0,0.0,1574044,0.0
2022-10,lunatone,0.0,0.0,0.0,1574044,0.0
2022-10,marshadow,0.0,0.0,0.0,1574044,0.0
2022-10,mewtwo,0.0,0.0,0.0,1574044,0.0
2022-10,mr-rime,0.0,0.0,0.0,1574044,0.0
2022-10,musharna,0.0,0.0,0.0,1574044,0.0
2022-10,naganadel,0.0,0.0,0.0,1574044,0.0
2022-10,oranguru,0.0,0.0,0.0,1574044,0.0
2022-10,palkia,0.0,0.0,0.0,1574044,0.0
2022-10,passimian,0.0,0.0,0.0,1574044,0.0
2022-10,pheromosa,0.0,0.0,0.0,1574044,0.0
2022-10,pinsir,0.0,0.0,0.0,1574044,0.0
2022-10,raichu,0.0,0.0,0.0,1574044,0.0
2022-10,rayquaza,0.0,0.0,0.0,1574044,0.0
2022-10,reshiram,0.0,0.0,0.0,1574044,0.0
2022-10,rotom,0.0,0.0,0.0,1574044,0.0
2022-10,seaking,0.0,0.0,0.0,1574044,0.0
2022-10,sirfetchd,0.0,0.0,0.0,1574044,0.0
2022-10,skuntank,0.0,0.0,0.0,1574044,0.0
2022-10,solgaleo,0.0,0.0,0.0,1574044,0.0
2022-10,solrock,0.0,0.0,0.0,1574044,0.0
2022-10,sudowoodo,0.0,0.0,0.0,1574044,0.0
2022-10,throh,0.0,0.0,0.0,1574044,0.0
2022-10,whiscash,0.0,0.0,0.0,1574044,0.0
2022-10,wobbuffet,0.0,0.0,0.0,1574044,0.0
2022-10,xerneas,0.0,0.0,0.0,1574044,0.0
2022-10,yveltal,0.0,0.0,0.0,1574044,0.0
2022-10,zacian,0.0,0.0,0.0,1574044,0.0
2022-10,zamazenta,0.0,0.0,0.0,1574044,0.0
2022-10,zekrom,0.0,0.0,0.0,1574044,0.0
2022-10,zygarde,0.0,0.0,0.0,1574044,0.0
